{"type": "FeatureCollection", "features": [{"type": "Feature", "geometry": {"type": "Point", "coordinates": [121.0329481, 14.6740091]}, "properties": {"city": "Quezon City", "category": "outdoor", "osm_type": "node", "osm_id": 1113105183, "name": null}}, {"type": "Feature", "geometry": {"type": "Point", "coordinates": [121.0965062, 14.713112]}, "properties": {"city": "Quezon City", "category": "outdoor", "osm_type": "node", "osm_id": 2607305775, "name": null}}, {"type": "Feature", "geometry": {"type": "Point", "coordinates": [121.057484, 14.7215799]}, "properties": {"city": "Quezon City", "category": "outdoor", "osm_type": "node", "osm_id": 4821778725, "name": "Casa Milan Basketball Court"}}, {"type": "Feature", "geometry": {"type": "Point", "coordinates": [121.0450484, 14.666172]}, "properties": {"city": "Quezon City", "category": "outdoor", "osm_type": "node", "osm_id": 5467579421, "name": null}}, {"type": "Feature", "geometry": {"type": "Point", "coordinates": [121.0426803, 14.6215359]}, "properties": {"city": "Quezon City", "category": "outdoor", "osm_type": "node", "osm_id": 5893744807, "name": null}}, {"type": "Feature", "geometry": {"type": "Point", "coordinates": [121.0816106, 14.6840618]}, "properties": {"city": "Quezon City", "category": "outdoor", "osm_type": "node", "osm_id": 7001382555, "name": "Don Enrique Heights Covered Basket Ball Court"}}, {"type": "Feature", "geometry": {"type": "Point", "coordinates": [121.0528397, 14.7039718]}, "properties": {"city": "Quezon City", "category": "outdoor", "osm_type": "node", "osm_id": 7864758717, "name": null}}, {"type": "Feature", "geometry": {"type": "Point", "coordinates": [121.0339402, 14.6261208]}, "properties": {"city": "Quezon City", "category": "outdoor", "osm_type": "node", "osm_id": 8370321689, "name": null}}, {"type": "Feature", "geometry": {"type": "Point", "coordinates": [121.0481559, 14.702578]}, "properties": {"city": "Quezon City", "category": "outdoor", "osm_type": "node", "osm_id": 10074432333, "name": "Villa Hermano 4 Basketball Court"}}, {"type": "Feature", "geometry": {"type": "Point", "coordinates": [121.0909532, 14.7107184]}, "properties": {"city": "Quezon City", "category": "outdoor", "osm_type": "node", "osm_id": 10125334944, "name": null}}, {"type": "Feature", "geometry": {"type": "Point", "coordinates": [121.072623, 14.6278541]}, "properties": {"city": "Quezon City", "category": "covered", "osm_type": "node", "osm_id": 10164182722, "name": null}}, {"type": "Feature", "geometry": {"type": "Point", "coordinates": [121.0628775, 14.6368436]}, "properties": {"city": "Quezon City", "category": "covered", "osm_type": "node", "osm_id": 10168315477, "name": null}}, {"type": "Feature", "geometry": {"type": "Point", "coordinates": [121.0555675, 14.6984975]}, "properties": {"city": "Quezon City", "category": "outdoor", "osm_type": "node", "osm_id": 11768998674, "name": "Redarrow Basketball Court"}}, {"type": "Feature", "geometry": {"type": "Point", "coordinates": [121.1099694, 14.7094054]}, "properties": {"city": "Quezon City", "category": "outdoor", "osm_type": "node", "osm_id": 11817574722, "name": "Spring Heights 2 Basketball Court"}}, {"type": "Feature", "geometry": {"type": "Point", "coordinates": [121.0292302, 14.7177708]}, "properties": {"city": "Quezon City", "category": "outdoor", "osm_type": "node", "osm_id": 12062823691, "name": null}}, {"type": "Feature", "geometry": {"type": "Point", "coordinates": [121.0301566, 14.7166884]}, "properties": {"city": "Quezon City", "category": "outdoor", "osm_type": "node", "osm_id": 12062823697, "name": null}}, {"type": "Feature", "geometry": {"type": "Point", "coordinates": [121.0476878, 14.635437]}, "properties": {"city": "Quezon City", "category": "outdoor", "osm_type": "node", "osm_id": 12071122823, "name": null}}, {"type": "Feature", "geometry": {"type": "Point", "coordinates": [121.0160934, 14.6179225]}, "properties": {"city": "Quezon City", "category": "outdoor", "osm_type": "node", "osm_id": 12081894456, "name": null}}, {"type": "Feature", "geometry": {"type": "Point", "coordinates": [121.0614615, 14.6469701]}, "properties": {"city": "Quezon City", "category": "outdoor", "osm_type": "node", "osm_id": 12084738141, "name": "Krus na Ligas Basketball Court"}}, {"type": "Feature", "geometry": {"type": "Point", "coordinates": [121.0235676, 14.6560232]}, "properties": {"city": "Quezon City", "category": "covered", "osm_type": "node", "osm_id": 12948093269, "name": "Chut's Badminton Center"}}, {"type": "Feature", "geometry": {"type": "Point", "coordinates": [121.0430687, 14.6239523]}, "properties": {"city": "Quezon City", "category": "covered", "osm_type": "node", "osm_id": 13760307011, "name": "S.P.A.R."}}, {"type": "Feature", "geometry": {"type": "Point", "coordinates": [121.0755549, 14.6352379]}, "properties": {"city": "Quezon City", "category": "covered", "osm_type": "way", "osm_id": 24911828, "name": "Blue Eagle Gym"}}, {"type": "Feature", "geometry": {"type": "Point", "coordinates": [121.0436031, 14.73891]}, "properties": {"city": "Quezon City", "category": "outdoor", "osm_type": "way", "osm_id": 44668375, "name": null}}, {"type": "Feature", "geometry": {"type": "Point", "coordinates": [121.0692189, 14.6254519]}, "properties": {"city": "Quezon City", "category": "covered", "osm_type": "way", "osm_id": 46613965, "name": "Marilag Gym"}}, {"type": "Feature", "geometry": {"type": "Point", "coordinates": [121.0651702, 14.62439]}, "properties": {"city": "Quezon City", "category": "covered", "osm_type": "way", "osm_id": 46639609, "name": null}}, {"type": "Feature", "geometry": {"type": "Point", "coordinates": [121.0628155, 14.6592861]}, "properties": {"city": "Quezon City", "category": "covered", "osm_type": "way", "osm_id": 48348599, "name": "UP Gymnasium (CHK Building)"}}, {"type": "Feature", "geometry": {"type": "Point", "coordinates": [121.0798172, 14.6915963]}, "properties": {"city": "Quezon City", "category": "covered", "osm_type": "way", "osm_id": 80129878, "name": null}}, {"type": "Feature", "geometry": {"type": "Point", "coordinates": [121.0469214, 14.6865331]}, "properties": {"city": "Quezon City", "category": "covered", "osm_type": "way", "osm_id": 95789066, "name": "NPC Village Covered Court"}}, {"type": "Feature", "geometry": {"type": "Point", "coordinates": [121.0821784, 14.6899131]}, "properties": {"city": "Quezon City", "category": "outdoor", "osm_type": "way", "osm_id": 96706942, "name": "Gilarmi Covered Court"}}, {"type": "Feature", "geometry": {"type": "Point", "coordinates": [121.0398234, 14.6515616]}, "properties": {"city": "Quezon City", "category": "outdoor", "osm_type": "way", "osm_id": 96950274, "name": null}}, {"type": "Feature", "geometry": {"type": "Point", "coordinates": [121.0794576, 14.6957284]}, "properties": {"city": "Quezon City", "category": "covered", "osm_type": "way", "osm_id": 97233807, "name": null}}, {"type": "Feature", "geometry": {"type": "Point", "coordinates": [121.0372561, 14.630101]}, "properties": {"city": "Quezon City", "category": "outdoor", "osm_type": "way", "osm_id": 97810873, "name": null}}, {"type": "Feature", "geometry": {"type": "Point", "coordinates": [121.0563176, 14.6682302]}, "properties": {"city": "Quezon City", "category": "covered", "osm_type": "way", "osm_id": 98978688, "name": null}}, {"type": "Feature", "geometry": {"type": "Point", "coordinates": [121.0247289, 14.6289023]}, "properties": {"city": "Quezon City", "category": "covered", "osm_type": "way", "osm_id": 99454243, "name": null}}, {"type": "Feature", "geometry": {"type": "Point", "coordinates": [121.0313269, 14.6286374]}, "properties": {"city": "Quezon City", "category": "covered", "osm_type": "way", "osm_id": 99454256, "name": null}}, {"type": "Feature", "geometry": {"type": "Point", "coordinates": [121.0311081, 14.6791462]}, "properties": {"city": "Quezon City", "category": "outdoor", "osm_type": "way", "osm_id": 100557104, "name": null}}, {"type": "Feature", "geometry": {"type": "Point", "coordinates": [121.069005, 14.6283451]}, "properties": {"city": "Quezon City", "category": "outdoor", "osm_type": "way", "osm_id": 100588888, "name": null}}, {"type": "Feature", "geometry": {"type": "Point", "coordinates": [120.9997465, 14.6224592]}, "properties": {"city": "Quezon City", "category": "covered", "osm_type": "way", "osm_id": 100951149, "name": "Santa Teresita Barangay Sports Centre"}}, {"type": "Feature", "geometry": {"type": "Point", "coordinates": [121.0237336, 14.6819619]}, "properties": {"city": "Quezon City", "category": "outdoor", "osm_type": "way", "osm_id": 102249782, "name": "Magnolia Place Basketball Court"}}, {"type": "Feature", "geometry": {"type": "Point", "coordinates": [121.0610701, 14.737552]}, "properties": {"city": "Quezon City", "category": "outdoor", "osm_type": "way", "osm_id": 102647070, "name": null}}, {"type": "Feature", "geometry": {"type": "Point", "coordinates": [121.0207038, 14.6264181]}, "properties": {"city": "Quezon City", "category": "outdoor", "osm_type": "way", "osm_id": 108536661, "name": "GYC Court"}}, {"type": "Feature", "geometry": {"type": "Point", "coordinates": [121.0454871, 14.6293739]}, "properties": {"city": "Quezon City", "category": "outdoor", "osm_type": "way", "osm_id": 116518175, "name": "Bernardo Basketball Court"}}, {"type": "Feature", "geometry": {"type": "Point", "coordinates": [121.0494232, 14.7134215]}, "properties": {"city": "Quezon City", "category": "covered", "osm_type": "way", "osm_id": 116608962, "name": "Palmera Homes Covered Court"}}, {"type": "Feature", "geometry": {"type": "Point", "coordinates": [121.0504946, 14.6384945]}, "properties": {"city": "Quezon City", "category": "covered", "osm_type": "way", "osm_id": 116954540, "name": null}}, {"type": "Feature", "geometry": {"type": "Point", "coordinates": [121.0670516, 14.5983754]}, "properties": {"city": "Quezon City", "category": "outdoor", "osm_type": "way", "osm_id": 116967746, "name": null}}, {"type": "Feature", "geometry": {"type": "Point", "coordinates": [121.0666857, 14.5972786]}, "properties": {"city": "Quezon City", "category": "outdoor", "osm_type": "way", "osm_id": 116969144, "name": null}}, {"type": "Feature", "geometry": {"type": "Point", "coordinates": [121.0682974, 14.5942802]}, "properties": {"city": "Quezon City", "category": "outdoor", "osm_type": "way", "osm_id": 117037257, "name": null}}, {"type": "Feature", "geometry": {"type": "Point", "coordinates": [121.0693693, 14.6590668]}, "properties": {"city": "Quezon City", "category": "outdoor", "osm_type": "way", "osm_id": 117040963, "name": null}}, {"type": "Feature", "geometry": {"type": "Point", "coordinates": [121.0633285, 14.6328101]}, "properties": {"city": "Quezon City", "category": "covered", "osm_type": "way", "osm_id": 117045660, "name": "Quirino 2-B Covered Court"}}, {"type": "Feature", "geometry": {"type": "Point", "coordinates": [121.0732058, 14.6133132]}, "properties": {"city": "Quezon City", "category": "outdoor", "osm_type": "way", "osm_id": 117071067, "name": null}}, {"type": "Feature", "geometry": {"type": "Point", "coordinates": [121.0656378, 14.6519734]}, "properties": {"city": "Quezon City", "category": "outdoor", "osm_type": "way", "osm_id": 117164672, "name": null}}, {"type": "Feature", "geometry": {"type": "Point", "coordinates": [121.0112883, 14.673645]}, "properties": {"city": "Quezon City", "category": "covered", "osm_type": "way", "osm_id": 117325719, "name": null}}, {"type": "Feature", "geometry": {"type": "Point", "coordinates": [121.0130439, 14.6771942]}, "properties": {"city": "Quezon City", "category": "covered", "osm_type": "way", "osm_id": 117325740, "name": null}}, {"type": "Feature", "geometry": {"type": "Point", "coordinates": [121.05189, 14.7107589]}, "properties": {"city": "Quezon City", "category": "covered", "osm_type": "way", "osm_id": 120905879, "name": "Covered Court"}}, {"type": "Feature", "geometry": {"type": "Point", "coordinates": [121.0862657, 14.6813737]}, "properties": {"city": "Quezon City", "category": "outdoor", "osm_type": "way", "osm_id": 129765603, "name": "NCE I Basketball Court"}}, {"type": "Feature", "geometry": {"type": "Point", "coordinates": [121.0115809, 14.6733498]}, "properties": {"city": "Quezon City", "category": "outdoor", "osm_type": "way", "osm_id": 129814606, "name": null}}, {"type": "Feature", "geometry": {"type": "Point", "coordinates": [121.0380641, 14.6810266]}, "properties": {"city": "Quezon City", "category": "covered", "osm_type": "way", "osm_id": 129814607, "name": null}}, {"type": "Feature", "geometry": {"type": "Point", "coordinates": [121.0496122, 14.7117486]}, "properties": {"city": "Quezon City", "category": "outdoor", "osm_type": "way", "osm_id": 129818930, "name": "Covered Court"}}, {"type": "Feature", "geometry": {"type": "Point", "coordinates": [121.0552899, 14.7295356]}, "properties": {"city": "Quezon City", "category": "outdoor", "osm_type": "way", "osm_id": 129819407, "name": null}}, {"type": "Feature", "geometry": {"type": "Point", "coordinates": [121.0553927, 14.7260207]}, "properties": {"city": "Quezon City", "category": "outdoor", "osm_type": "way", "osm_id": 132890239, "name": "Brittany Neopolitan Basketball Court"}}, {"type": "Feature", "geometry": {"type": "Point", "coordinates": [121.0547969, 14.7261559]}, "properties": {"city": "Quezon City", "category": "covered", "osm_type": "way", "osm_id": 132890250, "name": "Brittany Neopolitan Badminton Clubhouse"}}, {"type": "Feature", "geometry": {"type": "Point", "coordinates": [121.0533467, 14.6764061]}, "properties": {"city": "Quezon City", "category": "covered", "osm_type": "way", "osm_id": 133248143, "name": "Centerville Covered Court"}}, {"type": "Feature", "geometry": {"type": "Point", "coordinates": [121.0470195, 14.6362766]}, "properties": {"city": "Quezon City", "category": "outdoor", "osm_type": "way", "osm_id": 133339746, "name": null}}, {"type": "Feature", "geometry": {"type": "Point", "coordinates": [121.0738634, 14.6412276]}, "properties": {"city": "Quezon City", "category": "covered", "osm_type": "way", "osm_id": 138252956, "name": "Loyola Heights Gym"}}, {"type": "Feature", "geometry": {"type": "Point", "coordinates": [121.0461399, 14.6284147]}, "properties": {"city": "Quezon City", "category": "covered", "osm_type": "way", "osm_id": 140209732, "name": null}}, {"type": "Feature", "geometry": {"type": "Point", "coordinates": [121.0547311, 14.6795088]}, "properties": {"city": "Quezon City", "category": "covered", "osm_type": "way", "osm_id": 146447664, "name": "Servants of Charity Covered Court"}}, {"type": "Feature", "geometry": {"type": "Point", "coordinates": [121.0694616, 14.6570331]}, "properties": {"city": "Quezon City", "category": "covered", "osm_type": "way", "osm_id": 149993782, "name": "Cristy Hernandez Activity Center"}}, {"type": "Feature", "geometry": {"type": "Point", "coordinates": [121.0568292, 14.7379354]}, "properties": {"city": "Quezon City", "category": "outdoor", "osm_type": "way", "osm_id": 156577595, "name": null}}, {"type": "Feature", "geometry": {"type": "Point", "coordinates": [121.0195065, 14.628775]}, "properties": {"city": "Quezon City", "category": "covered", "osm_type": "way", "osm_id": 159636315, "name": "Barangay Roxas Multipurpose Gymnasium"}}, {"type": "Feature", "geometry": {"type": "Point", "coordinates": [121.0935183, 14.6841998]}, "properties": {"city": "Quezon City", "category": "covered", "osm_type": "way", "osm_id": 165699903, "name": null}}, {"type": "Feature", "geometry": {"type": "Point", "coordinates": [121.0805802, 14.6933194]}, "properties": {"city": "Quezon City", "category": "outdoor", "osm_type": "way", "osm_id": 165699904, "name": null}}, {"type": "Feature", "geometry": {"type": "Point", "coordinates": [121.0894577, 14.6727385]}, "properties": {"city": "Quezon City", "category": "outdoor", "osm_type": "way", "osm_id": 165710048, "name": null}}, {"type": "Feature", "geometry": {"type": "Point", "coordinates": [121.0337293, 14.6470605]}, "properties": {"city": "Quezon City", "category": "outdoor", "osm_type": "way", "osm_id": 174870342, "name": null}}, {"type": "Feature", "geometry": {"type": "Point", "coordinates": [121.0637983, 14.6845973]}, "properties": {"city": "Quezon City", "category": "outdoor", "osm_type": "way", "osm_id": 175010540, "name": null}}, {"type": "Feature", "geometry": {"type": "Point", "coordinates": [121.0620756, 14.684894]}, "properties": {"city": "Quezon City", "category": "outdoor", "osm_type": "way", "osm_id": 175010541, "name": null}}, {"type": "Feature", "geometry": {"type": "Point", "coordinates": [121.0375724, 14.68759]}, "properties": {"city": "Quezon City", "category": "covered", "osm_type": "way", "osm_id": 179074354, "name": null}}, {"type": "Feature", "geometry": {"type": "Point", "coordinates": [121.0722426, 14.649164]}, "properties": {"city": "Quezon City", "category": "outdoor", "osm_type": "way", "osm_id": 179942589, "name": "College of Science Basketball Court"}}, {"type": "Feature", "geometry": {"type": "Point", "coordinates": [121.0526962, 14.7128828]}, "properties": {"city": "Quezon City", "category": "covered", "osm_type": "way", "osm_id": 186919975, "name": null}}, {"type": "Feature", "geometry": {"type": "Point", "coordinates": [121.0755592, 14.6305482]}, "properties": {"city": "Quezon City", "category": "outdoor", "osm_type": "way", "osm_id": 197152380, "name": null}}, {"type": "Feature", "geometry": {"type": "Point", "coordinates": [121.0960295, 14.670505]}, "properties": {"city": "Quezon City", "category": "outdoor", "osm_type": "way", "osm_id": 201875154, "name": "Capitol Homes Covered Courts"}}, {"type": "Feature", "geometry": {"type": "Point", "coordinates": [121.0607662, 14.6460409]}, "properties": {"city": "Quezon City", "category": "covered", "osm_type": "way", "osm_id": 211419408, "name": "Teacher's Village East Covered Court"}}, {"type": "Feature", "geometry": {"type": "Point", "coordinates": [121.0489664, 14.6934167]}, "properties": {"city": "Quezon City", "category": "covered", "osm_type": "way", "osm_id": 233334692, "name": "Area 5 Covered Court"}}, {"type": "Feature", "geometry": {"type": "Point", "coordinates": [121.0467523, 14.6935853]}, "properties": {"city": "Quezon City", "category": "outdoor", "osm_type": "way", "osm_id": 233460209, "name": null}}, {"type": "Feature", "geometry": {"type": "Point", "coordinates": [121.1074282, 14.6983344]}, "properties": {"city": "Quezon City", "category": "covered", "osm_type": "way", "osm_id": 237102214, "name": "Multi-purpose Court"}}, {"type": "Feature", "geometry": {"type": "Point", "coordinates": [121.0925205, 14.6878231]}, "properties": {"city": "Quezon City", "category": "outdoor", "osm_type": "way", "osm_id": 238820482, "name": "Whole Court"}}, {"type": "Feature", "geometry": {"type": "Point", "coordinates": [121.0022135, 14.6648741]}, "properties": {"city": "Quezon City", "category": "outdoor", "osm_type": "way", "osm_id": 243603412, "name": null}}, {"type": "Feature", "geometry": {"type": "Point", "coordinates": [121.0770201, 14.6513975]}, "properties": {"city": "Quezon City", "category": "covered", "osm_type": "way", "osm_id": 250481520, "name": "Pansol Gym"}}, {"type": "Feature", "geometry": {"type": "Point", "coordinates": [121.0768845, 14.6498184]}, "properties": {"city": "Quezon City", "category": "outdoor", "osm_type": "way", "osm_id": 250485420, "name": "Paltok Basketball Court"}}, {"type": "Feature", "geometry": {"type": "Point", "coordinates": [121.0281463, 14.6721829]}, "properties": {"city": "Quezon City", "category": "covered", "osm_type": "way", "osm_id": 252253631, "name": "GSISVHA Basketball Court"}}, {"type": "Feature", "geometry": {"type": "Point", "coordinates": [121.0359699, 14.6723115]}, "properties": {"city": "Quezon City", "category": "covered", "osm_type": "way", "osm_id": 252253678, "name": "SB Park Covered Court"}}, {"type": "Feature", "geometry": {"type": "Point", "coordinates": [121.0382497, 14.7023874]}, "properties": {"city": "Quezon City", "category": "covered", "osm_type": "way", "osm_id": 252262427, "name": null}}, {"type": "Feature", "geometry": {"type": "Point", "coordinates": [121.0275214, 14.6988997]}, "properties": {"city": "Quezon City", "category": "covered", "osm_type": "way", "osm_id": 252262429, "name": null}}, {"type": "Feature", "geometry": {"type": "Point", "coordinates": [121.0364343, 14.7003671]}, "properties": {"city": "Quezon City", "category": "covered", "osm_type": "way", "osm_id": 252262430, "name": "Rockville Covered Court"}}, {"type": "Feature", "geometry": {"type": "Point", "coordinates": [121.0425374, 14.6990606]}, "properties": {"city": "Quezon City", "category": "covered", "osm_type": "way", "osm_id": 252262437, "name": null}}, {"type": "Feature", "geometry": {"type": "Point", "coordinates": [121.073773, 14.6599619]}, "properties": {"city": "Quezon City", "category": "covered", "osm_type": "way", "osm_id": 258068877, "name": null}}, {"type": "Feature", "geometry": {"type": "Point", "coordinates": [121.065104, 14.6442834]}, "properties": {"city": "Quezon City", "category": "covered", "osm_type": "way", "osm_id": 258071796, "name": "Barangay UP Campus Covered Court"}}, {"type": "Feature", "geometry": {"type": "Point", "coordinates": [121.0827719, 14.6558494]}, "properties": {"city": "Quezon City", "category": "outdoor", "osm_type": "way", "osm_id": 258078185, "name": null}}, {"type": "Feature", "geometry": {"type": "Point", "coordinates": [121.0777521, 14.6619285]}, "properties": {"city": "Quezon City", "category": "outdoor", "osm_type": "way", "osm_id": 258079526, "name": null}}, {"type": "Feature", "geometry": {"type": "Point", "coordinates": [121.074794, 14.6629764]}, "properties": {"city": "Quezon City", "category": "covered", "osm_type": "way", "osm_id": 258085130, "name": null}}, {"type": "Feature", "geometry": {"type": "Point", "coordinates": [121.0573839, 14.653591]}, "properties": {"city": "Quezon City", "category": "covered", "osm_type": "way", "osm_id": 258088271, "name": null}}, {"type": "Feature", "geometry": {"type": "Point", "coordinates": [121.0638105, 14.6441501]}, "properties": {"city": "Quezon City", "category": "covered", "osm_type": "way", "osm_id": 259008641, "name": null}}, {"type": "Feature", "geometry": {"type": "Point", "coordinates": [121.0570195, 14.6532365]}, "properties": {"city": "Quezon City", "category": "outdoor", "osm_type": "way", "osm_id": 260405249, "name": null}}, {"type": "Feature", "geometry": {"type": "Point", "coordinates": [121.0659535, 14.6411392]}, "properties": {"city": "Quezon City", "category": "covered", "osm_type": "way", "osm_id": 260579206, "name": null}}, {"type": "Feature", "geometry": {"type": "Point", "coordinates": [121.0618536, 14.6412935]}, "properties": {"city": "Quezon City", "category": "covered", "osm_type": "way", "osm_id": 260587007, "name": null}}, {"type": "Feature", "geometry": {"type": "Point", "coordinates": [121.0750195, 14.6152734]}, "properties": {"city": "Quezon City", "category": "covered", "osm_type": "way", "osm_id": 261105839, "name": null}}, {"type": "Feature", "geometry": {"type": "Point", "coordinates": [121.0339209, 14.6630344]}, "properties": {"city": "Quezon City", "category": "covered", "osm_type": "way", "osm_id": 262045731, "name": null}}, {"type": "Feature", "geometry": {"type": "Point", "coordinates": [121.0253132, 14.6634865]}, "properties": {"city": "Quezon City", "category": "covered", "osm_type": "way", "osm_id": 262147081, "name": null}}, {"type": "Feature", "geometry": {"type": "Point", "coordinates": [121.0205969, 14.6651377]}, "properties": {"city": "Quezon City", "category": "covered", "osm_type": "way", "osm_id": 262148267, "name": null}}, {"type": "Feature", "geometry": {"type": "Point", "coordinates": [121.0210842, 14.6642715]}, "properties": {"city": "Quezon City", "category": "covered", "osm_type": "way", "osm_id": 262148277, "name": "Barangay Toro Basketball Court"}}, {"type": "Feature", "geometry": {"type": "Point", "coordinates": [121.0298736, 14.6632133]}, "properties": {"city": "Quezon City", "category": "outdoor", "osm_type": "way", "osm_id": 262148897, "name": "Romblon Covered Court"}}, {"type": "Feature", "geometry": {"type": "Point", "coordinates": [121.0304438, 14.6584973]}, "properties": {"city": "Quezon City", "category": "covered", "osm_type": "way", "osm_id": 262150461, "name": null}}, {"type": "Feature", "geometry": {"type": "Point", "coordinates": [121.0164678, 14.6655192]}, "properties": {"city": "Quezon City", "category": "covered", "osm_type": "way", "osm_id": 262868389, "name": null}}, {"type": "Feature", "geometry": {"type": "Point", "coordinates": [121.0633989, 14.617182]}, "properties": {"city": "Quezon City", "category": "covered", "osm_type": "way", "osm_id": 262970414, "name": null}}, {"type": "Feature", "geometry": {"type": "Point", "coordinates": [121.0616848, 14.6257082]}, "properties": {"city": "Quezon City", "category": "covered", "osm_type": "way", "osm_id": 263197329, "name": "P.E. Center 1"}}, {"type": "Feature", "geometry": {"type": "Point", "coordinates": [121.0465468, 14.6274621]}, "properties": {"city": "Quezon City", "category": "covered", "osm_type": "way", "osm_id": 263291716, "name": null}}, {"type": "Feature", "geometry": {"type": "Point", "coordinates": [121.0414457, 14.6276025]}, "properties": {"city": "Quezon City", "category": "outdoor", "osm_type": "way", "osm_id": 263295748, "name": "KD Court"}}, {"type": "Feature", "geometry": {"type": "Point", "coordinates": [121.0584106, 14.6215347]}, "properties": {"city": "Quezon City", "category": "covered", "osm_type": "way", "osm_id": 263312759, "name": null}}, {"type": "Feature", "geometry": {"type": "Point", "coordinates": [121.0509299, 14.62258]}, "properties": {"city": "Quezon City", "category": "outdoor", "osm_type": "way", "osm_id": 263380051, "name": null}}, {"type": "Feature", "geometry": {"type": "Point", "coordinates": [121.0611982, 14.625731]}, "properties": {"city": "Quezon City", "category": "covered", "osm_type": "way", "osm_id": 263455130, "name": "P. E. Center 2"}}, {"type": "Feature", "geometry": {"type": "Point", "coordinates": [121.0613169, 14.6219644]}, "properties": {"city": "Quezon City", "category": "covered", "osm_type": "way", "osm_id": 263455291, "name": null}}, {"type": "Feature", "geometry": {"type": "Point", "coordinates": [121.0411483, 14.6218146]}, "properties": {"city": "Quezon City", "category": "outdoor", "osm_type": "way", "osm_id": 263463539, "name": null}}, {"type": "Feature", "geometry": {"type": "Point", "coordinates": [121.0672303, 14.6209388]}, "properties": {"city": "Quezon City", "category": "covered", "osm_type": "way", "osm_id": 263566243, "name": null}}, {"type": "Feature", "geometry": {"type": "Point", "coordinates": [121.0676132, 14.6211705]}, "properties": {"city": "Quezon City", "category": "covered", "osm_type": "way", "osm_id": 263566245, "name": null}}, {"type": "Feature", "geometry": {"type": "Point", "coordinates": [121.0667115, 14.6192084]}, "properties": {"city": "Quezon City", "category": "covered", "osm_type": "way", "osm_id": 263566252, "name": null}}, {"type": "Feature", "geometry": {"type": "Point", "coordinates": [121.067733, 14.6301468]}, "properties": {"city": "Quezon City", "category": "covered", "osm_type": "way", "osm_id": 264269186, "name": null}}, {"type": "Feature", "geometry": {"type": "Point", "coordinates": [121.0669355, 14.6302308]}, "properties": {"city": "Quezon City", "category": "covered", "osm_type": "way", "osm_id": 264269211, "name": null}}, {"type": "Feature", "geometry": {"type": "Point", "coordinates": [121.0673394, 14.6304076]}, "properties": {"city": "Quezon City", "category": "covered", "osm_type": "way", "osm_id": 264269218, "name": null}}, {"type": "Feature", "geometry": {"type": "Point", "coordinates": [121.0296091, 14.6851633]}, "properties": {"city": "Quezon City", "category": "covered", "osm_type": "way", "osm_id": 266250698, "name": "Sahara Sports Complex"}}, {"type": "Feature", "geometry": {"type": "Point", "coordinates": [121.0297208, 14.6854539]}, "properties": {"city": "Quezon City", "category": "covered", "osm_type": "way", "osm_id": 266250699, "name": null}}, {"type": "Feature", "geometry": {"type": "Point", "coordinates": [121.0981505, 14.7097913]}, "properties": {"city": "Quezon City", "category": "covered", "osm_type": "way", "osm_id": 268532212, "name": "Payatas B Dos"}}, {"type": "Feature", "geometry": {"type": "Point", "coordinates": [121.0927701, 14.701554]}, "properties": {"city": "Quezon City", "category": "covered", "osm_type": "way", "osm_id": 270800507, "name": null}}, {"type": "Feature", "geometry": {"type": "Point", "coordinates": [121.1073493, 14.717245]}, "properties": {"city": "Quezon City", "category": "outdoor", "osm_type": "way", "osm_id": 270802031, "name": null}}, {"type": "Feature", "geometry": {"type": "Point", "coordinates": [121.1099619, 14.7094179]}, "properties": {"city": "Quezon City", "category": "outdoor", "osm_type": "way", "osm_id": 276684742, "name": "Spring Country Clubhouse Basketball Court"}}, {"type": "Feature", "geometry": {"type": "Point", "coordinates": [121.0929447, 14.6746192]}, "properties": {"city": "Quezon City", "category": "covered", "osm_type": "way", "osm_id": 276917043, "name": null}}, {"type": "Feature", "geometry": {"type": "Point", "coordinates": [121.103775, 14.6748713]}, "properties": {"city": "Quezon City", "category": "outdoor", "osm_type": "way", "osm_id": 276928632, "name": null}}, {"type": "Feature", "geometry": {"type": "Point", "coordinates": [121.1018075, 14.6756787]}, "properties": {"city": "Quezon City", "category": "covered", "osm_type": "way", "osm_id": 276933720, "name": "Vista Real Classica Covered Courts"}}, {"type": "Feature", "geometry": {"type": "Point", "coordinates": [121.0531778, 14.7070988]}, "properties": {"city": "Quezon City", "category": "covered", "osm_type": "way", "osm_id": 277749982, "name": null}}, {"type": "Feature", "geometry": {"type": "Point", "coordinates": [121.1046589, 14.7118063]}, "properties": {"city": "Quezon City", "category": "covered", "osm_type": "way", "osm_id": 278164549, "name": null}}, {"type": "Feature", "geometry": {"type": "Point", "coordinates": [121.1131861, 14.7037274]}, "properties": {"city": "Quezon City", "category": "covered", "osm_type": "way", "osm_id": 279491546, "name": "SB Park Covered Court"}}, {"type": "Feature", "geometry": {"type": "Point", "coordinates": [121.1106564, 14.6997141]}, "properties": {"city": "Quezon City", "category": "covered", "osm_type": "way", "osm_id": 279712141, "name": null}}, {"type": "Feature", "geometry": {"type": "Point", "coordinates": [121.1080368, 14.6988948]}, "properties": {"city": "Quezon City", "category": "covered", "osm_type": "way", "osm_id": 279715174, "name": null}}, {"type": "Feature", "geometry": {"type": "Point", "coordinates": [121.1062456, 14.7017249]}, "properties": {"city": "Quezon City", "category": "outdoor", "osm_type": "way", "osm_id": 280172022, "name": "Filheights Basketball Court"}}, {"type": "Feature", "geometry": {"type": "Point", "coordinates": [121.0995735, 14.6928152]}, "properties": {"city": "Quezon City", "category": "outdoor", "osm_type": "way", "osm_id": 280413912, "name": "Sugartowne Basketball Court"}}, {"type": "Feature", "geometry": {"type": "Point", "coordinates": [121.0602574, 14.707687]}, "properties": {"city": "Quezon City", "category": "covered", "osm_type": "way", "osm_id": 280718148, "name": "North Fairview Subdivision - Clubhouse"}}, {"type": "Feature", "geometry": {"type": "Point", "coordinates": [121.095932, 14.7122527]}, "properties": {"city": "Quezon City", "category": "covered", "osm_type": "way", "osm_id": 281238718, "name": null}}, {"type": "Feature", "geometry": {"type": "Point", "coordinates": [121.0944279, 14.7134545]}, "properties": {"city": "Quezon City", "category": "outdoor", "osm_type": "way", "osm_id": 281240255, "name": null}}, {"type": "Feature", "geometry": {"type": "Point", "coordinates": [121.097387, 14.6889366]}, "properties": {"city": "Quezon City", "category": "covered", "osm_type": "way", "osm_id": 281973214, "name": null}}, {"type": "Feature", "geometry": {"type": "Point", "coordinates": [121.0993761, 14.6864108]}, "properties": {"city": "Quezon City", "category": "covered", "osm_type": "way", "osm_id": 281973337, "name": null}}, {"type": "Feature", "geometry": {"type": "Point", "coordinates": [121.0867075, 14.6651302]}, "properties": {"city": "Quezon City", "category": "covered", "osm_type": "way", "osm_id": 281975900, "name": null}}, {"type": "Feature", "geometry": {"type": "Point", "coordinates": [121.0516062, 14.7373307]}, "properties": {"city": "Quezon City", "category": "outdoor", "osm_type": "way", "osm_id": 282069345, "name": null}}, {"type": "Feature", "geometry": {"type": "Point", "coordinates": [121.0926085, 14.6962276]}, "properties": {"city": "Quezon City", "category": "covered", "osm_type": "way", "osm_id": 282136003, "name": null}}, {"type": "Feature", "geometry": {"type": "Point", "coordinates": [121.0992001, 14.6900527]}, "properties": {"city": "Quezon City", "category": "covered", "osm_type": "way", "osm_id": 282138385, "name": "CHCS Covered Court"}}, {"type": "Feature", "geometry": {"type": "Point", "coordinates": [121.0694707, 14.6815937]}, "properties": {"city": "Quezon City", "category": "covered", "osm_type": "way", "osm_id": 282186362, "name": null}}, {"type": "Feature", "geometry": {"type": "Point", "coordinates": [121.0817445, 14.689351]}, "properties": {"city": "Quezon City", "category": "outdoor", "osm_type": "way", "osm_id": 282506025, "name": null}}, {"type": "Feature", "geometry": {"type": "Point", "coordinates": [121.0837302, 14.6920883]}, "properties": {"city": "Quezon City", "category": "covered", "osm_type": "way", "osm_id": 282506032, "name": null}}, {"type": "Feature", "geometry": {"type": "Point", "coordinates": [121.0815317, 14.6990705]}, "properties": {"city": "Quezon City", "category": "covered", "osm_type": "way", "osm_id": 282507042, "name": null}}, {"type": "Feature", "geometry": {"type": "Point", "coordinates": [121.0897578, 14.6841198]}, "properties": {"city": "Quezon City", "category": "covered", "osm_type": "way", "osm_id": 282509129, "name": null}}, {"type": "Feature", "geometry": {"type": "Point", "coordinates": [121.0900293, 14.6912586]}, "properties": {"city": "Quezon City", "category": "covered", "osm_type": "way", "osm_id": 282509130, "name": "Kalayaan B Covered Court"}}, {"type": "Feature", "geometry": {"type": "Point", "coordinates": [121.0710481, 14.6893313]}, "properties": {"city": "Quezon City", "category": "covered", "osm_type": "way", "osm_id": 282513431, "name": null}}, {"type": "Feature", "geometry": {"type": "Point", "coordinates": [121.0710631, 14.6918038]}, "properties": {"city": "Quezon City", "category": "covered", "osm_type": "way", "osm_id": 282513472, "name": null}}, {"type": "Feature", "geometry": {"type": "Point", "coordinates": [121.070134, 14.6712063]}, "properties": {"city": "Quezon City", "category": "covered", "osm_type": "way", "osm_id": 282627554, "name": null}}, {"type": "Feature", "geometry": {"type": "Point", "coordinates": [121.0764188, 14.6839353]}, "properties": {"city": "Quezon City", "category": "covered", "osm_type": "way", "osm_id": 282649574, "name": "Barangay Holy Spirit Covered Court"}}, {"type": "Feature", "geometry": {"type": "Point", "coordinates": [121.0822666, 14.6081488]}, "properties": {"city": "Quezon City", "category": "outdoor", "osm_type": "way", "osm_id": 282790627, "name": "Bagumbayan Covered Court"}}, {"type": "Feature", "geometry": {"type": "Point", "coordinates": [121.0467999, 14.6740154]}, "properties": {"city": "Quezon City", "category": "covered", "osm_type": "way", "osm_id": 283292663, "name": null}}, {"type": "Feature", "geometry": {"type": "Point", "coordinates": [121.027532, 14.6920685]}, "properties": {"city": "Quezon City", "category": "covered", "osm_type": "way", "osm_id": 283591167, "name": null}}, {"type": "Feature", "geometry": {"type": "Point", "coordinates": [121.027253, 14.6883227]}, "properties": {"city": "Quezon City", "category": "covered", "osm_type": "way", "osm_id": 283611034, "name": null}}, {"type": "Feature", "geometry": {"type": "Point", "coordinates": [121.0260545, 14.6868815]}, "properties": {"city": "Quezon City", "category": "covered", "osm_type": "way", "osm_id": 283612843, "name": null}}, {"type": "Feature", "geometry": {"type": "Point", "coordinates": [121.1106988, 14.7129172]}, "properties": {"city": "Quezon City", "category": "covered", "osm_type": "way", "osm_id": 284760830, "name": null}}, {"type": "Feature", "geometry": {"type": "Point", "coordinates": [121.0947388, 14.6981412]}, "properties": {"city": "Quezon City", "category": "covered", "osm_type": "way", "osm_id": 284761087, "name": "Payatas A Covered Court"}}, {"type": "Feature", "geometry": {"type": "Point", "coordinates": [121.0635603, 14.6509201]}, "properties": {"city": "Quezon City", "category": "outdoor", "osm_type": "way", "osm_id": 288592450, "name": "Village B Basketball Court"}}, {"type": "Feature", "geometry": {"type": "Point", "coordinates": [121.0543589, 14.7005349]}, "properties": {"city": "Quezon City", "category": "covered", "osm_type": "way", "osm_id": 318325680, "name": null}}, {"type": "Feature", "geometry": {"type": "Point", "coordinates": [121.057213, 14.6969241]}, "properties": {"city": "Quezon City", "category": "outdoor", "osm_type": "way", "osm_id": 318332119, "name": null}}, {"type": "Feature", "geometry": {"type": "Point", "coordinates": [121.0676611, 14.6073347]}, "properties": {"city": "Quezon City", "category": "outdoor", "osm_type": "way", "osm_id": 319520766, "name": null}}, {"type": "Feature", "geometry": {"type": "Point", "coordinates": [121.0083716, 14.6164312]}, "properties": {"city": "Quezon City", "category": "covered", "osm_type": "way", "osm_id": 324626518, "name": null}}, {"type": "Feature", "geometry": {"type": "Point", "coordinates": [121.0218136, 14.6763804]}, "properties": {"city": "Quezon City", "category": "outdoor", "osm_type": "way", "osm_id": 333370501, "name": null}}, {"type": "Feature", "geometry": {"type": "Point", "coordinates": [121.022176, 14.6758023]}, "properties": {"city": "Quezon City", "category": "covered", "osm_type": "way", "osm_id": 333370503, "name": null}}, {"type": "Feature", "geometry": {"type": "Point", "coordinates": [121.0217886, 14.6745816]}, "properties": {"city": "Quezon City", "category": "covered", "osm_type": "way", "osm_id": 333370511, "name": null}}, {"type": "Feature", "geometry": {"type": "Point", "coordinates": [120.9993342, 14.6582048]}, "properties": {"city": "Quezon City", "category": "covered", "osm_type": "way", "osm_id": 351615203, "name": "Balintawak Sports"}}, {"type": "Feature", "geometry": {"type": "Point", "coordinates": [121.0093816, 14.6118277]}, "properties": {"city": "Quezon City", "category": "covered", "osm_type": "way", "osm_id": 353905623, "name": "Ninoy Aquino Sports Center"}}, {"type": "Feature", "geometry": {"type": "Point", "coordinates": [121.0724364, 14.7391284]}, "properties": {"city": "Quezon City", "category": "outdoor", "osm_type": "way", "osm_id": 354463354, "name": "Mater Carmeli School Basketball Court"}}, {"type": "Feature", "geometry": {"type": "Point", "coordinates": [121.0720576, 14.7395276]}, "properties": {"city": "Quezon City", "category": "covered", "osm_type": "way", "osm_id": 354732111, "name": "School Gymnasium"}}, {"type": "Feature", "geometry": {"type": "Point", "coordinates": [121.0763074, 14.6072415]}, "properties": {"city": "Quezon City", "category": "outdoor", "osm_type": "way", "osm_id": 374477522, "name": null}}, {"type": "Feature", "geometry": {"type": "Point", "coordinates": [121.04929, 14.7259587]}, "properties": {"city": "Quezon City", "category": "covered", "osm_type": "way", "osm_id": 404263966, "name": "Jordan Plains Phase 3 Multi-purpose Court"}}, {"type": "Feature", "geometry": {"type": "Point", "coordinates": [121.0714598, 14.6997231]}, "properties": {"city": "Quezon City", "category": "covered", "osm_type": "way", "osm_id": 404531753, "name": null}}, {"type": "Feature", "geometry": {"type": "Point", "coordinates": [121.0633812, 14.6684957]}, "properties": {"city": "Quezon City", "category": "outdoor", "osm_type": "way", "osm_id": 406222359, "name": null}}, {"type": "Feature", "geometry": {"type": "Point", "coordinates": [121.0589492, 14.631244]}, "properties": {"city": "Quezon City", "category": "covered", "osm_type": "way", "osm_id": 414289249, "name": null}}, {"type": "Feature", "geometry": {"type": "Point", "coordinates": [121.0697193, 14.6255301]}, "properties": {"city": "Quezon City", "category": "covered", "osm_type": "way", "osm_id": 415665663, "name": null}}, {"type": "Feature", "geometry": {"type": "Point", "coordinates": [121.014018, 14.6618306]}, "properties": {"city": "Quezon City", "category": "outdoor", "osm_type": "way", "osm_id": 419819390, "name": null}}, {"type": "Feature", "geometry": {"type": "Point", "coordinates": [121.0520013, 14.7312113]}, "properties": {"city": "Quezon City", "category": "covered", "osm_type": "way", "osm_id": 421385400, "name": null}}, {"type": "Feature", "geometry": {"type": "Point", "coordinates": [121.0434845, 14.6901362]}, "properties": {"city": "Quezon City", "category": "covered", "osm_type": "way", "osm_id": 426807693, "name": "Del Nacia IV covered Court"}}, {"type": "Feature", "geometry": {"type": "Point", "coordinates": [121.0190018, 14.7017262]}, "properties": {"city": "Quezon City", "category": "covered", "osm_type": "way", "osm_id": 430139305, "name": null}}, {"type": "Feature", "geometry": {"type": "Point", "coordinates": [121.0248083, 14.700218]}, "properties": {"city": "Quezon City", "category": "covered", "osm_type": "way", "osm_id": 430631391, "name": null}}, {"type": "Feature", "geometry": {"type": "Point", "coordinates": [121.0219711, 14.6691684]}, "properties": {"city": "Quezon City", "category": "outdoor", "osm_type": "way", "osm_id": 431977790, "name": "De Ropa Basketball Court"}}, {"type": "Feature", "geometry": {"type": "Point", "coordinates": [121.0284856, 14.7194859]}, "properties": {"city": "Quezon City", "category": "covered", "osm_type": "way", "osm_id": 432523260, "name": null}}, {"type": "Feature", "geometry": {"type": "Point", "coordinates": [121.088329, 14.6989669]}, "properties": {"city": "Quezon City", "category": "covered", "osm_type": "way", "osm_id": 432777661, "name": "Kaunlaran Covered Court"}}, {"type": "Feature", "geometry": {"type": "Point", "coordinates": [121.0013235, 14.6522739]}, "properties": {"city": "Quezon City", "category": "covered", "osm_type": "way", "osm_id": 435205810, "name": null}}, {"type": "Feature", "geometry": {"type": "Point", "coordinates": [121.0017646, 14.6507064]}, "properties": {"city": "Quezon City", "category": "covered", "osm_type": "way", "osm_id": 435205812, "name": null}}, {"type": "Feature", "geometry": {"type": "Point", "coordinates": [121.0060604, 14.6523901]}, "properties": {"city": "Quezon City", "category": "covered", "osm_type": "way", "osm_id": 435210989, "name": null}}, {"type": "Feature", "geometry": {"type": "Point", "coordinates": [121.02212, 14.686419]}, "properties": {"city": "Quezon City", "category": "covered", "osm_type": "way", "osm_id": 435520128, "name": null}}, {"type": "Feature", "geometry": {"type": "Point", "coordinates": [121.1173707, 14.7276732]}, "properties": {"city": "Quezon City", "category": "covered", "osm_type": "way", "osm_id": 436386031, "name": null}}, {"type": "Feature", "geometry": {"type": "Point", "coordinates": [121.0134067, 14.6347069]}, "properties": {"city": "Quezon City", "category": "outdoor", "osm_type": "way", "osm_id": 469686760, "name": null}}, {"type": "Feature", "geometry": {"type": "Point", "coordinates": [121.0126995, 14.6659498]}, "properties": {"city": "Quezon City", "category": "outdoor", "osm_type": "way", "osm_id": 480770407, "name": null}}, {"type": "Feature", "geometry": {"type": "Point", "coordinates": [121.0540991, 14.6748938]}, "properties": {"city": "Quezon City", "category": "outdoor", "osm_type": "way", "osm_id": 485445127, "name": null}}, {"type": "Feature", "geometry": {"type": "Point", "coordinates": [121.022406, 14.627766]}, "properties": {"city": "Quezon City", "category": "covered", "osm_type": "way", "osm_id": 485980038, "name": null}}, {"type": "Feature", "geometry": {"type": "Point", "coordinates": [121.0474449, 14.6675783]}, "properties": {"city": "Quezon City", "category": "outdoor", "osm_type": "way", "osm_id": 501731731, "name": null}}, {"type": "Feature", "geometry": {"type": "Point", "coordinates": [121.0953535, 14.6952164]}, "properties": {"city": "Quezon City", "category": "outdoor", "osm_type": "way", "osm_id": 514828373, "name": null}}, {"type": "Feature", "geometry": {"type": "Point", "coordinates": [121.0179488, 14.6222698]}, "properties": {"city": "Quezon City", "category": "outdoor", "osm_type": "way", "osm_id": 523840096, "name": null}}, {"type": "Feature", "geometry": {"type": "Point", "coordinates": [121.015125, 14.6317309]}, "properties": {"city": "Quezon City", "category": "covered", "osm_type": "way", "osm_id": 523846272, "name": null}}, {"type": "Feature", "geometry": {"type": "Point", "coordinates": [121.0142165, 14.6408444]}, "properties": {"city": "Quezon City", "category": "covered", "osm_type": "way", "osm_id": 524296105, "name": null}}, {"type": "Feature", "geometry": {"type": "Point", "coordinates": [121.032334, 14.6585275]}, "properties": {"city": "Quezon City", "category": "outdoor", "osm_type": "way", "osm_id": 524507044, "name": null}}, {"type": "Feature", "geometry": {"type": "Point", "coordinates": [121.0473509, 14.6620007]}, "properties": {"city": "Quezon City", "category": "covered", "osm_type": "way", "osm_id": 524539004, "name": "Bernardo Court"}}, {"type": "Feature", "geometry": {"type": "Point", "coordinates": [121.0241585, 14.6542333]}, "properties": {"city": "Quezon City", "category": "covered", "osm_type": "way", "osm_id": 525215809, "name": null}}, {"type": "Feature", "geometry": {"type": "Point", "coordinates": [121.0106225, 14.6413037]}, "properties": {"city": "Quezon City", "category": "covered", "osm_type": "way", "osm_id": 525222450, "name": null}}, {"type": "Feature", "geometry": {"type": "Point", "coordinates": [121.0117475, 14.6405263]}, "properties": {"city": "Quezon City", "category": "covered", "osm_type": "way", "osm_id": 525222451, "name": "Masambong Tennis Club"}}, {"type": "Feature", "geometry": {"type": "Point", "coordinates": [121.003343, 14.6416467]}, "properties": {"city": "Quezon City", "category": "covered", "osm_type": "way", "osm_id": 525304827, "name": null}}, {"type": "Feature", "geometry": {"type": "Point", "coordinates": [121.0273386, 14.6514193]}, "properties": {"city": "Quezon City", "category": "covered", "osm_type": "way", "osm_id": 525399810, "name": null}}, {"type": "Feature", "geometry": {"type": "Point", "coordinates": [121.0232239, 14.6607801]}, "properties": {"city": "Quezon City", "category": "covered", "osm_type": "way", "osm_id": 525505974, "name": null}}, {"type": "Feature", "geometry": {"type": "Point", "coordinates": [121.0465182, 14.7336291]}, "properties": {"city": "Quezon City", "category": "outdoor", "osm_type": "way", "osm_id": 526510127, "name": null}}, {"type": "Feature", "geometry": {"type": "Point", "coordinates": [121.0247155, 14.6507267]}, "properties": {"city": "Quezon City", "category": "covered", "osm_type": "way", "osm_id": 526584363, "name": "Bungat Sports Court"}}, {"type": "Feature", "geometry": {"type": "Point", "coordinates": [121.021446, 14.6506135]}, "properties": {"city": "Quezon City", "category": "covered", "osm_type": "way", "osm_id": 526588313, "name": null}}, {"type": "Feature", "geometry": {"type": "Point", "coordinates": [121.0176039, 14.6562364]}, "properties": {"city": "Quezon City", "category": "covered", "osm_type": "way", "osm_id": 527228571, "name": null}}, {"type": "Feature", "geometry": {"type": "Point", "coordinates": [121.0536507, 14.6558219]}, "properties": {"city": "Quezon City", "category": "covered", "osm_type": "way", "osm_id": 532181606, "name": null}}, {"type": "Feature", "geometry": {"type": "Point", "coordinates": [121.056138, 14.6535819]}, "properties": {"city": "Quezon City", "category": "covered", "osm_type": "way", "osm_id": 532181741, "name": null}}, {"type": "Feature", "geometry": {"type": "Point", "coordinates": [121.0523996, 14.7402653]}, "properties": {"city": "Quezon City", "category": "outdoor", "osm_type": "way", "osm_id": 532971571, "name": null}}, {"type": "Feature", "geometry": {"type": "Point", "coordinates": [121.0529427, 14.7388964]}, "properties": {"city": "Quezon City", "category": "outdoor", "osm_type": "way", "osm_id": 533079832, "name": null}}, {"type": "Feature", "geometry": {"type": "Point", "coordinates": [121.055064, 14.7412864]}, "properties": {"city": "Quezon City", "category": "outdoor", "osm_type": "way", "osm_id": 536084066, "name": null}}, {"type": "Feature", "geometry": {"type": "Point", "coordinates": [121.051189, 14.7360194]}, "properties": {"city": "Quezon City", "category": "covered", "osm_type": "way", "osm_id": 536534377, "name": null}}, {"type": "Feature", "geometry": {"type": "Point", "coordinates": [121.0673421, 14.6310308]}, "properties": {"city": "Quezon City", "category": "covered", "osm_type": "way", "osm_id": 538288853, "name": null}}, {"type": "Feature", "geometry": {"type": "Point", "coordinates": [121.0667366, 14.6338368]}, "properties": {"city": "Quezon City", "category": "covered", "osm_type": "way", "osm_id": 538297905, "name": "Amihan Covered Court"}}, {"type": "Feature", "geometry": {"type": "Point", "coordinates": [121.055339, 14.6287242]}, "properties": {"city": "Quezon City", "category": "covered", "osm_type": "way", "osm_id": 538306620, "name": null}}, {"type": "Feature", "geometry": {"type": "Point", "coordinates": [121.071446, 14.6036857]}, "properties": {"city": "Quezon City", "category": "covered", "osm_type": "way", "osm_id": 538503390, "name": null}}, {"type": "Feature", "geometry": {"type": "Point", "coordinates": [121.0584549, 14.6657225]}, "properties": {"city": "Quezon City", "category": "covered", "osm_type": "way", "osm_id": 539292523, "name": null}}, {"type": "Feature", "geometry": {"type": "Point", "coordinates": [121.014822, 14.6367965]}, "properties": {"city": "Quezon City", "category": "outdoor", "osm_type": "way", "osm_id": 539577773, "name": "flores court"}}, {"type": "Feature", "geometry": {"type": "Point", "coordinates": [121.0094309, 14.6705545]}, "properties": {"city": "Quezon City", "category": "covered", "osm_type": "way", "osm_id": 541445375, "name": null}}, {"type": "Feature", "geometry": {"type": "Point", "coordinates": [121.0166157, 14.6623002]}, "properties": {"city": "Quezon City", "category": "covered", "osm_type": "way", "osm_id": 541963048, "name": null}}, {"type": "Feature", "geometry": {"type": "Point", "coordinates": [121.0132013, 14.6755799]}, "properties": {"city": "Quezon City", "category": "covered", "osm_type": "way", "osm_id": 542759001, "name": null}}, {"type": "Feature", "geometry": {"type": "Point", "coordinates": [121.0284559, 14.6571673]}, "properties": {"city": "Quezon City", "category": "covered", "osm_type": "way", "osm_id": 546608890, "name": null}}, {"type": "Feature", "geometry": {"type": "Point", "coordinates": [121.0720216, 14.7093591]}, "properties": {"city": "Quezon City", "category": "outdoor", "osm_type": "way", "osm_id": 550128901, "name": null}}, {"type": "Feature", "geometry": {"type": "Point", "coordinates": [121.0618539, 14.60185]}, "properties": {"city": "Quezon City", "category": "outdoor", "osm_type": "way", "osm_id": 550873724, "name": null}}, {"type": "Feature", "geometry": {"type": "Point", "coordinates": [121.0660253, 14.6096668]}, "properties": {"city": "Quezon City", "category": "outdoor", "osm_type": "way", "osm_id": 551370929, "name": null}}, {"type": "Feature", "geometry": {"type": "Point", "coordinates": [121.0723745, 14.6329337]}, "properties": {"city": "Quezon City", "category": "outdoor", "osm_type": "way", "osm_id": 551556424, "name": null}}, {"type": "Feature", "geometry": {"type": "Point", "coordinates": [121.0449101, 14.6469939]}, "properties": {"city": "Quezon City", "category": "outdoor", "osm_type": "way", "osm_id": 551640307, "name": null}}, {"type": "Feature", "geometry": {"type": "Point", "coordinates": [121.0631787, 14.6823273]}, "properties": {"city": "Quezon City", "category": "outdoor", "osm_type": "way", "osm_id": 551654171, "name": null}}, {"type": "Feature", "geometry": {"type": "Point", "coordinates": [121.0710979, 14.6784165]}, "properties": {"city": "Quezon City", "category": "covered", "osm_type": "way", "osm_id": 551654207, "name": null}}, {"type": "Feature", "geometry": {"type": "Point", "coordinates": [121.0634941, 14.7231875]}, "properties": {"city": "Quezon City", "category": "covered", "osm_type": "way", "osm_id": 551674425, "name": null}}, {"type": "Feature", "geometry": {"type": "Point", "coordinates": [121.0706488, 14.7275197]}, "properties": {"city": "Quezon City", "category": "outdoor", "osm_type": "way", "osm_id": 551675182, "name": null}}, {"type": "Feature", "geometry": {"type": "Point", "coordinates": [121.0307911, 14.7053557]}, "properties": {"city": "Quezon City", "category": "outdoor", "osm_type": "way", "osm_id": 553767030, "name": null}}, {"type": "Feature", "geometry": {"type": "Point", "coordinates": [121.0189183, 14.7083992]}, "properties": {"city": "Quezon City", "category": "outdoor", "osm_type": "way", "osm_id": 553774788, "name": null}}, {"type": "Feature", "geometry": {"type": "Point", "coordinates": [121.0243289, 14.7085248]}, "properties": {"city": "Quezon City", "category": "covered", "osm_type": "way", "osm_id": 553793515, "name": null}}, {"type": "Feature", "geometry": {"type": "Point", "coordinates": [121.0210303, 14.7034204]}, "properties": {"city": "Quezon City", "category": "outdoor", "osm_type": "way", "osm_id": 553793606, "name": null}}, {"type": "Feature", "geometry": {"type": "Point", "coordinates": [121.04848, 14.6668399]}, "properties": {"city": "Quezon City", "category": "outdoor", "osm_type": "way", "osm_id": 557296237, "name": "Claret basket ball Court"}}, {"type": "Feature", "geometry": {"type": "Point", "coordinates": [121.0449962, 14.6645563]}, "properties": {"city": "Quezon City", "category": "covered", "osm_type": "way", "osm_id": 557296246, "name": null}}, {"type": "Feature", "geometry": {"type": "Point", "coordinates": [121.0225573, 14.6302745]}, "properties": {"city": "Quezon City", "category": "outdoor", "osm_type": "way", "osm_id": 557974373, "name": null}}, {"type": "Feature", "geometry": {"type": "Point", "coordinates": [121.0290552, 14.6259293]}, "properties": {"city": "Quezon City", "category": "outdoor", "osm_type": "way", "osm_id": 557992059, "name": null}}, {"type": "Feature", "geometry": {"type": "Point", "coordinates": [121.0235288, 14.6265716]}, "properties": {"city": "Quezon City", "category": "outdoor", "osm_type": "way", "osm_id": 557992072, "name": null}}, {"type": "Feature", "geometry": {"type": "Point", "coordinates": [121.0899475, 14.6897672]}, "properties": {"city": "Quezon City", "category": "covered", "osm_type": "way", "osm_id": 558161742, "name": null}}, {"type": "Feature", "geometry": {"type": "Point", "coordinates": [121.091284, 14.693297]}, "properties": {"city": "Quezon City", "category": "covered", "osm_type": "way", "osm_id": 558161749, "name": null}}, {"type": "Feature", "geometry": {"type": "Point", "coordinates": [121.072249, 14.7024937]}, "properties": {"city": "Quezon City", "category": "outdoor", "osm_type": "way", "osm_id": 558278414, "name": null}}, {"type": "Feature", "geometry": {"type": "Point", "coordinates": [121.0479245, 14.610747]}, "properties": {"city": "Quezon City", "category": "outdoor", "osm_type": "way", "osm_id": 558930347, "name": null}}, {"type": "Feature", "geometry": {"type": "Point", "coordinates": [121.0676371, 14.6064224]}, "properties": {"city": "Quezon City", "category": "outdoor", "osm_type": "way", "osm_id": 558949102, "name": null}}, {"type": "Feature", "geometry": {"type": "Point", "coordinates": [121.0130468, 14.6238127]}, "properties": {"city": "Quezon City", "category": "outdoor", "osm_type": "way", "osm_id": 558956809, "name": null}}, {"type": "Feature", "geometry": {"type": "Point", "coordinates": [121.0705203, 14.7103772]}, "properties": {"city": "Quezon City", "category": "covered", "osm_type": "way", "osm_id": 560045042, "name": null}}, {"type": "Feature", "geometry": {"type": "Point", "coordinates": [121.0706916, 14.7340619]}, "properties": {"city": "Quezon City", "category": "outdoor", "osm_type": "way", "osm_id": 560069446, "name": "Hilltop"}}, {"type": "Feature", "geometry": {"type": "Point", "coordinates": [121.0429252, 14.6365742]}, "properties": {"city": "Quezon City", "category": "outdoor", "osm_type": "way", "osm_id": 560350225, "name": null}}, {"type": "Feature", "geometry": {"type": "Point", "coordinates": [121.0455374, 14.6383217]}, "properties": {"city": "Quezon City", "category": "outdoor", "osm_type": "way", "osm_id": 560350239, "name": null}}, {"type": "Feature", "geometry": {"type": "Point", "coordinates": [121.0305437, 14.6594927]}, "properties": {"city": "Quezon City", "category": "outdoor", "osm_type": "way", "osm_id": 560607764, "name": null}}, {"type": "Feature", "geometry": {"type": "Point", "coordinates": [121.0312786, 14.7315801]}, "properties": {"city": "Quezon City", "category": "covered", "osm_type": "way", "osm_id": 561653708, "name": null}}, {"type": "Feature", "geometry": {"type": "Point", "coordinates": [121.0590964, 14.6791423]}, "properties": {"city": "Quezon City", "category": "outdoor", "osm_type": "way", "osm_id": 563013716, "name": null}}, {"type": "Feature", "geometry": {"type": "Point", "coordinates": [121.0486914, 14.6527476]}, "properties": {"city": "Quezon City", "category": "outdoor", "osm_type": "way", "osm_id": 563648109, "name": null}}, {"type": "Feature", "geometry": {"type": "Point", "coordinates": [121.0488914, 14.6527595]}, "properties": {"city": "Quezon City", "category": "outdoor", "osm_type": "way", "osm_id": 563648110, "name": null}}, {"type": "Feature", "geometry": {"type": "Point", "coordinates": [121.0632754, 14.605975]}, "properties": {"city": "Quezon City", "category": "outdoor", "osm_type": "way", "osm_id": 566978151, "name": null}}, {"type": "Feature", "geometry": {"type": "Point", "coordinates": [121.0719659, 14.6466098]}, "properties": {"city": "Quezon City", "category": "outdoor", "osm_type": "way", "osm_id": 567893635, "name": null}}, {"type": "Feature", "geometry": {"type": "Point", "coordinates": [121.0501338, 14.7075942]}, "properties": {"city": "Quezon City", "category": "covered", "osm_type": "way", "osm_id": 569381383, "name": null}}, {"type": "Feature", "geometry": {"type": "Point", "coordinates": [121.0524618, 14.694189]}, "properties": {"city": "Quezon City", "category": "outdoor", "osm_type": "way", "osm_id": 569391799, "name": null}}, {"type": "Feature", "geometry": {"type": "Point", "coordinates": [121.0499775, 14.6985219]}, "properties": {"city": "Quezon City", "category": "covered", "osm_type": "way", "osm_id": 569391814, "name": null}}, {"type": "Feature", "geometry": {"type": "Point", "coordinates": [121.0471562, 14.6990159]}, "properties": {"city": "Quezon City", "category": "covered", "osm_type": "way", "osm_id": 569391818, "name": null}}, {"type": "Feature", "geometry": {"type": "Point", "coordinates": [121.0456105, 14.6933385]}, "properties": {"city": "Quezon City", "category": "outdoor", "osm_type": "way", "osm_id": 569395419, "name": null}}, {"type": "Feature", "geometry": {"type": "Point", "coordinates": [121.0489541, 14.7014661]}, "properties": {"city": "Quezon City", "category": "covered", "osm_type": "way", "osm_id": 569418762, "name": null}}, {"type": "Feature", "geometry": {"type": "Point", "coordinates": [121.0543031, 14.7028982]}, "properties": {"city": "Quezon City", "category": "outdoor", "osm_type": "way", "osm_id": 569691047, "name": null}}, {"type": "Feature", "geometry": {"type": "Point", "coordinates": [121.0538763, 14.7032604]}, "properties": {"city": "Quezon City", "category": "outdoor", "osm_type": "way", "osm_id": 569989289, "name": null}}, {"type": "Feature", "geometry": {"type": "Point", "coordinates": [121.0764829, 14.6726567]}, "properties": {"city": "Quezon City", "category": "covered", "osm_type": "way", "osm_id": 572396932, "name": null}}, {"type": "Feature", "geometry": {"type": "Point", "coordinates": [121.0746558, 14.6714434]}, "properties": {"city": "Quezon City", "category": "covered", "osm_type": "way", "osm_id": 572396939, "name": null}}, {"type": "Feature", "geometry": {"type": "Point", "coordinates": [121.069125, 14.6661679]}, "properties": {"city": "Quezon City", "category": "outdoor", "osm_type": "way", "osm_id": 572401163, "name": null}}, {"type": "Feature", "geometry": {"type": "Point", "coordinates": [121.0261338, 14.727811]}, "properties": {"city": "Quezon City", "category": "covered", "osm_type": "way", "osm_id": 576434230, "name": null}}, {"type": "Feature", "geometry": {"type": "Point", "coordinates": [121.0301434, 14.7314162]}, "properties": {"city": "Quezon City", "category": "outdoor", "osm_type": "way", "osm_id": 576513550, "name": null}}, {"type": "Feature", "geometry": {"type": "Point", "coordinates": [121.045196, 14.6874518]}, "properties": {"city": "Quezon City", "category": "outdoor", "osm_type": "way", "osm_id": 584342966, "name": null}}, {"type": "Feature", "geometry": {"type": "Point", "coordinates": [121.0673317, 14.6743854]}, "properties": {"city": "Quezon City", "category": "outdoor", "osm_type": "way", "osm_id": 584544342, "name": null}}, {"type": "Feature", "geometry": {"type": "Point", "coordinates": [121.0436378, 14.6660226]}, "properties": {"city": "Quezon City", "category": "outdoor", "osm_type": "way", "osm_id": 585144817, "name": null}}, {"type": "Feature", "geometry": {"type": "Point", "coordinates": [121.0662138, 14.7342473]}, "properties": {"city": "Quezon City", "category": "outdoor", "osm_type": "way", "osm_id": 589061677, "name": null}}, {"type": "Feature", "geometry": {"type": "Point", "coordinates": [121.0673902, 14.7291791]}, "properties": {"city": "Quezon City", "category": "covered", "osm_type": "way", "osm_id": 589318961, "name": null}}, {"type": "Feature", "geometry": {"type": "Point", "coordinates": [121.0629536, 14.7109651]}, "properties": {"city": "Quezon City", "category": "outdoor", "osm_type": "way", "osm_id": 589477838, "name": "North Fairview Park Subdivision Covered Court"}}, {"type": "Feature", "geometry": {"type": "Point", "coordinates": [121.0350144, 14.7242454]}, "properties": {"city": "Quezon City", "category": "covered", "osm_type": "way", "osm_id": 589936583, "name": null}}, {"type": "Feature", "geometry": {"type": "Point", "coordinates": [121.0328643, 14.7243522]}, "properties": {"city": "Quezon City", "category": "covered", "osm_type": "way", "osm_id": 589936587, "name": null}}, {"type": "Feature", "geometry": {"type": "Point", "coordinates": [121.0312966, 14.7255317]}, "properties": {"city": "Quezon City", "category": "covered", "osm_type": "way", "osm_id": 589936591, "name": null}}, {"type": "Feature", "geometry": {"type": "Point", "coordinates": [121.0366202, 14.726491]}, "properties": {"city": "Quezon City", "category": "outdoor", "osm_type": "way", "osm_id": 589944919, "name": null}}, {"type": "Feature", "geometry": {"type": "Point", "coordinates": [121.039872, 14.7349928]}, "properties": {"city": "Quezon City", "category": "covered", "osm_type": "way", "osm_id": 589962629, "name": null}}, {"type": "Feature", "geometry": {"type": "Point", "coordinates": [121.0412089, 14.735568]}, "properties": {"city": "Quezon City", "category": "outdoor", "osm_type": "way", "osm_id": 589962635, "name": null}}, {"type": "Feature", "geometry": {"type": "Point", "coordinates": [121.0366484, 14.7161783]}, "properties": {"city": "Quezon City", "category": "covered", "osm_type": "way", "osm_id": 590137957, "name": null}}, {"type": "Feature", "geometry": {"type": "Point", "coordinates": [121.036954, 14.7206378]}, "properties": {"city": "Quezon City", "category": "covered", "osm_type": "way", "osm_id": 590156459, "name": null}}, {"type": "Feature", "geometry": {"type": "Point", "coordinates": [121.030753, 14.6813539]}, "properties": {"city": "Quezon City", "category": "outdoor", "osm_type": "way", "osm_id": 590913218, "name": null}}, {"type": "Feature", "geometry": {"type": "Point", "coordinates": [121.0327793, 14.6807347]}, "properties": {"city": "Quezon City", "category": "outdoor", "osm_type": "way", "osm_id": 590914789, "name": null}}, {"type": "Feature", "geometry": {"type": "Point", "coordinates": [121.0240099, 14.7253014]}, "properties": {"city": "Quezon City", "category": "covered", "osm_type": "way", "osm_id": 591143077, "name": null}}, {"type": "Feature", "geometry": {"type": "Point", "coordinates": [121.0274945, 14.7230567]}, "properties": {"city": "Quezon City", "category": "covered", "osm_type": "way", "osm_id": 591149907, "name": "Villa Nova Covered Court"}}, {"type": "Feature", "geometry": {"type": "Point", "coordinates": [121.0467919, 14.7012573]}, "properties": {"city": "Quezon City", "category": "covered", "osm_type": "way", "osm_id": 591269947, "name": "Basketball court"}}, {"type": "Feature", "geometry": {"type": "Point", "coordinates": [121.0303493, 14.7077391]}, "properties": {"city": "Quezon City", "category": "covered", "osm_type": "way", "osm_id": 591371406, "name": null}}, {"type": "Feature", "geometry": {"type": "Point", "coordinates": [121.0319697, 14.7120278]}, "properties": {"city": "Quezon City", "category": "covered", "osm_type": "way", "osm_id": 591374839, "name": null}}, {"type": "Feature", "geometry": {"type": "Point", "coordinates": [121.0327492, 14.7111759]}, "properties": {"city": "Quezon City", "category": "covered", "osm_type": "way", "osm_id": 591374841, "name": null}}, {"type": "Feature", "geometry": {"type": "Point", "coordinates": [121.0237124, 14.7131526]}, "properties": {"city": "Quezon City", "category": "outdoor", "osm_type": "way", "osm_id": 591482675, "name": null}}, {"type": "Feature", "geometry": {"type": "Point", "coordinates": [121.0240649, 14.7146662]}, "properties": {"city": "Quezon City", "category": "outdoor", "osm_type": "way", "osm_id": 591482686, "name": null}}, {"type": "Feature", "geometry": {"type": "Point", "coordinates": [121.0322679, 14.7097942]}, "properties": {"city": "Quezon City", "category": "covered", "osm_type": "way", "osm_id": 591629575, "name": "ODELCO Covered Court"}}, {"type": "Feature", "geometry": {"type": "Point", "coordinates": [121.0348615, 14.7097766]}, "properties": {"city": "Quezon City", "category": "outdoor", "osm_type": "way", "osm_id": 591633333, "name": null}}, {"type": "Feature", "geometry": {"type": "Point", "coordinates": [121.031245, 14.7150425]}, "properties": {"city": "Quezon City", "category": "covered", "osm_type": "way", "osm_id": 591639497, "name": null}}, {"type": "Feature", "geometry": {"type": "Point", "coordinates": [121.0345885, 14.7132858]}, "properties": {"city": "Quezon City", "category": "outdoor", "osm_type": "way", "osm_id": 591640562, "name": null}}, {"type": "Feature", "geometry": {"type": "Point", "coordinates": [121.0384338, 14.712631]}, "properties": {"city": "Quezon City", "category": "outdoor", "osm_type": "way", "osm_id": 591643583, "name": null}}, {"type": "Feature", "geometry": {"type": "Point", "coordinates": [121.0653774, 14.7413093]}, "properties": {"city": "Quezon City", "category": "covered", "osm_type": "way", "osm_id": 591763155, "name": null}}, {"type": "Feature", "geometry": {"type": "Point", "coordinates": [121.0653274, 14.7418448]}, "properties": {"city": "Quezon City", "category": "covered", "osm_type": "way", "osm_id": 591763161, "name": null}}, {"type": "Feature", "geometry": {"type": "Point", "coordinates": [121.0649241, 14.7401146]}, "properties": {"city": "Quezon City", "category": "covered", "osm_type": "way", "osm_id": 591764211, "name": null}}, {"type": "Feature", "geometry": {"type": "Point", "coordinates": [121.045277, 14.7178125]}, "properties": {"city": "Quezon City", "category": "outdoor", "osm_type": "way", "osm_id": 591838659, "name": null}}, {"type": "Feature", "geometry": {"type": "Point", "coordinates": [121.0453264, 14.71809]}, "properties": {"city": "Quezon City", "category": "covered", "osm_type": "way", "osm_id": 591838660, "name": null}}, {"type": "Feature", "geometry": {"type": "Point", "coordinates": [121.0529522, 14.7075941]}, "properties": {"city": "Quezon City", "category": "covered", "osm_type": "way", "osm_id": 591869573, "name": null}}, {"type": "Feature", "geometry": {"type": "Point", "coordinates": [121.0471668, 14.7110408]}, "properties": {"city": "Quezon City", "category": "outdoor", "osm_type": "way", "osm_id": 591878606, "name": null}}, {"type": "Feature", "geometry": {"type": "Point", "coordinates": [121.0467051, 14.7352666]}, "properties": {"city": "Quezon City", "category": "outdoor", "osm_type": "way", "osm_id": 591999050, "name": null}}, {"type": "Feature", "geometry": {"type": "Point", "coordinates": [121.0435015, 14.7266903]}, "properties": {"city": "Quezon City", "category": "outdoor", "osm_type": "way", "osm_id": 592048698, "name": null}}, {"type": "Feature", "geometry": {"type": "Point", "coordinates": [121.0365406, 14.7169462]}, "properties": {"city": "Quezon City", "category": "covered", "osm_type": "way", "osm_id": 592052800, "name": null}}, {"type": "Feature", "geometry": {"type": "Point", "coordinates": [121.0825054, 14.6998041]}, "properties": {"city": "Quezon City", "category": "outdoor", "osm_type": "way", "osm_id": 592125801, "name": null}}, {"type": "Feature", "geometry": {"type": "Point", "coordinates": [121.0814674, 14.6977419]}, "properties": {"city": "Quezon City", "category": "outdoor", "osm_type": "way", "osm_id": 592125816, "name": "Gold Basketball Court"}}, {"type": "Feature", "geometry": {"type": "Point", "coordinates": [121.0749998, 14.7031209]}, "properties": {"city": "Quezon City", "category": "outdoor", "osm_type": "way", "osm_id": 592141486, "name": null}}, {"type": "Feature", "geometry": {"type": "Point", "coordinates": [121.074875, 14.6971137]}, "properties": {"city": "Quezon City", "category": "covered", "osm_type": "way", "osm_id": 592141494, "name": null}}, {"type": "Feature", "geometry": {"type": "Point", "coordinates": [121.0823715, 14.6957887]}, "properties": {"city": "Quezon City", "category": "outdoor", "osm_type": "way", "osm_id": 592141496, "name": null}}, {"type": "Feature", "geometry": {"type": "Point", "coordinates": [121.061128, 14.6985948]}, "properties": {"city": "Quezon City", "category": "outdoor", "osm_type": "way", "osm_id": 592331601, "name": null}}, {"type": "Feature", "geometry": {"type": "Point", "coordinates": [121.0876487, 14.706801]}, "properties": {"city": "Quezon City", "category": "outdoor", "osm_type": "way", "osm_id": 592388751, "name": null}}, {"type": "Feature", "geometry": {"type": "Point", "coordinates": [121.0866083, 14.7035219]}, "properties": {"city": "Quezon City", "category": "covered", "osm_type": "way", "osm_id": 592392427, "name": null}}, {"type": "Feature", "geometry": {"type": "Point", "coordinates": [121.0923997, 14.7061938]}, "properties": {"city": "Quezon City", "category": "outdoor", "osm_type": "way", "osm_id": 592439355, "name": null}}, {"type": "Feature", "geometry": {"type": "Point", "coordinates": [121.0939503, 14.707982]}, "properties": {"city": "Quezon City", "category": "covered", "osm_type": "way", "osm_id": 592440599, "name": null}}, {"type": "Feature", "geometry": {"type": "Point", "coordinates": [121.1083451, 14.7013324]}, "properties": {"city": "Quezon City", "category": "covered", "osm_type": "way", "osm_id": 593473379, "name": null}}, {"type": "Feature", "geometry": {"type": "Point", "coordinates": [121.1067296, 14.7076169]}, "properties": {"city": "Quezon City", "category": "outdoor", "osm_type": "way", "osm_id": 593473998, "name": null}}, {"type": "Feature", "geometry": {"type": "Point", "coordinates": [121.100413, 14.6814729]}, "properties": {"city": "Quezon City", "category": "covered", "osm_type": "way", "osm_id": 593604105, "name": "Area B Covered Court"}}, {"type": "Feature", "geometry": {"type": "Point", "coordinates": [121.0912001, 14.7054998]}, "properties": {"city": "Quezon City", "category": "outdoor", "osm_type": "way", "osm_id": 594765119, "name": null}}, {"type": "Feature", "geometry": {"type": "Point", "coordinates": [121.0934392, 14.7054695]}, "properties": {"city": "Quezon City", "category": "covered", "osm_type": "way", "osm_id": 594765121, "name": null}}, {"type": "Feature", "geometry": {"type": "Point", "coordinates": [121.0948346, 14.7116162]}, "properties": {"city": "Quezon City", "category": "outdoor", "osm_type": "way", "osm_id": 595263828, "name": null}}, {"type": "Feature", "geometry": {"type": "Point", "coordinates": [121.1133338, 14.7022452]}, "properties": {"city": "Quezon City", "category": "covered", "osm_type": "way", "osm_id": 596079602, "name": "Brookside Covered Court"}}, {"type": "Feature", "geometry": {"type": "Point", "coordinates": [121.0915821, 14.6997566]}, "properties": {"city": "Quezon City", "category": "outdoor", "osm_type": "way", "osm_id": 596178891, "name": null}}, {"type": "Feature", "geometry": {"type": "Point", "coordinates": [121.0661635, 14.6986014]}, "properties": {"city": "Quezon City", "category": "covered", "osm_type": "way", "osm_id": 596497034, "name": "F.E.U. Covered Court"}}, {"type": "Feature", "geometry": {"type": "Point", "coordinates": [121.10959, 14.688192]}, "properties": {"city": "Quezon City", "category": "outdoor", "osm_type": "way", "osm_id": 601882887, "name": "Serra Monte Basketball Court"}}, {"type": "Feature", "geometry": {"type": "Point", "coordinates": [121.105812, 14.6849034]}, "properties": {"city": "Quezon City", "category": "outdoor", "osm_type": "way", "osm_id": 601884557, "name": "Phase K Basketball Court"}}, {"type": "Feature", "geometry": {"type": "Point", "coordinates": [121.1079658, 14.6831819]}, "properties": {"city": "Quezon City", "category": "outdoor", "osm_type": "way", "osm_id": 601938718, "name": null}}, {"type": "Feature", "geometry": {"type": "Point", "coordinates": [121.1081401, 14.6885914]}, "properties": {"city": "Quezon City", "category": "covered", "osm_type": "way", "osm_id": 601997575, "name": null}}, {"type": "Feature", "geometry": {"type": "Point", "coordinates": [121.0739397, 14.7030789]}, "properties": {"city": "Quezon City", "category": "outdoor", "osm_type": "way", "osm_id": 602610679, "name": null}}, {"type": "Feature", "geometry": {"type": "Point", "coordinates": [121.0661721, 14.6911459]}, "properties": {"city": "Quezon City", "category": "outdoor", "osm_type": "way", "osm_id": 606950772, "name": "Dona Petrona Basketball Court"}}, {"type": "Feature", "geometry": {"type": "Point", "coordinates": [121.0593225, 14.6610744]}, "properties": {"city": "Quezon City", "category": "outdoor", "osm_type": "way", "osm_id": 608182115, "name": null}}, {"type": "Feature", "geometry": {"type": "Point", "coordinates": [121.0596525, 14.7332834]}, "properties": {"city": "Quezon City", "category": "outdoor", "osm_type": "way", "osm_id": 610043911, "name": null}}, {"type": "Feature", "geometry": {"type": "Point", "coordinates": [121.0739686, 14.6579368]}, "properties": {"city": "Quezon City", "category": "outdoor", "osm_type": "way", "osm_id": 615743521, "name": "Pook Ricarte Open Air Basketball Court"}}, {"type": "Feature", "geometry": {"type": "Point", "coordinates": [121.0341447, 14.6946121]}, "properties": {"city": "Quezon City", "category": "covered", "osm_type": "way", "osm_id": 620228957, "name": null}}, {"type": "Feature", "geometry": {"type": "Point", "coordinates": [121.0614542, 14.6469762]}, "properties": {"city": "Quezon City", "category": "covered", "osm_type": "way", "osm_id": 631145871, "name": null}}, {"type": "Feature", "geometry": {"type": "Point", "coordinates": [121.0459747, 14.7288507]}, "properties": {"city": "Quezon City", "category": "covered", "osm_type": "way", "osm_id": 642335143, "name": null}}, {"type": "Feature", "geometry": {"type": "Point", "coordinates": [121.0894509, 14.60192]}, "properties": {"city": "Quezon City", "category": "outdoor", "osm_type": "way", "osm_id": 649826736, "name": null}}, {"type": "Feature", "geometry": {"type": "Point", "coordinates": [121.0526073, 14.6878022]}, "properties": {"city": "Quezon City", "category": "outdoor", "osm_type": "way", "osm_id": 654275278, "name": null}}, {"type": "Feature", "geometry": {"type": "Point", "coordinates": [121.0470121, 14.6775661]}, "properties": {"city": "Quezon City", "category": "outdoor", "osm_type": "way", "osm_id": 654287928, "name": null}}, {"type": "Feature", "geometry": {"type": "Point", "coordinates": [121.0673034, 14.6581539]}, "properties": {"city": "Quezon City", "category": "covered", "osm_type": "way", "osm_id": 661333185, "name": "Epsilon Chi Center"}}, {"type": "Feature", "geometry": {"type": "Point", "coordinates": [121.0657911, 14.668792]}, "properties": {"city": "Quezon City", "category": "covered", "osm_type": "way", "osm_id": 672998173, "name": null}}, {"type": "Feature", "geometry": {"type": "Point", "coordinates": [121.0202713, 14.7139961]}, "properties": {"city": "Quezon City", "category": "outdoor", "osm_type": "way", "osm_id": 675354690, "name": null}}, {"type": "Feature", "geometry": {"type": "Point", "coordinates": [121.0357455, 14.6813553]}, "properties": {"city": "Quezon City", "category": "outdoor", "osm_type": "way", "osm_id": 680863801, "name": null}}, {"type": "Feature", "geometry": {"type": "Point", "coordinates": [121.0895502, 14.7038986]}, "properties": {"city": "Quezon City", "category": "covered", "osm_type": "way", "osm_id": 689576272, "name": "St. Joseph Covered Court"}}, {"type": "Feature", "geometry": {"type": "Point", "coordinates": [121.0731838, 14.6710037]}, "properties": {"city": "Quezon City", "category": "covered", "osm_type": "way", "osm_id": 704646054, "name": null}}, {"type": "Feature", "geometry": {"type": "Point", "coordinates": [121.0646224, 14.6942247]}, "properties": {"city": "Quezon City", "category": "covered", "osm_type": "way", "osm_id": 704756138, "name": null}}, {"type": "Feature", "geometry": {"type": "Point", "coordinates": [121.0637319, 14.6960921]}, "properties": {"city": "Quezon City", "category": "covered", "osm_type": "way", "osm_id": 704757214, "name": null}}, {"type": "Feature", "geometry": {"type": "Point", "coordinates": [121.0925804, 14.6780227]}, "properties": {"city": "Quezon City", "category": "covered", "osm_type": "way", "osm_id": 704925955, "name": null}}, {"type": "Feature", "geometry": {"type": "Point", "coordinates": [121.1156745, 14.723912]}, "properties": {"city": "Quezon City", "category": "covered", "osm_type": "way", "osm_id": 724229824, "name": null}}, {"type": "Feature", "geometry": {"type": "Point", "coordinates": [121.0290723, 14.6611165]}, "properties": {"city": "Quezon City", "category": "covered", "osm_type": "way", "osm_id": 769531825, "name": null}}, {"type": "Feature", "geometry": {"type": "Point", "coordinates": [121.0669267, 14.7274812]}, "properties": {"city": "Quezon City", "category": "covered", "osm_type": "way", "osm_id": 771051033, "name": null}}, {"type": "Feature", "geometry": {"type": "Point", "coordinates": [121.0398296, 14.702066]}, "properties": {"city": "Quezon City", "category": "covered", "osm_type": "way", "osm_id": 772554226, "name": null}}, {"type": "Feature", "geometry": {"type": "Point", "coordinates": [121.0694487, 14.616631]}, "properties": {"city": "Quezon City", "category": "covered", "osm_type": "way", "osm_id": 783230579, "name": null}}, {"type": "Feature", "geometry": {"type": "Point", "coordinates": [121.0883368, 14.6971621]}, "properties": {"city": "Quezon City", "category": "covered", "osm_type": "way", "osm_id": 791200918, "name": null}}, {"type": "Feature", "geometry": {"type": "Point", "coordinates": [120.9935059, 14.6398107]}, "properties": {"city": "Quezon City", "category": "covered", "osm_type": "way", "osm_id": 793774564, "name": null}}, {"type": "Feature", "geometry": {"type": "Point", "coordinates": [121.0400829, 14.690031]}, "properties": {"city": "Quezon City", "category": "covered", "osm_type": "way", "osm_id": 794217742, "name": null}}, {"type": "Feature", "geometry": {"type": "Point", "coordinates": [121.0174834, 14.7174413]}, "properties": {"city": "Quezon City", "category": "covered", "osm_type": "way", "osm_id": 794230458, "name": null}}, {"type": "Feature", "geometry": {"type": "Point", "coordinates": [121.0431445, 14.7251941]}, "properties": {"city": "Quezon City", "category": "covered", "osm_type": "way", "osm_id": 794235495, "name": null}}, {"type": "Feature", "geometry": {"type": "Point", "coordinates": [121.0430731, 14.6884046]}, "properties": {"city": "Quezon City", "category": "covered", "osm_type": "way", "osm_id": 794238514, "name": null}}, {"type": "Feature", "geometry": {"type": "Point", "coordinates": [121.0376438, 14.6793549]}, "properties": {"city": "Quezon City", "category": "covered", "osm_type": "way", "osm_id": 794244620, "name": null}}, {"type": "Feature", "geometry": {"type": "Point", "coordinates": [121.0374978, 14.7357959]}, "properties": {"city": "Quezon City", "category": "covered", "osm_type": "way", "osm_id": 794262795, "name": null}}, {"type": "Feature", "geometry": {"type": "Point", "coordinates": [121.0204535, 14.6842027]}, "properties": {"city": "Quezon City", "category": "covered", "osm_type": "way", "osm_id": 794266180, "name": null}}, {"type": "Feature", "geometry": {"type": "Point", "coordinates": [121.0440684, 14.6667434]}, "properties": {"city": "Quezon City", "category": "covered", "osm_type": "way", "osm_id": 794276755, "name": null}}, {"type": "Feature", "geometry": {"type": "Point", "coordinates": [121.0586186, 14.7296161]}, "properties": {"city": "Quezon City", "category": "covered", "osm_type": "way", "osm_id": 794279343, "name": null}}, {"type": "Feature", "geometry": {"type": "Point", "coordinates": [121.0479131, 14.6647031]}, "properties": {"city": "Quezon City", "category": "outdoor", "osm_type": "way", "osm_id": 794302278, "name": null}}, {"type": "Feature", "geometry": {"type": "Point", "coordinates": [121.0832493, 14.7060153]}, "properties": {"city": "Quezon City", "category": "outdoor", "osm_type": "way", "osm_id": 794305414, "name": null}}, {"type": "Feature", "geometry": {"type": "Point", "coordinates": [121.0818183, 14.6713105]}, "properties": {"city": "Quezon City", "category": "covered", "osm_type": "way", "osm_id": 794313858, "name": null}}, {"type": "Feature", "geometry": {"type": "Point", "coordinates": [121.0273509, 14.7177151]}, "properties": {"city": "Quezon City", "category": "covered", "osm_type": "way", "osm_id": 794326886, "name": null}}, {"type": "Feature", "geometry": {"type": "Point", "coordinates": [121.0635015, 14.65965]}, "properties": {"city": "Quezon City", "category": "covered", "osm_type": "way", "osm_id": 794332117, "name": "UP CHK New Weights Room"}}, {"type": "Feature", "geometry": {"type": "Point", "coordinates": [121.040972, 14.6950284]}, "properties": {"city": "Quezon City", "category": "covered", "osm_type": "way", "osm_id": 794348505, "name": null}}, {"type": "Feature", "geometry": {"type": "Point", "coordinates": [121.0395295, 14.6957379]}, "properties": {"city": "Quezon City", "category": "covered", "osm_type": "way", "osm_id": 794348530, "name": null}}, {"type": "Feature", "geometry": {"type": "Point", "coordinates": [121.0521309, 14.726353]}, "properties": {"city": "Quezon City", "category": "outdoor", "osm_type": "way", "osm_id": 794355992, "name": null}}, {"type": "Feature", "geometry": {"type": "Point", "coordinates": [121.0815685, 14.6739032]}, "properties": {"city": "Quezon City", "category": "outdoor", "osm_type": "way", "osm_id": 794428602, "name": null}}, {"type": "Feature", "geometry": {"type": "Point", "coordinates": [121.0998784, 14.6764506]}, "properties": {"city": "Quezon City", "category": "covered", "osm_type": "way", "osm_id": 794602721, "name": null}}, {"type": "Feature", "geometry": {"type": "Point", "coordinates": [121.054343, 14.6734891]}, "properties": {"city": "Quezon City", "category": "covered", "osm_type": "way", "osm_id": 794646316, "name": "The Attack Arena"}}, {"type": "Feature", "geometry": {"type": "Point", "coordinates": [121.0879627, 14.7095451]}, "properties": {"city": "Quezon City", "category": "outdoor", "osm_type": "way", "osm_id": 794646340, "name": null}}, {"type": "Feature", "geometry": {"type": "Point", "coordinates": [121.0308218, 14.6999053]}, "properties": {"city": "Quezon City", "category": "covered", "osm_type": "way", "osm_id": 794671006, "name": null}}, {"type": "Feature", "geometry": {"type": "Point", "coordinates": [121.108088, 14.716869]}, "properties": {"city": "Quezon City", "category": "covered", "osm_type": "way", "osm_id": 794686855, "name": null}}, {"type": "Feature", "geometry": {"type": "Point", "coordinates": [121.0804739, 14.6897837]}, "properties": {"city": "Quezon City", "category": "covered", "osm_type": "way", "osm_id": 795076865, "name": null}}, {"type": "Feature", "geometry": {"type": "Point", "coordinates": [121.0724429, 14.6614534]}, "properties": {"city": "Quezon City", "category": "covered", "osm_type": "way", "osm_id": 795077239, "name": "UP Community Court"}}, {"type": "Feature", "geometry": {"type": "Point", "coordinates": [121.0286647, 14.7169104]}, "properties": {"city": "Quezon City", "category": "covered", "osm_type": "way", "osm_id": 795098306, "name": null}}, {"type": "Feature", "geometry": {"type": "Point", "coordinates": [121.0496445, 14.7414688]}, "properties": {"city": "Quezon City", "category": "outdoor", "osm_type": "way", "osm_id": 795132767, "name": null}}, {"type": "Feature", "geometry": {"type": "Point", "coordinates": [121.0789903, 14.6687401]}, "properties": {"city": "Quezon City", "category": "covered", "osm_type": "way", "osm_id": 795134618, "name": null}}, {"type": "Feature", "geometry": {"type": "Point", "coordinates": [121.0250006, 14.7236903]}, "properties": {"city": "Quezon City", "category": "covered", "osm_type": "way", "osm_id": 795134778, "name": null}}, {"type": "Feature", "geometry": {"type": "Point", "coordinates": [121.0394891, 14.6519902]}, "properties": {"city": "Quezon City", "category": "covered", "osm_type": "way", "osm_id": 795161933, "name": null}}, {"type": "Feature", "geometry": {"type": "Point", "coordinates": [121.0390271, 14.6837333]}, "properties": {"city": "Quezon City", "category": "covered", "osm_type": "way", "osm_id": 795167489, "name": null}}, {"type": "Feature", "geometry": {"type": "Point", "coordinates": [121.0439312, 14.6866963]}, "properties": {"city": "Quezon City", "category": "outdoor", "osm_type": "way", "osm_id": 795169614, "name": null}}, {"type": "Feature", "geometry": {"type": "Point", "coordinates": [121.0248593, 14.6910499]}, "properties": {"city": "Quezon City", "category": "covered", "osm_type": "way", "osm_id": 795186360, "name": null}}, {"type": "Feature", "geometry": {"type": "Point", "coordinates": [121.0598237, 14.6886683]}, "properties": {"city": "Quezon City", "category": "covered", "osm_type": "way", "osm_id": 795192714, "name": null}}, {"type": "Feature", "geometry": {"type": "Point", "coordinates": [121.0432772, 14.6775157]}, "properties": {"city": "Quezon City", "category": "covered", "osm_type": "way", "osm_id": 795482535, "name": null}}, {"type": "Feature", "geometry": {"type": "Point", "coordinates": [121.0279892, 14.7269731]}, "properties": {"city": "Quezon City", "category": "covered", "osm_type": "way", "osm_id": 795486009, "name": null}}, {"type": "Feature", "geometry": {"type": "Point", "coordinates": [121.1115717, 14.6975928]}, "properties": {"city": "Quezon City", "category": "covered", "osm_type": "way", "osm_id": 795503813, "name": null}}, {"type": "Feature", "geometry": {"type": "Point", "coordinates": [121.1078168, 14.6947101]}, "properties": {"city": "Quezon City", "category": "covered", "osm_type": "way", "osm_id": 795504549, "name": null}}, {"type": "Feature", "geometry": {"type": "Point", "coordinates": [121.0423237, 14.733164]}, "properties": {"city": "Quezon City", "category": "covered", "osm_type": "way", "osm_id": 795512957, "name": null}}, {"type": "Feature", "geometry": {"type": "Point", "coordinates": [121.0308129, 14.649566]}, "properties": {"city": "Quezon City", "category": "outdoor", "osm_type": "way", "osm_id": 795530997, "name": null}}, {"type": "Feature", "geometry": {"type": "Point", "coordinates": [121.0271439, 14.6870712]}, "properties": {"city": "Quezon City", "category": "covered", "osm_type": "way", "osm_id": 795646749, "name": null}}, {"type": "Feature", "geometry": {"type": "Point", "coordinates": [121.0375709, 14.6300776]}, "properties": {"city": "Quezon City", "category": "covered", "osm_type": "way", "osm_id": 795656275, "name": null}}, {"type": "Feature", "geometry": {"type": "Point", "coordinates": [121.0790703, 14.675956]}, "properties": {"city": "Quezon City", "category": "outdoor", "osm_type": "way", "osm_id": 795839726, "name": null}}, {"type": "Feature", "geometry": {"type": "Point", "coordinates": [121.0210786, 14.6245102]}, "properties": {"city": "Quezon City", "category": "outdoor", "osm_type": "way", "osm_id": 795844908, "name": null}}, {"type": "Feature", "geometry": {"type": "Point", "coordinates": [121.007141, 14.6478779]}, "properties": {"city": "Quezon City", "category": "outdoor", "osm_type": "way", "osm_id": 795866991, "name": null}}, {"type": "Feature", "geometry": {"type": "Point", "coordinates": [121.0497231, 14.7317038]}, "properties": {"city": "Quezon City", "category": "covered", "osm_type": "way", "osm_id": 795883670, "name": null}}, {"type": "Feature", "geometry": {"type": "Point", "coordinates": [121.0489632, 14.7325576]}, "properties": {"city": "Quezon City", "category": "covered", "osm_type": "way", "osm_id": 795883799, "name": null}}, {"type": "Feature", "geometry": {"type": "Point", "coordinates": [121.110051, 14.6970113]}, "properties": {"city": "Quezon City", "category": "covered", "osm_type": "way", "osm_id": 796287865, "name": null}}, {"type": "Feature", "geometry": {"type": "Point", "coordinates": [121.06525, 14.6239257]}, "properties": {"city": "Quezon City", "category": "covered", "osm_type": "way", "osm_id": 796317342, "name": null}}, {"type": "Feature", "geometry": {"type": "Point", "coordinates": [121.0374855, 14.6913597]}, "properties": {"city": "Quezon City", "category": "covered", "osm_type": "way", "osm_id": 796545147, "name": "Richland 1 Park"}}, {"type": "Feature", "geometry": {"type": "Point", "coordinates": [121.1095524, 14.6932552]}, "properties": {"city": "Quezon City", "category": "covered", "osm_type": "way", "osm_id": 796696825, "name": null}}, {"type": "Feature", "geometry": {"type": "Point", "coordinates": [121.0388815, 14.7350534]}, "properties": {"city": "Quezon City", "category": "covered", "osm_type": "way", "osm_id": 796706731, "name": null}}, {"type": "Feature", "geometry": {"type": "Point", "coordinates": [121.0482081, 14.6813358]}, "properties": {"city": "Quezon City", "category": "covered", "osm_type": "way", "osm_id": 796731172, "name": "Marcel Village Covered Court"}}, {"type": "Feature", "geometry": {"type": "Point", "coordinates": [121.0481756, 14.6846088]}, "properties": {"city": "Quezon City", "category": "covered", "osm_type": "way", "osm_id": 796737842, "name": null}}, {"type": "Feature", "geometry": {"type": "Point", "coordinates": [121.1116521, 14.699178]}, "properties": {"city": "Quezon City", "category": "covered", "osm_type": "way", "osm_id": 796739385, "name": null}}, {"type": "Feature", "geometry": {"type": "Point", "coordinates": [121.0369482, 14.7016912]}, "properties": {"city": "Quezon City", "category": "covered", "osm_type": "way", "osm_id": 796753262, "name": null}}, {"type": "Feature", "geometry": {"type": "Point", "coordinates": [121.038412, 14.7122567]}, "properties": {"city": "Quezon City", "category": "covered", "osm_type": "way", "osm_id": 796844855, "name": null}}, {"type": "Feature", "geometry": {"type": "Point", "coordinates": [121.0334671, 14.6841733]}, "properties": {"city": "Quezon City", "category": "covered", "osm_type": "way", "osm_id": 796861245, "name": null}}, {"type": "Feature", "geometry": {"type": "Point", "coordinates": [121.0633505, 14.7000446]}, "properties": {"city": "Quezon City", "category": "outdoor", "osm_type": "way", "osm_id": 796871934, "name": null}}, {"type": "Feature", "geometry": {"type": "Point", "coordinates": [121.0568825, 14.7040938]}, "properties": {"city": "Quezon City", "category": "outdoor", "osm_type": "way", "osm_id": 796878580, "name": null}}, {"type": "Feature", "geometry": {"type": "Point", "coordinates": [121.053433, 14.7040323]}, "properties": {"city": "Quezon City", "category": "covered", "osm_type": "way", "osm_id": 796878723, "name": "Homeland Park"}}, {"type": "Feature", "geometry": {"type": "Point", "coordinates": [121.0722535, 14.6754777]}, "properties": {"city": "Quezon City", "category": "covered", "osm_type": "way", "osm_id": 797208802, "name": null}}, {"type": "Feature", "geometry": {"type": "Point", "coordinates": [121.0619672, 14.7051004]}, "properties": {"city": "Quezon City", "category": "outdoor", "osm_type": "way", "osm_id": 797212235, "name": "SSS Basketball Court"}}, {"type": "Feature", "geometry": {"type": "Point", "coordinates": [121.0449806, 14.708106]}, "properties": {"city": "Quezon City", "category": "covered", "osm_type": "way", "osm_id": 797243115, "name": null}}, {"type": "Feature", "geometry": {"type": "Point", "coordinates": [121.0744633, 14.6811861]}, "properties": {"city": "Quezon City", "category": "covered", "osm_type": "way", "osm_id": 797248815, "name": null}}, {"type": "Feature", "geometry": {"type": "Point", "coordinates": [121.0720149, 14.6784243]}, "properties": {"city": "Quezon City", "category": "covered", "osm_type": "way", "osm_id": 797249068, "name": null}}, {"type": "Feature", "geometry": {"type": "Point", "coordinates": [121.0216232, 14.6296248]}, "properties": {"city": "Quezon City", "category": "outdoor", "osm_type": "way", "osm_id": 797350055, "name": null}}, {"type": "Feature", "geometry": {"type": "Point", "coordinates": [121.090794, 14.7133026]}, "properties": {"city": "Quezon City", "category": "covered", "osm_type": "way", "osm_id": 797666918, "name": null}}, {"type": "Feature", "geometry": {"type": "Point", "coordinates": [121.0578131, 14.7413063]}, "properties": {"city": "Quezon City", "category": "covered", "osm_type": "way", "osm_id": 797745347, "name": null}}, {"type": "Feature", "geometry": {"type": "Point", "coordinates": [121.0574725, 14.7061226]}, "properties": {"city": "Quezon City", "category": "covered", "osm_type": "way", "osm_id": 797753025, "name": "Milenyo Covered Court"}}, {"type": "Feature", "geometry": {"type": "Point", "coordinates": [121.0694323, 14.6789598]}, "properties": {"city": "Quezon City", "category": "outdoor", "osm_type": "way", "osm_id": 797770395, "name": null}}, {"type": "Feature", "geometry": {"type": "Point", "coordinates": [121.0325534, 14.7268335]}, "properties": {"city": "Quezon City", "category": "covered", "osm_type": "way", "osm_id": 797773439, "name": null}}, {"type": "Feature", "geometry": {"type": "Point", "coordinates": [121.03371, 14.6796826]}, "properties": {"city": "Quezon City", "category": "covered", "osm_type": "way", "osm_id": 797815839, "name": null}}, {"type": "Feature", "geometry": {"type": "Point", "coordinates": [121.0553321, 14.6809658]}, "properties": {"city": "Quezon City", "category": "covered", "osm_type": "way", "osm_id": 797835533, "name": "Pingkian 1 Central Covered Court"}}, {"type": "Feature", "geometry": {"type": "Point", "coordinates": [121.0504038, 14.7000088]}, "properties": {"city": "Quezon City", "category": "covered", "osm_type": "way", "osm_id": 797871208, "name": null}}, {"type": "Feature", "geometry": {"type": "Point", "coordinates": [121.0817626, 14.68818]}, "properties": {"city": "Quezon City", "category": "outdoor", "osm_type": "way", "osm_id": 798240861, "name": null}}, {"type": "Feature", "geometry": {"type": "Point", "coordinates": [121.0661908, 14.6400651]}, "properties": {"city": "Quezon City", "category": "covered", "osm_type": "way", "osm_id": 798245713, "name": null}}, {"type": "Feature", "geometry": {"type": "Point", "coordinates": [121.073422, 14.6946272]}, "properties": {"city": "Quezon City", "category": "covered", "osm_type": "way", "osm_id": 798249179, "name": null}}, {"type": "Feature", "geometry": {"type": "Point", "coordinates": [121.095563, 14.7019661]}, "properties": {"city": "Quezon City", "category": "covered", "osm_type": "way", "osm_id": 798258372, "name": null}}, {"type": "Feature", "geometry": {"type": "Point", "coordinates": [121.0131195, 14.6513452]}, "properties": {"city": "Quezon City", "category": "outdoor", "osm_type": "way", "osm_id": 798757891, "name": "Parkway Village Covered Court"}}, {"type": "Feature", "geometry": {"type": "Point", "coordinates": [121.064149, 14.7175903]}, "properties": {"city": "Quezon City", "category": "covered", "osm_type": "way", "osm_id": 799256766, "name": null}}, {"type": "Feature", "geometry": {"type": "Point", "coordinates": [121.0396771, 14.6931566]}, "properties": {"city": "Quezon City", "category": "covered", "osm_type": "way", "osm_id": 799475968, "name": null}}, {"type": "Feature", "geometry": {"type": "Point", "coordinates": [121.0715212, 14.6927566]}, "properties": {"city": "Quezon City", "category": "covered", "osm_type": "way", "osm_id": 799562330, "name": null}}, {"type": "Feature", "geometry": {"type": "Point", "coordinates": [121.0916778, 14.6861754]}, "properties": {"city": "Quezon City", "category": "covered", "osm_type": "way", "osm_id": 799564247, "name": null}}, {"type": "Feature", "geometry": {"type": "Point", "coordinates": [121.0635356, 14.6390717]}, "properties": {"city": "Quezon City", "category": "covered", "osm_type": "way", "osm_id": 800189529, "name": null}}, {"type": "Feature", "geometry": {"type": "Point", "coordinates": [121.0837471, 14.6957765]}, "properties": {"city": "Quezon City", "category": "covered", "osm_type": "way", "osm_id": 800605667, "name": null}}, {"type": "Feature", "geometry": {"type": "Point", "coordinates": [121.1009504, 14.7004813]}, "properties": {"city": "Quezon City", "category": "covered", "osm_type": "way", "osm_id": 800606437, "name": null}}, {"type": "Feature", "geometry": {"type": "Point", "coordinates": [121.088106, 14.6976928]}, "properties": {"city": "Quezon City", "category": "covered", "osm_type": "way", "osm_id": 800736719, "name": null}}, {"type": "Feature", "geometry": {"type": "Point", "coordinates": [121.088187, 14.702077]}, "properties": {"city": "Quezon City", "category": "covered", "osm_type": "way", "osm_id": 800903693, "name": "Winnie Castelo Welfare Complex"}}, {"type": "Feature", "geometry": {"type": "Point", "coordinates": [121.0798019, 14.6696273]}, "properties": {"city": "Quezon City", "category": "covered", "osm_type": "way", "osm_id": 803554672, "name": null}}, {"type": "Feature", "geometry": {"type": "Point", "coordinates": [121.0699838, 14.6952671]}, "properties": {"city": "Quezon City", "category": "outdoor", "osm_type": "way", "osm_id": 809054908, "name": null}}, {"type": "Feature", "geometry": {"type": "Point", "coordinates": [121.0588764, 14.705345]}, "properties": {"city": "Quezon City", "category": "covered", "osm_type": "way", "osm_id": 809077789, "name": null}}, {"type": "Feature", "geometry": {"type": "Point", "coordinates": [121.0818684, 14.6582001]}, "properties": {"city": "Quezon City", "category": "outdoor", "osm_type": "way", "osm_id": 810355611, "name": null}}, {"type": "Feature", "geometry": {"type": "Point", "coordinates": [121.049538, 14.7045432]}, "properties": {"city": "Quezon City", "category": "covered", "osm_type": "way", "osm_id": 810646395, "name": null}}, {"type": "Feature", "geometry": {"type": "Point", "coordinates": [121.0423005, 14.6705615]}, "properties": {"city": "Quezon City", "category": "outdoor", "osm_type": "way", "osm_id": 810692724, "name": null}}, {"type": "Feature", "geometry": {"type": "Point", "coordinates": [121.0389274, 14.6810191]}, "properties": {"city": "Quezon City", "category": "outdoor", "osm_type": "way", "osm_id": 810907018, "name": null}}, {"type": "Feature", "geometry": {"type": "Point", "coordinates": [121.0603258, 14.7270584]}, "properties": {"city": "Quezon City", "category": "outdoor", "osm_type": "way", "osm_id": 845025697, "name": "Open Court"}}, {"type": "Feature", "geometry": {"type": "Point", "coordinates": [121.0437855, 14.7237983]}, "properties": {"city": "Quezon City", "category": "outdoor", "osm_type": "way", "osm_id": 845216551, "name": null}}, {"type": "Feature", "geometry": {"type": "Point", "coordinates": [121.018365, 14.6428776]}, "properties": {"city": "Quezon City", "category": "outdoor", "osm_type": "way", "osm_id": 887541865, "name": null}}, {"type": "Feature", "geometry": {"type": "Point", "coordinates": [121.0551471, 14.6345224]}, "properties": {"city": "Quezon City", "category": "outdoor", "osm_type": "way", "osm_id": 900553124, "name": null}}, {"type": "Feature", "geometry": {"type": "Point", "coordinates": [121.0373393, 14.664478]}, "properties": {"city": "Quezon City", "category": "covered", "osm_type": "way", "osm_id": 923703582, "name": null}}, {"type": "Feature", "geometry": {"type": "Point", "coordinates": [121.099199, 14.6896651]}, "properties": {"city": "Quezon City", "category": "covered", "osm_type": "way", "osm_id": 925576387, "name": "CHCS Covered Court"}}, {"type": "Feature", "geometry": {"type": "Point", "coordinates": [121.068026, 14.6009933]}, "properties": {"city": "Quezon City", "category": "outdoor", "osm_type": "way", "osm_id": 929477908, "name": null}}, {"type": "Feature", "geometry": {"type": "Point", "coordinates": [121.0576244, 14.6204143]}, "properties": {"city": "Quezon City", "category": "outdoor", "osm_type": "way", "osm_id": 931610604, "name": null}}, {"type": "Feature", "geometry": {"type": "Point", "coordinates": [121.041943, 14.693219]}, "properties": {"city": "Quezon City", "category": "outdoor", "osm_type": "way", "osm_id": 932293813, "name": null}}, {"type": "Feature", "geometry": {"type": "Point", "coordinates": [121.0376616, 14.7237915]}, "properties": {"city": "Quezon City", "category": "covered", "osm_type": "way", "osm_id": 941710200, "name": "Millionaire's Covered Court"}}, {"type": "Feature", "geometry": {"type": "Point", "coordinates": [121.0365035, 14.7280023]}, "properties": {"city": "Quezon City", "category": "covered", "osm_type": "way", "osm_id": 941731841, "name": null}}, {"type": "Feature", "geometry": {"type": "Point", "coordinates": [121.0540943, 14.7158027]}, "properties": {"city": "Quezon City", "category": "covered", "osm_type": "way", "osm_id": 975857236, "name": "Geneva Gardens Covered Court"}}, {"type": "Feature", "geometry": {"type": "Point", "coordinates": [121.0591955, 14.6847656]}, "properties": {"city": "Quezon City", "category": "covered", "osm_type": "way", "osm_id": 975857647, "name": "Fern Village Covered Court"}}, {"type": "Feature", "geometry": {"type": "Point", "coordinates": [121.0190279, 14.6318736]}, "properties": {"city": "Quezon City", "category": "outdoor", "osm_type": "way", "osm_id": 987560991, "name": null}}, {"type": "Feature", "geometry": {"type": "Point", "coordinates": [121.0309853, 14.6497286]}, "properties": {"city": "Quezon City", "category": "outdoor", "osm_type": "way", "osm_id": 987570111, "name": null}}, {"type": "Feature", "geometry": {"type": "Point", "coordinates": [121.049873, 14.6948825]}, "properties": {"city": "Quezon City", "category": "outdoor", "osm_type": "way", "osm_id": 1046709864, "name": null}}, {"type": "Feature", "geometry": {"type": "Point", "coordinates": [121.0283089, 14.6964585]}, "properties": {"city": "Quezon City", "category": "covered", "osm_type": "way", "osm_id": 1078400924, "name": null}}, {"type": "Feature", "geometry": {"type": "Point", "coordinates": [121.0954873, 14.6819383]}, "properties": {"city": "Quezon City", "category": "outdoor", "osm_type": "way", "osm_id": 1090624605, "name": null}}, {"type": "Feature", "geometry": {"type": "Point", "coordinates": [120.9974751, 14.6541707]}, "properties": {"city": "Quezon City", "category": "outdoor", "osm_type": "way", "osm_id": 1094375960, "name": null}}, {"type": "Feature", "geometry": {"type": "Point", "coordinates": [121.031446, 14.667899]}, "properties": {"city": "Quezon City", "category": "outdoor", "osm_type": "way", "osm_id": 1096166470, "name": null}}, {"type": "Feature", "geometry": {"type": "Point", "coordinates": [121.0167974, 14.6824001]}, "properties": {"city": "Quezon City", "category": "outdoor", "osm_type": "way", "osm_id": 1096886289, "name": null}}, {"type": "Feature", "geometry": {"type": "Point", "coordinates": [121.053764, 14.6914027]}, "properties": {"city": "Quezon City", "category": "outdoor", "osm_type": "way", "osm_id": 1100743216, "name": null}}, {"type": "Feature", "geometry": {"type": "Point", "coordinates": [121.0514437, 14.702194]}, "properties": {"city": "Quezon City", "category": "covered", "osm_type": "way", "osm_id": 1100770025, "name": null}}, {"type": "Feature", "geometry": {"type": "Point", "coordinates": [121.0439975, 14.7041543]}, "properties": {"city": "Quezon City", "category": "outdoor", "osm_type": "way", "osm_id": 1100979451, "name": null}}, {"type": "Feature", "geometry": {"type": "Point", "coordinates": [121.0623931, 14.6871284]}, "properties": {"city": "Quezon City", "category": "covered", "osm_type": "way", "osm_id": 1102782218, "name": null}}, {"type": "Feature", "geometry": {"type": "Point", "coordinates": [121.041724, 14.7108741]}, "properties": {"city": "Quezon City", "category": "outdoor", "osm_type": "way", "osm_id": 1103996774, "name": null}}, {"type": "Feature", "geometry": {"type": "Point", "coordinates": [121.0334544, 14.709706]}, "properties": {"city": "Quezon City", "category": "outdoor", "osm_type": "way", "osm_id": 1104338614, "name": null}}, {"type": "Feature", "geometry": {"type": "Point", "coordinates": [121.1030967, 14.7096162]}, "properties": {"city": "Quezon City", "category": "covered", "osm_type": "way", "osm_id": 1106741927, "name": null}}, {"type": "Feature", "geometry": {"type": "Point", "coordinates": [121.1094447, 14.6960389]}, "properties": {"city": "Quezon City", "category": "covered", "osm_type": "way", "osm_id": 1107227003, "name": null}}, {"type": "Feature", "geometry": {"type": "Point", "coordinates": [121.1096946, 14.6937416]}, "properties": {"city": "Quezon City", "category": "covered", "osm_type": "way", "osm_id": 1107229814, "name": null}}, {"type": "Feature", "geometry": {"type": "Point", "coordinates": [121.0687515, 14.6191654]}, "properties": {"city": "Quezon City", "category": "covered", "osm_type": "way", "osm_id": 1109899680, "name": null}}, {"type": "Feature", "geometry": {"type": "Point", "coordinates": [121.1018864, 14.6823348]}, "properties": {"city": "Quezon City", "category": "covered", "osm_type": "way", "osm_id": 1113494049, "name": null}}, {"type": "Feature", "geometry": {"type": "Point", "coordinates": [121.1007199, 14.685408]}, "properties": {"city": "Quezon City", "category": "covered", "osm_type": "way", "osm_id": 1113504744, "name": "Area A Talanay Covered Court"}}, {"type": "Feature", "geometry": {"type": "Point", "coordinates": [121.0948699, 14.6868045]}, "properties": {"city": "Quezon City", "category": "covered", "osm_type": "way", "osm_id": 1113532950, "name": null}}, {"type": "Feature", "geometry": {"type": "Point", "coordinates": [121.0385296, 14.733111]}, "properties": {"city": "Quezon City", "category": "covered", "osm_type": "way", "osm_id": 1115641804, "name": null}}, {"type": "Feature", "geometry": {"type": "Point", "coordinates": [121.0578297, 14.6840477]}, "properties": {"city": "Quezon City", "category": "outdoor", "osm_type": "way", "osm_id": 1130631977, "name": "Marcos Compound Basketball Court"}}, {"type": "Feature", "geometry": {"type": "Point", "coordinates": [121.0678671, 14.6275773]}, "properties": {"city": "Quezon City", "category": "outdoor", "osm_type": "way", "osm_id": 1134401143, "name": null}}, {"type": "Feature", "geometry": {"type": "Point", "coordinates": [121.0086041, 14.6333565]}, "properties": {"city": "Quezon City", "category": "outdoor", "osm_type": "way", "osm_id": 1193296515, "name": "SGS Stadium"}}, {"type": "Feature", "geometry": {"type": "Point", "coordinates": [121.0635696, 14.6519031]}, "properties": {"city": "Quezon City", "category": "covered", "osm_type": "way", "osm_id": 1203404102, "name": null}}, {"type": "Feature", "geometry": {"type": "Point", "coordinates": [121.0637977, 14.651884]}, "properties": {"city": "Quezon City", "category": "covered", "osm_type": "way", "osm_id": 1203404103, "name": null}}, {"type": "Feature", "geometry": {"type": "Point", "coordinates": [121.062743, 14.7076803]}, "properties": {"city": "Quezon City", "category": "outdoor", "osm_type": "way", "osm_id": 1203980784, "name": null}}, {"type": "Feature", "geometry": {"type": "Point", "coordinates": [121.0456705, 14.7410352]}, "properties": {"city": "Quezon City", "category": "covered", "osm_type": "way", "osm_id": 1224006890, "name": "Saint Jude Covered Court"}}, {"type": "Feature", "geometry": {"type": "Point", "coordinates": [121.0982532, 14.6756574]}, "properties": {"city": "Quezon City", "category": "outdoor", "osm_type": "way", "osm_id": 1226896478, "name": null}}, {"type": "Feature", "geometry": {"type": "Point", "coordinates": [121.033694, 14.6625178]}, "properties": {"city": "Quezon City", "category": "covered", "osm_type": "way", "osm_id": 1303231551, "name": "Multipurpose Covered Court"}}, {"type": "Feature", "geometry": {"type": "Point", "coordinates": [121.0406835, 14.7278483]}, "properties": {"city": "Quezon City", "category": "outdoor", "osm_type": "way", "osm_id": 1304613242, "name": null}}, {"type": "Feature", "geometry": {"type": "Point", "coordinates": [121.053134, 14.7070897]}, "properties": {"city": "Quezon City", "category": "outdoor", "osm_type": "way", "osm_id": 1316655434, "name": null}}, {"type": "Feature", "geometry": {"type": "Point", "coordinates": [121.009863, 14.6271888]}, "properties": {"city": "Quezon City", "category": "outdoor", "osm_type": "way", "osm_id": 1325627811, "name": null}}, {"type": "Feature", "geometry": {"type": "Point", "coordinates": [121.0158662, 14.6784119]}, "properties": {"city": "Quezon City", "category": "outdoor", "osm_type": "way", "osm_id": 1349207316, "name": null}}, {"type": "Feature", "geometry": {"type": "Point", "coordinates": [121.068259, 14.6274547]}, "properties": {"city": "Quezon City", "category": "outdoor", "osm_type": "way", "osm_id": 1383672868, "name": null}}, {"type": "Feature", "geometry": {"type": "Point", "coordinates": [121.0863549, 14.6825493]}, "properties": {"city": "Quezon City", "category": "outdoor", "osm_type": "way", "osm_id": 1430821071, "name": null}}, {"type": "Feature", "geometry": {"type": "Point", "coordinates": [121.0365518, 14.6507719]}, "properties": {"city": "Quezon City", "category": "outdoor", "osm_type": "way", "osm_id": 1435795291, "name": null}}, {"type": "Feature", "geometry": {"type": "Point", "coordinates": [121.0668565, 14.6475371]}, "properties": {"city": "Quezon City", "category": "outdoor", "osm_type": "way", "osm_id": 1443040388, "name": "Area 17 Basketball Court"}}, {"type": "Feature", "geometry": {"type": "Point", "coordinates": [121.1166724, 14.7267966]}, "properties": {"city": "Quezon City", "category": "outdoor", "osm_type": "way", "osm_id": 1443457824, "name": null}}, {"type": "Feature", "geometry": {"type": "Point", "coordinates": [121.0757287, 14.6486887]}, "properties": {"city": "Quezon City", "category": "outdoor", "osm_type": "way", "osm_id": 1444555016, "name": "Bungad Basketball Court"}}, {"type": "Feature", "geometry": {"type": "Point", "coordinates": [121.0367114, 14.6287706]}, "properties": {"city": "Quezon City", "category": "outdoor", "osm_type": "way", "osm_id": 1446674732, "name": null}}, {"type": "Feature", "geometry": {"type": "Point", "coordinates": [121.1121858, 14.701607]}, "properties": {"city": "Quezon City", "category": "outdoor", "osm_type": "way", "osm_id": 1478500821, "name": null}}, {"type": "Feature", "geometry": {"type": "Point", "coordinates": [121.0380674, 14.659724]}, "properties": {"city": "Quezon City", "category": "covered", "osm_type": "way", "osm_id": 1491456412, "name": null}}, {"type": "Feature", "geometry": {"type": "Point", "coordinates": [120.9896024, 14.5980199]}, "properties": {"city": "Manila", "category": "outdoor", "osm_type": "node", "osm_id": 4167297132, "name": null}}, {"type": "Feature", "geometry": {"type": "Point", "coordinates": [121.0096092, 14.5740742]}, "properties": {"city": "Manila", "category": "outdoor", "osm_type": "node", "osm_id": 6336919497, "name": null}}, {"type": "Feature", "geometry": {"type": "Point", "coordinates": [121.0122974, 14.5881131]}, "properties": {"city": "Manila", "category": "outdoor", "osm_type": "node", "osm_id": 6507633764, "name": null}}, {"type": "Feature", "geometry": {"type": "Point", "coordinates": [121.0144673, 14.5789661]}, "properties": {"city": "Manila", "category": "outdoor", "osm_type": "node", "osm_id": 6554799322, "name": null}}, {"type": "Feature", "geometry": {"type": "Point", "coordinates": [120.9731995, 14.6080176]}, "properties": {"city": "Manila", "category": "outdoor", "osm_type": "node", "osm_id": 6836936335, "name": "Tutuban Indoor Basketball Court"}}, {"type": "Feature", "geometry": {"type": "Point", "coordinates": [120.9845366, 14.5847503]}, "properties": {"city": "Manila", "category": "outdoor", "osm_type": "node", "osm_id": 9800587172, "name": null}}, {"type": "Feature", "geometry": {"type": "Point", "coordinates": [120.9776969, 14.5909742]}, "properties": {"city": "Manila", "category": "outdoor", "osm_type": "node", "osm_id": 9953738860, "name": null}}, {"type": "Feature", "geometry": {"type": "Point", "coordinates": [121.0023626, 14.5885486]}, "properties": {"city": "Manila", "category": "outdoor", "osm_type": "node", "osm_id": 10877118473, "name": null}}, {"type": "Feature", "geometry": {"type": "Point", "coordinates": [120.9956832, 14.5864668]}, "properties": {"city": "Manila", "category": "outdoor", "osm_type": "node", "osm_id": 11738049361, "name": null}}, {"type": "Feature", "geometry": {"type": "Point", "coordinates": [120.9722242, 14.6193501]}, "properties": {"city": "Manila", "category": "outdoor", "osm_type": "node", "osm_id": 13738955061, "name": "Old Torres Covered Court"}}, {"type": "Feature", "geometry": {"type": "Point", "coordinates": [120.962979, 14.6271995]}, "properties": {"city": "Manila", "category": "outdoor", "osm_type": "node", "osm_id": 13738955065, "name": "Urban Deca Homes Covered Court"}}, {"type": "Feature", "geometry": {"type": "Point", "coordinates": [120.9759127, 14.5934906]}, "properties": {"city": "Manila", "category": "covered", "osm_type": "way", "osm_id": 24159757, "name": "Letran Knights Gym"}}, {"type": "Feature", "geometry": {"type": "Point", "coordinates": [121.0202137, 14.5956853]}, "properties": {"city": "Manila", "category": "outdoor", "osm_type": "way", "osm_id": 102651751, "name": null}}, {"type": "Feature", "geometry": {"type": "Point", "coordinates": [120.9929958, 14.6112595]}, "properties": {"city": "Manila", "category": "outdoor", "osm_type": "way", "osm_id": 119985342, "name": null}}, {"type": "Feature", "geometry": {"type": "Point", "coordinates": [120.9620126, 14.6164256]}, "properties": {"city": "Manila", "category": "covered", "osm_type": "way", "osm_id": 126174694, "name": null}}, {"type": "Feature", "geometry": {"type": "Point", "coordinates": [120.9633813, 14.6175126]}, "properties": {"city": "Manila", "category": "covered", "osm_type": "way", "osm_id": 126174702, "name": "Barangay 111 Covered Court"}}, {"type": "Feature", "geometry": {"type": "Point", "coordinates": [120.9630643, 14.6234461]}, "properties": {"city": "Manila", "category": "covered", "osm_type": "way", "osm_id": 126174703, "name": null}}, {"type": "Feature", "geometry": {"type": "Point", "coordinates": [120.9627333, 14.6187259]}, "properties": {"city": "Manila", "category": "outdoor", "osm_type": "way", "osm_id": 126174707, "name": null}}, {"type": "Feature", "geometry": {"type": "Point", "coordinates": [120.9624444, 14.6208954]}, "properties": {"city": "Manila", "category": "outdoor", "osm_type": "way", "osm_id": 126174725, "name": null}}, {"type": "Feature", "geometry": {"type": "Point", "coordinates": [120.9618853, 14.6218089]}, "properties": {"city": "Manila", "category": "outdoor", "osm_type": "way", "osm_id": 126174732, "name": "Barangay 103 Covered Court"}}, {"type": "Feature", "geometry": {"type": "Point", "coordinates": [120.9643921, 14.6190158]}, "properties": {"city": "Manila", "category": "covered", "osm_type": "way", "osm_id": 126174733, "name": null}}, {"type": "Feature", "geometry": {"type": "Point", "coordinates": [120.9621072, 14.6235019]}, "properties": {"city": "Manila", "category": "covered", "osm_type": "way", "osm_id": 126174738, "name": "Barangay 102 Covered Court"}}, {"type": "Feature", "geometry": {"type": "Point", "coordinates": [120.9845376, 14.587114]}, "properties": {"city": "Manila", "category": "covered", "osm_type": "way", "osm_id": 128969946, "name": "TUP Gymnasium"}}, {"type": "Feature", "geometry": {"type": "Point", "coordinates": [121.0049407, 14.5992873]}, "properties": {"city": "Manila", "category": "outdoor", "osm_type": "way", "osm_id": 131706202, "name": null}}, {"type": "Feature", "geometry": {"type": "Point", "coordinates": [120.9829972, 14.6313804]}, "properties": {"city": "Manila", "category": "outdoor", "osm_type": "way", "osm_id": 150158013, "name": null}}, {"type": "Feature", "geometry": {"type": "Point", "coordinates": [121.0134964, 14.5812544]}, "properties": {"city": "Manila", "category": "outdoor", "osm_type": "way", "osm_id": 154644834, "name": "Plaza Hugo"}}, {"type": "Feature", "geometry": {"type": "Point", "coordinates": [120.9967284, 14.6043899]}, "properties": {"city": "Manila", "category": "covered", "osm_type": "way", "osm_id": 160192407, "name": null}}, {"type": "Feature", "geometry": {"type": "Point", "coordinates": [120.9655619, 14.6028588]}, "properties": {"city": "Manila", "category": "covered", "osm_type": "way", "osm_id": 161424077, "name": null}}, {"type": "Feature", "geometry": {"type": "Point", "coordinates": [120.9617031, 14.6099051]}, "properties": {"city": "Manila", "category": "outdoor", "osm_type": "way", "osm_id": 161424078, "name": null}}, {"type": "Feature", "geometry": {"type": "Point", "coordinates": [120.963027, 14.6113128]}, "properties": {"city": "Manila", "category": "covered", "osm_type": "way", "osm_id": 161424079, "name": "Barangay 72 Covered Court"}}, {"type": "Feature", "geometry": {"type": "Point", "coordinates": [120.9618171, 14.6072524]}, "properties": {"city": "Manila", "category": "covered", "osm_type": "way", "osm_id": 161424080, "name": null}}, {"type": "Feature", "geometry": {"type": "Point", "coordinates": [120.9619143, 14.6136969]}, "properties": {"city": "Manila", "category": "outdoor", "osm_type": "way", "osm_id": 161424082, "name": null}}, {"type": "Feature", "geometry": {"type": "Point", "coordinates": [120.9640234, 14.6151322]}, "properties": {"city": "Manila", "category": "covered", "osm_type": "way", "osm_id": 161424083, "name": null}}, {"type": "Feature", "geometry": {"type": "Point", "coordinates": [120.964047, 14.6018119]}, "properties": {"city": "Manila", "category": "outdoor", "osm_type": "way", "osm_id": 161424084, "name": null}}, {"type": "Feature", "geometry": {"type": "Point", "coordinates": [120.9618069, 14.6085951]}, "properties": {"city": "Manila", "category": "outdoor", "osm_type": "way", "osm_id": 161424085, "name": null}}, {"type": "Feature", "geometry": {"type": "Point", "coordinates": [120.961868, 14.6055504]}, "properties": {"city": "Manila", "category": "covered", "osm_type": "way", "osm_id": 161424086, "name": null}}, {"type": "Feature", "geometry": {"type": "Point", "coordinates": [120.9955499, 14.5987463]}, "properties": {"city": "Manila", "category": "covered", "osm_type": "way", "osm_id": 165402881, "name": null}}, {"type": "Feature", "geometry": {"type": "Point", "coordinates": [120.9848708, 14.6001076]}, "properties": {"city": "Manila", "category": "outdoor", "osm_type": "way", "osm_id": 179242310, "name": null}}, {"type": "Feature", "geometry": {"type": "Point", "coordinates": [120.9894963, 14.6005256]}, "properties": {"city": "Manila", "category": "outdoor", "osm_type": "way", "osm_id": 179381148, "name": null}}, {"type": "Feature", "geometry": {"type": "Point", "coordinates": [120.9893704, 14.6002887]}, "properties": {"city": "Manila", "category": "outdoor", "osm_type": "way", "osm_id": 179381149, "name": null}}, {"type": "Feature", "geometry": {"type": "Point", "coordinates": [120.9852916, 14.5925615]}, "properties": {"city": "Manila", "category": "outdoor", "osm_type": "way", "osm_id": 179397085, "name": null}}, {"type": "Feature", "geometry": {"type": "Point", "coordinates": [120.9845582, 14.6043616]}, "properties": {"city": "Manila", "category": "outdoor", "osm_type": "way", "osm_id": 179410424, "name": null}}, {"type": "Feature", "geometry": {"type": "Point", "coordinates": [120.9890574, 14.598034]}, "properties": {"city": "Manila", "category": "outdoor", "osm_type": "way", "osm_id": 179650901, "name": null}}, {"type": "Feature", "geometry": {"type": "Point", "coordinates": [120.9859103, 14.6002052]}, "properties": {"city": "Manila", "category": "outdoor", "osm_type": "way", "osm_id": 179751963, "name": "Pagoda Basketball Court"}}, {"type": "Feature", "geometry": {"type": "Point", "coordinates": [120.9886225, 14.5985742]}, "properties": {"city": "Manila", "category": "outdoor", "osm_type": "way", "osm_id": 180798865, "name": null}}, {"type": "Feature", "geometry": {"type": "Point", "coordinates": [120.9900578, 14.5972941]}, "properties": {"city": "Manila", "category": "outdoor", "osm_type": "way", "osm_id": 180913225, "name": null}}, {"type": "Feature", "geometry": {"type": "Point", "coordinates": [120.9879583, 14.6086297]}, "properties": {"city": "Manila", "category": "covered", "osm_type": "way", "osm_id": 180923155, "name": "Padre Noval Gym"}}, {"type": "Feature", "geometry": {"type": "Point", "coordinates": [120.9685829, 14.6086606]}, "properties": {"city": "Manila", "category": "covered", "osm_type": "way", "osm_id": 181385561, "name": null}}, {"type": "Feature", "geometry": {"type": "Point", "coordinates": [120.9866112, 14.6061797]}, "properties": {"city": "Manila", "category": "outdoor", "osm_type": "way", "osm_id": 183104035, "name": "P.Paredes Basketball Court"}}, {"type": "Feature", "geometry": {"type": "Point", "coordinates": [120.9952392, 14.5636186]}, "properties": {"city": "Manila", "category": "outdoor", "osm_type": "way", "osm_id": 185283946, "name": "DLS-CSB Basketball Court"}}, {"type": "Feature", "geometry": {"type": "Point", "coordinates": [120.9823504, 14.6123993]}, "properties": {"city": "Manila", "category": "covered", "osm_type": "way", "osm_id": 187134643, "name": "Rizal Covered Court"}}, {"type": "Feature", "geometry": {"type": "Point", "coordinates": [120.9763061, 14.5931136]}, "properties": {"city": "Manila", "category": "outdoor", "osm_type": "way", "osm_id": 217725333, "name": null}}, {"type": "Feature", "geometry": {"type": "Point", "coordinates": [120.9767003, 14.5935058]}, "properties": {"city": "Manila", "category": "outdoor", "osm_type": "way", "osm_id": 217725335, "name": null}}, {"type": "Feature", "geometry": {"type": "Point", "coordinates": [120.9768236, 14.5933026]}, "properties": {"city": "Manila", "category": "outdoor", "osm_type": "way", "osm_id": 217725337, "name": null}}, {"type": "Feature", "geometry": {"type": "Point", "coordinates": [120.9830663, 14.6041924]}, "properties": {"city": "Manila", "category": "outdoor", "osm_type": "way", "osm_id": 223391202, "name": null}}, {"type": "Feature", "geometry": {"type": "Point", "coordinates": [120.9863615, 14.6160081]}, "properties": {"city": "Manila", "category": "covered", "osm_type": "way", "osm_id": 223813631, "name": "Paraiso ng Kabataan Sports Complex"}}, {"type": "Feature", "geometry": {"type": "Point", "coordinates": [120.9873905, 14.6206752]}, "properties": {"city": "Manila", "category": "outdoor", "osm_type": "way", "osm_id": 223813646, "name": null}}, {"type": "Feature", "geometry": {"type": "Point", "coordinates": [120.9923522, 14.5759994]}, "properties": {"city": "Manila", "category": "covered", "osm_type": "way", "osm_id": 243875829, "name": null}}, {"type": "Feature", "geometry": {"type": "Point", "coordinates": [120.9871423, 14.609616]}, "properties": {"city": "Manila", "category": "outdoor", "osm_type": "way", "osm_id": 247636785, "name": null}}, {"type": "Feature", "geometry": {"type": "Point", "coordinates": [120.9877541, 14.6087982]}, "properties": {"city": "Manila", "category": "outdoor", "osm_type": "way", "osm_id": 247636789, "name": null}}, {"type": "Feature", "geometry": {"type": "Point", "coordinates": [121.0129974, 14.6007139]}, "properties": {"city": "Manila", "category": "outdoor", "osm_type": "way", "osm_id": 255982397, "name": "Teresa Covered Court"}}, {"type": "Feature", "geometry": {"type": "Point", "coordinates": [121.0214562, 14.6001237]}, "properties": {"city": "Manila", "category": "outdoor", "osm_type": "way", "osm_id": 262309507, "name": "Likha Basketball Court"}}, {"type": "Feature", "geometry": {"type": "Point", "coordinates": [121.0200492, 14.6005825]}, "properties": {"city": "Manila", "category": "outdoor", "osm_type": "way", "osm_id": 262309614, "name": "Gitna Basketball Court"}}, {"type": "Feature", "geometry": {"type": "Point", "coordinates": [120.9972841, 14.5743767]}, "properties": {"city": "Manila", "category": "covered", "osm_type": "way", "osm_id": 262834184, "name": null}}, {"type": "Feature", "geometry": {"type": "Point", "coordinates": [120.9611092, 14.5916156]}, "properties": {"city": "Manila", "category": "covered", "osm_type": "way", "osm_id": 267173104, "name": null}}, {"type": "Feature", "geometry": {"type": "Point", "coordinates": [120.9763764, 14.5772891]}, "properties": {"city": "Manila", "category": "outdoor", "osm_type": "way", "osm_id": 267205332, "name": null}}, {"type": "Feature", "geometry": {"type": "Point", "coordinates": [121.0230186, 14.5927093]}, "properties": {"city": "Manila", "category": "outdoor", "osm_type": "way", "osm_id": 271186853, "name": "Ricass Park Basketball Court"}}, {"type": "Feature", "geometry": {"type": "Point", "coordinates": [121.0023956, 14.5784111]}, "properties": {"city": "Manila", "category": "covered", "osm_type": "way", "osm_id": 277263487, "name": null}}, {"type": "Feature", "geometry": {"type": "Point", "coordinates": [120.9985176, 14.5780226]}, "properties": {"city": "Manila", "category": "covered", "osm_type": "way", "osm_id": 277946432, "name": null}}, {"type": "Feature", "geometry": {"type": "Point", "coordinates": [120.9602795, 14.621015]}, "properties": {"city": "Manila", "category": "covered", "osm_type": "way", "osm_id": 278145111, "name": "Barangay 105 Covered Court"}}, {"type": "Feature", "geometry": {"type": "Point", "coordinates": [120.9786941, 14.6313009]}, "properties": {"city": "Manila", "category": "covered", "osm_type": "way", "osm_id": 288086278, "name": null}}, {"type": "Feature", "geometry": {"type": "Point", "coordinates": [120.9672391, 14.6304361]}, "properties": {"city": "Manila", "category": "covered", "osm_type": "way", "osm_id": 288759909, "name": null}}, {"type": "Feature", "geometry": {"type": "Point", "coordinates": [120.9621569, 14.6310236]}, "properties": {"city": "Manila", "category": "covered", "osm_type": "way", "osm_id": 289141022, "name": null}}, {"type": "Feature", "geometry": {"type": "Point", "coordinates": [120.9711861, 14.63135]}, "properties": {"city": "Manila", "category": "covered", "osm_type": "way", "osm_id": 289142438, "name": null}}, {"type": "Feature", "geometry": {"type": "Point", "coordinates": [120.9722202, 14.6193435]}, "properties": {"city": "Manila", "category": "covered", "osm_type": "way", "osm_id": 289142876, "name": null}}, {"type": "Feature", "geometry": {"type": "Point", "coordinates": [120.9604175, 14.6252759]}, "properties": {"city": "Manila", "category": "covered", "osm_type": "way", "osm_id": 289145244, "name": null}}, {"type": "Feature", "geometry": {"type": "Point", "coordinates": [120.9727218, 14.6273582]}, "properties": {"city": "Manila", "category": "covered", "osm_type": "way", "osm_id": 289149971, "name": null}}, {"type": "Feature", "geometry": {"type": "Point", "coordinates": [120.9646958, 14.614731]}, "properties": {"city": "Manila", "category": "covered", "osm_type": "way", "osm_id": 289192478, "name": null}}, {"type": "Feature", "geometry": {"type": "Point", "coordinates": [120.966321, 14.6121478]}, "properties": {"city": "Manila", "category": "covered", "osm_type": "way", "osm_id": 289193089, "name": null}}, {"type": "Feature", "geometry": {"type": "Point", "coordinates": [120.9609883, 14.6120487]}, "properties": {"city": "Manila", "category": "covered", "osm_type": "way", "osm_id": 289315805, "name": "Barangay 118 Covered Court"}}, {"type": "Feature", "geometry": {"type": "Point", "coordinates": [121.008743, 14.5778974]}, "properties": {"city": "Manila", "category": "covered", "osm_type": "way", "osm_id": 303266913, "name": null}}, {"type": "Feature", "geometry": {"type": "Point", "coordinates": [121.0029077, 14.6111178]}, "properties": {"city": "Manila", "category": "covered", "osm_type": "way", "osm_id": 310639510, "name": null}}, {"type": "Feature", "geometry": {"type": "Point", "coordinates": [120.9837218, 14.6254783]}, "properties": {"city": "Manila", "category": "covered", "osm_type": "way", "osm_id": 312207535, "name": null}}, {"type": "Feature", "geometry": {"type": "Point", "coordinates": [120.9744823, 14.6281085]}, "properties": {"city": "Manila", "category": "covered", "osm_type": "way", "osm_id": 312212734, "name": null}}, {"type": "Feature", "geometry": {"type": "Point", "coordinates": [120.9734179, 14.6311971]}, "properties": {"city": "Manila", "category": "covered", "osm_type": "way", "osm_id": 316470392, "name": null}}, {"type": "Feature", "geometry": {"type": "Point", "coordinates": [120.975596, 14.586958]}, "properties": {"city": "Manila", "category": "covered", "osm_type": "way", "osm_id": 331770763, "name": "Rajah Sulayman Gymnasium"}}, {"type": "Feature", "geometry": {"type": "Point", "coordinates": [120.9630954, 14.6074254]}, "properties": {"city": "Manila", "category": "covered", "osm_type": "way", "osm_id": 332785247, "name": null}}, {"type": "Feature", "geometry": {"type": "Point", "coordinates": [120.9659267, 14.6118581]}, "properties": {"city": "Manila", "category": "covered", "osm_type": "way", "osm_id": 352428895, "name": null}}, {"type": "Feature", "geometry": {"type": "Point", "coordinates": [120.9861946, 14.6040231]}, "properties": {"city": "Manila", "category": "outdoor", "osm_type": "way", "osm_id": 353988607, "name": "FEU Basketball Court"}}, {"type": "Feature", "geometry": {"type": "Point", "coordinates": [120.9880986, 14.6041576]}, "properties": {"city": "Manila", "category": "outdoor", "osm_type": "way", "osm_id": 354420643, "name": "Church of Jesus Christ of the Latter Day Saints Basketball Court"}}, {"type": "Feature", "geometry": {"type": "Point", "coordinates": [120.9646287, 14.6213713]}, "properties": {"city": "Manila", "category": "covered", "osm_type": "way", "osm_id": 355907202, "name": null}}, {"type": "Feature", "geometry": {"type": "Point", "coordinates": [120.966126, 14.6200515]}, "properties": {"city": "Manila", "category": "covered", "osm_type": "way", "osm_id": 356138292, "name": null}}, {"type": "Feature", "geometry": {"type": "Point", "coordinates": [120.9744908, 14.6174893]}, "properties": {"city": "Manila", "category": "covered", "osm_type": "way", "osm_id": 360693875, "name": null}}, {"type": "Feature", "geometry": {"type": "Point", "coordinates": [120.9694123, 14.6194293]}, "properties": {"city": "Manila", "category": "covered", "osm_type": "way", "osm_id": 361654085, "name": null}}, {"type": "Feature", "geometry": {"type": "Point", "coordinates": [120.9985982, 14.5729069]}, "properties": {"city": "Manila", "category": "covered", "osm_type": "way", "osm_id": 362503697, "name": null}}, {"type": "Feature", "geometry": {"type": "Point", "coordinates": [121.0099193, 14.5751994]}, "properties": {"city": "Manila", "category": "covered", "osm_type": "way", "osm_id": 390004167, "name": "Barangay 776 Sports Court"}}, {"type": "Feature", "geometry": {"type": "Point", "coordinates": [121.0019577, 14.6029225]}, "properties": {"city": "Manila", "category": "covered", "osm_type": "way", "osm_id": 408798175, "name": "Vincente Covered Court"}}, {"type": "Feature", "geometry": {"type": "Point", "coordinates": [121.0121341, 14.6053825]}, "properties": {"city": "Manila", "category": "outdoor", "osm_type": "way", "osm_id": 409054473, "name": null}}, {"type": "Feature", "geometry": {"type": "Point", "coordinates": [120.9770546, 14.6271889]}, "properties": {"city": "Manila", "category": "covered", "osm_type": "way", "osm_id": 409870250, "name": null}}, {"type": "Feature", "geometry": {"type": "Point", "coordinates": [121.0103898, 14.5932842]}, "properties": {"city": "Manila", "category": "covered", "osm_type": "way", "osm_id": 437145310, "name": null}}, {"type": "Feature", "geometry": {"type": "Point", "coordinates": [121.019225, 14.5881215]}, "properties": {"city": "Manila", "category": "covered", "osm_type": "way", "osm_id": 437276207, "name": null}}, {"type": "Feature", "geometry": {"type": "Point", "coordinates": [121.0204882, 14.586811]}, "properties": {"city": "Manila", "category": "outdoor", "osm_type": "way", "osm_id": 437281717, "name": null}}, {"type": "Feature", "geometry": {"type": "Point", "coordinates": [121.0080849, 14.6016024]}, "properties": {"city": "Manila", "category": "covered", "osm_type": "way", "osm_id": 437293724, "name": null}}, {"type": "Feature", "geometry": {"type": "Point", "coordinates": [120.9987227, 14.5822314]}, "properties": {"city": "Manila", "category": "covered", "osm_type": "way", "osm_id": 437842838, "name": null}}, {"type": "Feature", "geometry": {"type": "Point", "coordinates": [121.0137294, 14.6015768]}, "properties": {"city": "Manila", "category": "outdoor", "osm_type": "way", "osm_id": 451849261, "name": "CFA Basketball Court"}}, {"type": "Feature", "geometry": {"type": "Point", "coordinates": [120.9583267, 14.5910041]}, "properties": {"city": "Manila", "category": "covered", "osm_type": "way", "osm_id": 458016964, "name": "Amadome"}}, {"type": "Feature", "geometry": {"type": "Point", "coordinates": [120.9941959, 14.5703361]}, "properties": {"city": "Manila", "category": "outdoor", "osm_type": "way", "osm_id": 460844875, "name": null}}, {"type": "Feature", "geometry": {"type": "Point", "coordinates": [120.9939376, 14.5702249]}, "properties": {"city": "Manila", "category": "outdoor", "osm_type": "way", "osm_id": 460844876, "name": null}}, {"type": "Feature", "geometry": {"type": "Point", "coordinates": [120.9853112, 14.5833471]}, "properties": {"city": "Manila", "category": "covered", "osm_type": "way", "osm_id": 499301288, "name": null}}, {"type": "Feature", "geometry": {"type": "Point", "coordinates": [120.996702, 14.6181497]}, "properties": {"city": "Manila", "category": "covered", "osm_type": "way", "osm_id": 499411685, "name": null}}, {"type": "Feature", "geometry": {"type": "Point", "coordinates": [121.0092576, 14.592843]}, "properties": {"city": "Manila", "category": "outdoor", "osm_type": "way", "osm_id": 546881912, "name": null}}, {"type": "Feature", "geometry": {"type": "Point", "coordinates": [121.009549, 14.5923112]}, "properties": {"city": "Manila", "category": "outdoor", "osm_type": "way", "osm_id": 550752699, "name": null}}, {"type": "Feature", "geometry": {"type": "Point", "coordinates": [121.0022801, 14.5971863]}, "properties": {"city": "Manila", "category": "covered", "osm_type": "way", "osm_id": 552813993, "name": null}}, {"type": "Feature", "geometry": {"type": "Point", "coordinates": [120.9689714, 14.6239749]}, "properties": {"city": "Manila", "category": "outdoor", "osm_type": "way", "osm_id": 554806948, "name": null}}, {"type": "Feature", "geometry": {"type": "Point", "coordinates": [120.9672135, 14.619822]}, "properties": {"city": "Manila", "category": "covered", "osm_type": "way", "osm_id": 554809000, "name": null}}, {"type": "Feature", "geometry": {"type": "Point", "coordinates": [121.007176, 14.5899361]}, "properties": {"city": "Manila", "category": "outdoor", "osm_type": "way", "osm_id": 560869918, "name": null}}, {"type": "Feature", "geometry": {"type": "Point", "coordinates": [121.0047636, 14.594049]}, "properties": {"city": "Manila", "category": "outdoor", "osm_type": "way", "osm_id": 561568017, "name": null}}, {"type": "Feature", "geometry": {"type": "Point", "coordinates": [121.0130635, 14.598476]}, "properties": {"city": "Manila", "category": "outdoor", "osm_type": "way", "osm_id": 561576191, "name": null}}, {"type": "Feature", "geometry": {"type": "Point", "coordinates": [121.010608, 14.5867177]}, "properties": {"city": "Manila", "category": "outdoor", "osm_type": "way", "osm_id": 562497910, "name": null}}, {"type": "Feature", "geometry": {"type": "Point", "coordinates": [121.0097392, 14.5874884]}, "properties": {"city": "Manila", "category": "outdoor", "osm_type": "way", "osm_id": 562500503, "name": null}}, {"type": "Feature", "geometry": {"type": "Point", "coordinates": [121.0226176, 14.5992668]}, "properties": {"city": "Manila", "category": "outdoor", "osm_type": "way", "osm_id": 563411796, "name": null}}, {"type": "Feature", "geometry": {"type": "Point", "coordinates": [121.0217779, 14.5986452]}, "properties": {"city": "Manila", "category": "outdoor", "osm_type": "way", "osm_id": 563411797, "name": null}}, {"type": "Feature", "geometry": {"type": "Point", "coordinates": [121.011669, 14.5956615]}, "properties": {"city": "Manila", "category": "outdoor", "osm_type": "way", "osm_id": 566155444, "name": null}}, {"type": "Feature", "geometry": {"type": "Point", "coordinates": [121.0027063, 14.5722752]}, "properties": {"city": "Manila", "category": "outdoor", "osm_type": "way", "osm_id": 570292807, "name": null}}, {"type": "Feature", "geometry": {"type": "Point", "coordinates": [120.9622262, 14.6273227]}, "properties": {"city": "Manila", "category": "outdoor", "osm_type": "way", "osm_id": 601176363, "name": null}}, {"type": "Feature", "geometry": {"type": "Point", "coordinates": [120.9601331, 14.6289529]}, "properties": {"city": "Manila", "category": "covered", "osm_type": "way", "osm_id": 601176372, "name": null}}, {"type": "Feature", "geometry": {"type": "Point", "coordinates": [120.9530838, 14.5964167]}, "properties": {"city": "Manila", "category": "outdoor", "osm_type": "way", "osm_id": 603097002, "name": null}}, {"type": "Feature", "geometry": {"type": "Point", "coordinates": [120.9994502, 14.5883195]}, "properties": {"city": "Manila", "category": "covered", "osm_type": "way", "osm_id": 606532674, "name": null}}, {"type": "Feature", "geometry": {"type": "Point", "coordinates": [121.012505, 14.5848805]}, "properties": {"city": "Manila", "category": "covered", "osm_type": "way", "osm_id": 616253528, "name": null}}, {"type": "Feature", "geometry": {"type": "Point", "coordinates": [120.9909712, 14.6101303]}, "properties": {"city": "Manila", "category": "outdoor", "osm_type": "way", "osm_id": 640271415, "name": "Open Court"}}, {"type": "Feature", "geometry": {"type": "Point", "coordinates": [120.9912564, 14.6098815]}, "properties": {"city": "Manila", "category": "outdoor", "osm_type": "way", "osm_id": 640271419, "name": null}}, {"type": "Feature", "geometry": {"type": "Point", "coordinates": [120.9729754, 14.6284543]}, "properties": {"city": "Manila", "category": "covered", "osm_type": "way", "osm_id": 674232225, "name": null}}, {"type": "Feature", "geometry": {"type": "Point", "coordinates": [120.9820953, 14.6277531]}, "properties": {"city": "Manila", "category": "covered", "osm_type": "way", "osm_id": 677294152, "name": null}}, {"type": "Feature", "geometry": {"type": "Point", "coordinates": [120.9649871, 14.6177337]}, "properties": {"city": "Manila", "category": "covered", "osm_type": "way", "osm_id": 677381832, "name": null}}, {"type": "Feature", "geometry": {"type": "Point", "coordinates": [120.9650823, 14.6170933]}, "properties": {"city": "Manila", "category": "covered", "osm_type": "way", "osm_id": 677381833, "name": null}}, {"type": "Feature", "geometry": {"type": "Point", "coordinates": [121.0227177, 14.5938811]}, "properties": {"city": "Manila", "category": "outdoor", "osm_type": "way", "osm_id": 681049427, "name": null}}, {"type": "Feature", "geometry": {"type": "Point", "coordinates": [120.97448, 14.6294444]}, "properties": {"city": "Manila", "category": "covered", "osm_type": "way", "osm_id": 682008715, "name": null}}, {"type": "Feature", "geometry": {"type": "Point", "coordinates": [120.9751234, 14.6214317]}, "properties": {"city": "Manila", "category": "covered", "osm_type": "way", "osm_id": 684975618, "name": null}}, {"type": "Feature", "geometry": {"type": "Point", "coordinates": [120.9758084, 14.6217096]}, "properties": {"city": "Manila", "category": "covered", "osm_type": "way", "osm_id": 684975643, "name": null}}, {"type": "Feature", "geometry": {"type": "Point", "coordinates": [120.9739318, 14.6343058]}, "properties": {"city": "Manila", "category": "covered", "osm_type": "way", "osm_id": 685216987, "name": null}}, {"type": "Feature", "geometry": {"type": "Point", "coordinates": [121.0096871, 14.606209]}, "properties": {"city": "Manila", "category": "covered", "osm_type": "way", "osm_id": 691807418, "name": null}}, {"type": "Feature", "geometry": {"type": "Point", "coordinates": [121.0048227, 14.5869656]}, "properties": {"city": "Manila", "category": "outdoor", "osm_type": "way", "osm_id": 691820553, "name": null}}, {"type": "Feature", "geometry": {"type": "Point", "coordinates": [120.9980754, 14.586016]}, "properties": {"city": "Manila", "category": "covered", "osm_type": "way", "osm_id": 695784617, "name": "Covered Court"}}, {"type": "Feature", "geometry": {"type": "Point", "coordinates": [121.009613, 14.5816565]}, "properties": {"city": "Manila", "category": "outdoor", "osm_type": "way", "osm_id": 702977146, "name": null}}, {"type": "Feature", "geometry": {"type": "Point", "coordinates": [121.0007624, 14.5824083]}, "properties": {"city": "Manila", "category": "outdoor", "osm_type": "way", "osm_id": 703042368, "name": "PCA Basketball Court"}}, {"type": "Feature", "geometry": {"type": "Point", "coordinates": [120.9953372, 14.5712481]}, "properties": {"city": "Manila", "category": "outdoor", "osm_type": "way", "osm_id": 703085478, "name": null}}, {"type": "Feature", "geometry": {"type": "Point", "coordinates": [120.9613871, 14.6332703]}, "properties": {"city": "Manila", "category": "covered", "osm_type": "way", "osm_id": 711796965, "name": null}}, {"type": "Feature", "geometry": {"type": "Point", "coordinates": [120.9634386, 14.5992964]}, "properties": {"city": "Manila", "category": "outdoor", "osm_type": "way", "osm_id": 711802554, "name": "Plaza"}}, {"type": "Feature", "geometry": {"type": "Point", "coordinates": [120.9982433, 14.6052653]}, "properties": {"city": "Manila", "category": "covered", "osm_type": "way", "osm_id": 756115004, "name": null}}, {"type": "Feature", "geometry": {"type": "Point", "coordinates": [120.975927, 14.6204178]}, "properties": {"city": "Manila", "category": "outdoor", "osm_type": "way", "osm_id": 776126803, "name": null}}, {"type": "Feature", "geometry": {"type": "Point", "coordinates": [121.0114921, 14.6035727]}, "properties": {"city": "Manila", "category": "covered", "osm_type": "way", "osm_id": 778427272, "name": null}}, {"type": "Feature", "geometry": {"type": "Point", "coordinates": [120.9732316, 14.6210173]}, "properties": {"city": "Manila", "category": "covered", "osm_type": "way", "osm_id": 783233344, "name": null}}, {"type": "Feature", "geometry": {"type": "Point", "coordinates": [120.9978778, 14.6056748]}, "properties": {"city": "Manila", "category": "covered", "osm_type": "way", "osm_id": 790258465, "name": null}}, {"type": "Feature", "geometry": {"type": "Point", "coordinates": [120.997603, 14.6060857]}, "properties": {"city": "Manila", "category": "covered", "osm_type": "way", "osm_id": 790258805, "name": null}}, {"type": "Feature", "geometry": {"type": "Point", "coordinates": [121.0073546, 14.5823883]}, "properties": {"city": "Manila", "category": "covered", "osm_type": "way", "osm_id": 790284026, "name": "Mariano Marcos Memorial High School Covered Court"}}, {"type": "Feature", "geometry": {"type": "Point", "coordinates": [120.9720865, 14.6172689]}, "properties": {"city": "Manila", "category": "covered", "osm_type": "way", "osm_id": 790437835, "name": null}}, {"type": "Feature", "geometry": {"type": "Point", "coordinates": [120.9936144, 14.5814902]}, "properties": {"city": "Manila", "category": "covered", "osm_type": "way", "osm_id": 790456893, "name": null}}, {"type": "Feature", "geometry": {"type": "Point", "coordinates": [120.9813046, 14.6275173]}, "properties": {"city": "Manila", "category": "covered", "osm_type": "way", "osm_id": 791212904, "name": null}}, {"type": "Feature", "geometry": {"type": "Point", "coordinates": [121.0039082, 14.6147869]}, "properties": {"city": "Manila", "category": "covered", "osm_type": "way", "osm_id": 793725322, "name": null}}, {"type": "Feature", "geometry": {"type": "Point", "coordinates": [121.0191607, 14.6014228]}, "properties": {"city": "Manila", "category": "covered", "osm_type": "way", "osm_id": 799566592, "name": null}}, {"type": "Feature", "geometry": {"type": "Point", "coordinates": [120.9817699, 14.6104918]}, "properties": {"city": "Manila", "category": "outdoor", "osm_type": "way", "osm_id": 812387778, "name": null}}, {"type": "Feature", "geometry": {"type": "Point", "coordinates": [120.980852, 14.6093221]}, "properties": {"city": "Manila", "category": "outdoor", "osm_type": "way", "osm_id": 812411901, "name": null}}, {"type": "Feature", "geometry": {"type": "Point", "coordinates": [120.9816749, 14.6092376]}, "properties": {"city": "Manila", "category": "outdoor", "osm_type": "way", "osm_id": 812420590, "name": null}}, {"type": "Feature", "geometry": {"type": "Point", "coordinates": [120.9828169, 14.6092179]}, "properties": {"city": "Manila", "category": "outdoor", "osm_type": "way", "osm_id": 813748625, "name": null}}, {"type": "Feature", "geometry": {"type": "Point", "coordinates": [120.9837088, 14.609131]}, "properties": {"city": "Manila", "category": "outdoor", "osm_type": "way", "osm_id": 813754374, "name": null}}, {"type": "Feature", "geometry": {"type": "Point", "coordinates": [120.98542, 14.6083488]}, "properties": {"city": "Manila", "category": "covered", "osm_type": "way", "osm_id": 943135391, "name": null}}, {"type": "Feature", "geometry": {"type": "Point", "coordinates": [120.9841213, 14.6288312]}, "properties": {"city": "Manila", "category": "covered", "osm_type": "way", "osm_id": 945309626, "name": null}}, {"type": "Feature", "geometry": {"type": "Point", "coordinates": [120.9866361, 14.626179]}, "properties": {"city": "Manila", "category": "covered", "osm_type": "way", "osm_id": 945310299, "name": null}}, {"type": "Feature", "geometry": {"type": "Point", "coordinates": [120.9634678, 14.6282932]}, "properties": {"city": "Manila", "category": "covered", "osm_type": "way", "osm_id": 989706230, "name": null}}, {"type": "Feature", "geometry": {"type": "Point", "coordinates": [120.9570117, 14.5916844]}, "properties": {"city": "Manila", "category": "covered", "osm_type": "way", "osm_id": 997056713, "name": null}}, {"type": "Feature", "geometry": {"type": "Point", "coordinates": [120.9613435, 14.5939829]}, "properties": {"city": "Manila", "category": "covered", "osm_type": "way", "osm_id": 997059173, "name": null}}, {"type": "Feature", "geometry": {"type": "Point", "coordinates": [121.0186905, 14.5879566]}, "properties": {"city": "Manila", "category": "covered", "osm_type": "way", "osm_id": 1063458132, "name": null}}, {"type": "Feature", "geometry": {"type": "Point", "coordinates": [120.9914358, 14.5927743]}, "properties": {"city": "Manila", "category": "covered", "osm_type": "way", "osm_id": 1068089468, "name": null}}, {"type": "Feature", "geometry": {"type": "Point", "coordinates": [120.9987339, 14.6004358]}, "properties": {"city": "Manila", "category": "covered", "osm_type": "way", "osm_id": 1068103212, "name": null}}, {"type": "Feature", "geometry": {"type": "Point", "coordinates": [121.0010448, 14.5989969]}, "properties": {"city": "Manila", "category": "covered", "osm_type": "way", "osm_id": 1068111466, "name": null}}, {"type": "Feature", "geometry": {"type": "Point", "coordinates": [121.0032839, 14.59989]}, "properties": {"city": "Manila", "category": "covered", "osm_type": "way", "osm_id": 1068365175, "name": null}}, {"type": "Feature", "geometry": {"type": "Point", "coordinates": [120.9597193, 14.5941837]}, "properties": {"city": "Manila", "category": "outdoor", "osm_type": "way", "osm_id": 1074333949, "name": null}}, {"type": "Feature", "geometry": {"type": "Point", "coordinates": [120.9767793, 14.6077005]}, "properties": {"city": "Manila", "category": "outdoor", "osm_type": "way", "osm_id": 1079742929, "name": null}}, {"type": "Feature", "geometry": {"type": "Point", "coordinates": [120.9863219, 14.6197696]}, "properties": {"city": "Manila", "category": "outdoor", "osm_type": "way", "osm_id": 1086842684, "name": null}}, {"type": "Feature", "geometry": {"type": "Point", "coordinates": [120.9798733, 14.626951]}, "properties": {"city": "Manila", "category": "outdoor", "osm_type": "way", "osm_id": 1086875522, "name": null}}, {"type": "Feature", "geometry": {"type": "Point", "coordinates": [120.9642979, 14.6015078]}, "properties": {"city": "Manila", "category": "covered", "osm_type": "way", "osm_id": 1087609136, "name": null}}, {"type": "Feature", "geometry": {"type": "Point", "coordinates": [120.9696414, 14.611048]}, "properties": {"city": "Manila", "category": "covered", "osm_type": "way", "osm_id": 1087621480, "name": null}}, {"type": "Feature", "geometry": {"type": "Point", "coordinates": [120.9696227, 14.6144687]}, "properties": {"city": "Manila", "category": "covered", "osm_type": "way", "osm_id": 1088041996, "name": null}}, {"type": "Feature", "geometry": {"type": "Point", "coordinates": [120.9721652, 14.6168256]}, "properties": {"city": "Manila", "category": "covered", "osm_type": "way", "osm_id": 1088044465, "name": null}}, {"type": "Feature", "geometry": {"type": "Point", "coordinates": [120.9706744, 14.6210906]}, "properties": {"city": "Manila", "category": "covered", "osm_type": "way", "osm_id": 1088056380, "name": null}}, {"type": "Feature", "geometry": {"type": "Point", "coordinates": [120.9676177, 14.6287145]}, "properties": {"city": "Manila", "category": "covered", "osm_type": "way", "osm_id": 1088660218, "name": null}}, {"type": "Feature", "geometry": {"type": "Point", "coordinates": [120.9719733, 14.6295458]}, "properties": {"city": "Manila", "category": "covered", "osm_type": "way", "osm_id": 1088685762, "name": null}}, {"type": "Feature", "geometry": {"type": "Point", "coordinates": [120.9720237, 14.6311429]}, "properties": {"city": "Manila", "category": "covered", "osm_type": "way", "osm_id": 1088692519, "name": null}}, {"type": "Feature", "geometry": {"type": "Point", "coordinates": [121.0213923, 14.5963623]}, "properties": {"city": "Manila", "category": "covered", "osm_type": "way", "osm_id": 1110672542, "name": null}}, {"type": "Feature", "geometry": {"type": "Point", "coordinates": [120.9850383, 14.5756866]}, "properties": {"city": "Manila", "category": "covered", "osm_type": "way", "osm_id": 1116126857, "name": "Sports and Wellness Center"}}, {"type": "Feature", "geometry": {"type": "Point", "coordinates": [120.9794301, 14.6355548]}, "properties": {"city": "Manila", "category": "covered", "osm_type": "way", "osm_id": 1118222512, "name": null}}, {"type": "Feature", "geometry": {"type": "Point", "coordinates": [121.0085327, 14.5760023]}, "properties": {"city": "Manila", "category": "covered", "osm_type": "way", "osm_id": 1169790497, "name": null}}, {"type": "Feature", "geometry": {"type": "Point", "coordinates": [120.9755874, 14.6073068]}, "properties": {"city": "Manila", "category": "covered", "osm_type": "way", "osm_id": 1183621099, "name": null}}, {"type": "Feature", "geometry": {"type": "Point", "coordinates": [120.9786632, 14.6220916]}, "properties": {"city": "Manila", "category": "covered", "osm_type": "way", "osm_id": 1202222120, "name": null}}, {"type": "Feature", "geometry": {"type": "Point", "coordinates": [120.9723134, 14.626179]}, "properties": {"city": "Manila", "category": "outdoor", "osm_type": "way", "osm_id": 1242771687, "name": null}}, {"type": "Feature", "geometry": {"type": "Point", "coordinates": [120.9838948, 14.5857399]}, "properties": {"city": "Manila", "category": "outdoor", "osm_type": "way", "osm_id": 1244826104, "name": null}}, {"type": "Feature", "geometry": {"type": "Point", "coordinates": [120.9749123, 14.592602]}, "properties": {"city": "Manila", "category": "outdoor", "osm_type": "way", "osm_id": 1248149939, "name": null}}, {"type": "Feature", "geometry": {"type": "Point", "coordinates": [120.9801882, 14.5996283]}, "properties": {"city": "Manila", "category": "outdoor", "osm_type": "way", "osm_id": 1311790796, "name": "Basketball Cort"}}, {"type": "Feature", "geometry": {"type": "Point", "coordinates": [120.9803237, 14.5996549]}, "properties": {"city": "Manila", "category": "outdoor", "osm_type": "way", "osm_id": 1311790797, "name": null}}, {"type": "Feature", "geometry": {"type": "Point", "coordinates": [120.9988066, 14.6120407]}, "properties": {"city": "Manila", "category": "covered", "osm_type": "way", "osm_id": 1379087871, "name": null}}, {"type": "Feature", "geometry": {"type": "Point", "coordinates": [120.9767823, 14.6113128]}, "properties": {"city": "Manila", "category": "covered", "osm_type": "way", "osm_id": 1445815654, "name": null}}, {"type": "Feature", "geometry": {"type": "Point", "coordinates": [120.9683797, 14.5967877]}, "properties": {"city": "Manila", "category": "outdoor", "osm_type": "way", "osm_id": 1446315225, "name": null}}, {"type": "Feature", "geometry": {"type": "Point", "coordinates": [120.9947443, 14.5999377]}, "properties": {"city": "Manila", "category": "covered", "osm_type": "way", "osm_id": 1448030434, "name": null}}, {"type": "Feature", "geometry": {"type": "Point", "coordinates": [120.9840707, 14.6105554]}, "properties": {"city": "Manila", "category": "outdoor", "osm_type": "way", "osm_id": 1448435944, "name": null}}, {"type": "Feature", "geometry": {"type": "Point", "coordinates": [120.9980408, 14.5641792]}, "properties": {"city": "Manila", "category": "covered", "osm_type": "way", "osm_id": 1457596922, "name": "La Salle Covered Court"}}, {"type": "Feature", "geometry": {"type": "Point", "coordinates": [121.0149648, 14.56747]}, "properties": {"city": "Makati", "category": "outdoor", "osm_type": "node", "osm_id": 4208865171, "name": "Santa Cruz Basketball Court"}}, {"type": "Feature", "geometry": {"type": "Point", "coordinates": [121.0100403, 14.5596321]}, "properties": {"city": "Makati", "category": "outdoor", "osm_type": "node", "osm_id": 9417359729, "name": null}}, {"type": "Feature", "geometry": {"type": "Point", "coordinates": [121.0050189, 14.5591357]}, "properties": {"city": "Makati", "category": "covered", "osm_type": "node", "osm_id": 10603830051, "name": "Anytime Fitness"}}, {"type": "Feature", "geometry": {"type": "Point", "coordinates": [121.01367, 14.5646191]}, "properties": {"city": "Makati", "category": "outdoor", "osm_type": "node", "osm_id": 11839628096, "name": null}}, {"type": "Feature", "geometry": {"type": "Point", "coordinates": [121.014448, 14.5530716]}, "properties": {"city": "Makati", "category": "covered", "osm_type": "node", "osm_id": 13461836840, "name": "Superbowl"}}, {"type": "Feature", "geometry": {"type": "Point", "coordinates": [121.0324519, 14.5678233]}, "properties": {"city": "Makati", "category": "covered", "osm_type": "way", "osm_id": 96792363, "name": "Poblacion Covered Court"}}, {"type": "Feature", "geometry": {"type": "Point", "coordinates": [121.0299767, 14.5371292]}, "properties": {"city": "Makati", "category": "outdoor", "osm_type": "way", "osm_id": 107394552, "name": "Dasmari\u00f1as Village Basketball Court"}}, {"type": "Feature", "geometry": {"type": "Point", "coordinates": [121.0076412, 14.5520334]}, "properties": {"city": "Makati", "category": "covered", "osm_type": "way", "osm_id": 130228050, "name": "Parada Sports Complex"}}, {"type": "Feature", "geometry": {"type": "Point", "coordinates": [121.0050896, 14.5601649]}, "properties": {"city": "Makati", "category": "covered", "osm_type": "way", "osm_id": 138365527, "name": "Palanan Sports Complex"}}, {"type": "Feature", "geometry": {"type": "Point", "coordinates": [121.014515, 14.5742544]}, "properties": {"city": "Makati", "category": "outdoor", "osm_type": "way", "osm_id": 154644831, "name": null}}, {"type": "Feature", "geometry": {"type": "Point", "coordinates": [121.0152203, 14.5741387]}, "properties": {"city": "Makati", "category": "outdoor", "osm_type": "way", "osm_id": 154644832, "name": null}}, {"type": "Feature", "geometry": {"type": "Point", "coordinates": [121.0109892, 14.5669919]}, "properties": {"city": "Makati", "category": "covered", "osm_type": "way", "osm_id": 213015949, "name": "La Paz Basketball Court"}}, {"type": "Feature", "geometry": {"type": "Point", "coordinates": [121.0441933, 14.5663004]}, "properties": {"city": "Makati", "category": "outdoor", "osm_type": "way", "osm_id": 222609240, "name": null}}, {"type": "Feature", "geometry": {"type": "Point", "coordinates": [121.0439029, 14.5663362]}, "properties": {"city": "Makati", "category": "outdoor", "osm_type": "way", "osm_id": 222609242, "name": null}}, {"type": "Feature", "geometry": {"type": "Point", "coordinates": [121.0444587, 14.5669867]}, "properties": {"city": "Makati", "category": "outdoor", "osm_type": "way", "osm_id": 222609243, "name": null}}, {"type": "Feature", "geometry": {"type": "Point", "coordinates": [121.0173574, 14.5375378]}, "properties": {"city": "Makati", "category": "outdoor", "osm_type": "way", "osm_id": 256856701, "name": null}}, {"type": "Feature", "geometry": {"type": "Point", "coordinates": [121.0165282, 14.5307866]}, "properties": {"city": "Makati", "category": "covered", "osm_type": "way", "osm_id": 256858194, "name": null}}, {"type": "Feature", "geometry": {"type": "Point", "coordinates": [121.0258592, 14.5405041]}, "properties": {"city": "Makati", "category": "covered", "osm_type": "way", "osm_id": 262342536, "name": "St. Alypius Gymnasium"}}, {"type": "Feature", "geometry": {"type": "Point", "coordinates": [121.0295476, 14.5562867]}, "properties": {"city": "Makati", "category": "outdoor", "osm_type": "way", "osm_id": 262492088, "name": null}}, {"type": "Feature", "geometry": {"type": "Point", "coordinates": [121.0357673, 14.547897]}, "properties": {"city": "Makati", "category": "outdoor", "osm_type": "way", "osm_id": 262577131, "name": null}}, {"type": "Feature", "geometry": {"type": "Point", "coordinates": [121.0274179, 14.563504]}, "properties": {"city": "Makati", "category": "outdoor", "osm_type": "way", "osm_id": 262672661, "name": "Bel-Air 2 Basketball Court"}}, {"type": "Feature", "geometry": {"type": "Point", "coordinates": [121.0086234, 14.5623739]}, "properties": {"city": "Makati", "category": "covered", "osm_type": "way", "osm_id": 262893701, "name": "San Antonio Covered Court"}}, {"type": "Feature", "geometry": {"type": "Point", "coordinates": [121.0470105, 14.5647696]}, "properties": {"city": "Makati", "category": "outdoor", "osm_type": "way", "osm_id": 310204100, "name": null}}, {"type": "Feature", "geometry": {"type": "Point", "coordinates": [121.0139038, 14.5673859]}, "properties": {"city": "Makati", "category": "outdoor", "osm_type": "way", "osm_id": 370288547, "name": null}}, {"type": "Feature", "geometry": {"type": "Point", "coordinates": [121.0215975, 14.5761282]}, "properties": {"city": "Makati", "category": "outdoor", "osm_type": "way", "osm_id": 445281179, "name": null}}, {"type": "Feature", "geometry": {"type": "Point", "coordinates": [121.0252247, 14.5615455]}, "properties": {"city": "Makati", "category": "outdoor", "osm_type": "way", "osm_id": 469281579, "name": null}}, {"type": "Feature", "geometry": {"type": "Point", "coordinates": [121.0104885, 14.5440974]}, "properties": {"city": "Makati", "category": "covered", "osm_type": "way", "osm_id": 474168644, "name": "Fidela's Court"}}, {"type": "Feature", "geometry": {"type": "Point", "coordinates": [121.047723, 14.5641002]}, "properties": {"city": "Makati", "category": "outdoor", "osm_type": "way", "osm_id": 565118851, "name": null}}, {"type": "Feature", "geometry": {"type": "Point", "coordinates": [121.043396, 14.5667762]}, "properties": {"city": "Makati", "category": "outdoor", "osm_type": "way", "osm_id": 565128530, "name": null}}, {"type": "Feature", "geometry": {"type": "Point", "coordinates": [121.0400567, 14.5659829]}, "properties": {"city": "Makati", "category": "outdoor", "osm_type": "way", "osm_id": 697680108, "name": null}}, {"type": "Feature", "geometry": {"type": "Point", "coordinates": [121.0263601, 14.5672158]}, "properties": {"city": "Makati", "category": "outdoor", "osm_type": "way", "osm_id": 702978594, "name": "San Miguel Village Court"}}, {"type": "Feature", "geometry": {"type": "Point", "coordinates": [121.0022056, 14.5549852]}, "properties": {"city": "Makati", "category": "covered", "osm_type": "way", "osm_id": 703042290, "name": null}}, {"type": "Feature", "geometry": {"type": "Point", "coordinates": [121.0466503, 14.5666236]}, "properties": {"city": "Makati", "category": "covered", "osm_type": "way", "osm_id": 1535485724, "name": "Cloverleaf Basketball Court"}}, {"type": "Feature", "geometry": {"type": "Point", "coordinates": [121.0655572, 14.5755104]}, "properties": {"city": "Pasig", "category": "outdoor", "osm_type": "node", "osm_id": 6499272682, "name": null}}, {"type": "Feature", "geometry": {"type": "Point", "coordinates": [121.0874464, 14.5544369]}, "properties": {"city": "Pasig", "category": "outdoor", "osm_type": "node", "osm_id": 6501530424, "name": null}}, {"type": "Feature", "geometry": {"type": "Point", "coordinates": [121.0806305, 14.549317]}, "properties": {"city": "Pasig", "category": "outdoor", "osm_type": "node", "osm_id": 6501680734, "name": null}}, {"type": "Feature", "geometry": {"type": "Point", "coordinates": [121.070386, 14.5521453]}, "properties": {"city": "Pasig", "category": "outdoor", "osm_type": "node", "osm_id": 6501680761, "name": null}}, {"type": "Feature", "geometry": {"type": "Point", "coordinates": [121.0763959, 14.5524251]}, "properties": {"city": "Pasig", "category": "outdoor", "osm_type": "node", "osm_id": 6501680774, "name": null}}, {"type": "Feature", "geometry": {"type": "Point", "coordinates": [121.0683849, 14.5597523]}, "properties": {"city": "Pasig", "category": "outdoor", "osm_type": "node", "osm_id": 6501837968, "name": null}}, {"type": "Feature", "geometry": {"type": "Point", "coordinates": [121.0822149, 14.5638334]}, "properties": {"city": "Pasig", "category": "outdoor", "osm_type": "node", "osm_id": 6503618525, "name": "Villarosa Open Court"}}, {"type": "Feature", "geometry": {"type": "Point", "coordinates": [121.0745226, 14.5586098]}, "properties": {"city": "Pasig", "category": "outdoor", "osm_type": "node", "osm_id": 6503784928, "name": null}}, {"type": "Feature", "geometry": {"type": "Point", "coordinates": [121.0799327, 14.5620617]}, "properties": {"city": "Pasig", "category": "outdoor", "osm_type": "node", "osm_id": 6505804690, "name": null}}, {"type": "Feature", "geometry": {"type": "Point", "coordinates": [121.0895499, 14.5508093]}, "properties": {"city": "Pasig", "category": "outdoor", "osm_type": "node", "osm_id": 6522427056, "name": null}}, {"type": "Feature", "geometry": {"type": "Point", "coordinates": [121.0901413, 14.5631264]}, "properties": {"city": "Pasig", "category": "outdoor", "osm_type": "node", "osm_id": 6522549762, "name": null}}, {"type": "Feature", "geometry": {"type": "Point", "coordinates": [121.0795797, 14.6146787]}, "properties": {"city": "Pasig", "category": "outdoor", "osm_type": "node", "osm_id": 6524138872, "name": "Half Court Open"}}, {"type": "Feature", "geometry": {"type": "Point", "coordinates": [121.0668729, 14.5698641]}, "properties": {"city": "Pasig", "category": "outdoor", "osm_type": "node", "osm_id": 10056160312, "name": null}}, {"type": "Feature", "geometry": {"type": "Point", "coordinates": [121.0836358, 14.5615444]}, "properties": {"city": "Pasig", "category": "outdoor", "osm_type": "node", "osm_id": 11064010117, "name": null}}, {"type": "Feature", "geometry": {"type": "Point", "coordinates": [121.0785533, 14.5789847]}, "properties": {"city": "Pasig", "category": "covered", "osm_type": "node", "osm_id": 11549357847, "name": "Ugong Covered Court"}}, {"type": "Feature", "geometry": {"type": "Point", "coordinates": [121.0930947, 14.5581226]}, "properties": {"city": "Pasig", "category": "outdoor", "osm_type": "node", "osm_id": 11934357164, "name": null}}, {"type": "Feature", "geometry": {"type": "Point", "coordinates": [121.0821724, 14.6151679]}, "properties": {"city": "Pasig", "category": "covered", "osm_type": "way", "osm_id": 82995929, "name": null}}, {"type": "Feature", "geometry": {"type": "Point", "coordinates": [121.0731999, 14.5813842]}, "properties": {"city": "Pasig", "category": "outdoor", "osm_type": "way", "osm_id": 90307550, "name": "Basketball Covered Court (VV2)"}}, {"type": "Feature", "geometry": {"type": "Point", "coordinates": [121.0790296, 14.5625159]}, "properties": {"city": "Pasig", "category": "covered", "osm_type": "way", "osm_id": 100104132, "name": null}}, {"type": "Feature", "geometry": {"type": "Point", "coordinates": [121.0928402, 14.5682545]}, "properties": {"city": "Pasig", "category": "outdoor", "osm_type": "way", "osm_id": 102248431, "name": null}}, {"type": "Feature", "geometry": {"type": "Point", "coordinates": [121.0675465, 14.591516]}, "properties": {"city": "Pasig", "category": "covered", "osm_type": "way", "osm_id": 107503485, "name": "Meralco Fitness Center"}}, {"type": "Feature", "geometry": {"type": "Point", "coordinates": [121.0988428, 14.5991536]}, "properties": {"city": "Pasig", "category": "outdoor", "osm_type": "way", "osm_id": 112432425, "name": null}}, {"type": "Feature", "geometry": {"type": "Point", "coordinates": [121.1075294, 14.5931781]}, "properties": {"city": "Pasig", "category": "outdoor", "osm_type": "way", "osm_id": 112432433, "name": null}}, {"type": "Feature", "geometry": {"type": "Point", "coordinates": [121.1027819, 14.5856322]}, "properties": {"city": "Pasig", "category": "outdoor", "osm_type": "way", "osm_id": 112769009, "name": null}}, {"type": "Feature", "geometry": {"type": "Point", "coordinates": [121.0991839, 14.5812734]}, "properties": {"city": "Pasig", "category": "covered", "osm_type": "way", "osm_id": 114657867, "name": null}}, {"type": "Feature", "geometry": {"type": "Point", "coordinates": [121.0816214, 14.6166185]}, "properties": {"city": "Pasig", "category": "covered", "osm_type": "way", "osm_id": 117045348, "name": "Ilaya Gym"}}, {"type": "Feature", "geometry": {"type": "Point", "coordinates": [121.0690292, 14.5533208]}, "properties": {"city": "Pasig", "category": "covered", "osm_type": "way", "osm_id": 118266707, "name": "Buting Gym"}}, {"type": "Feature", "geometry": {"type": "Point", "coordinates": [121.0688664, 14.5767168]}, "properties": {"city": "Pasig", "category": "outdoor", "osm_type": "way", "osm_id": 131940882, "name": null}}, {"type": "Feature", "geometry": {"type": "Point", "coordinates": [121.0978858, 14.6185362]}, "properties": {"city": "Pasig", "category": "covered", "osm_type": "way", "osm_id": 132895229, "name": null}}, {"type": "Feature", "geometry": {"type": "Point", "coordinates": [121.0987238, 14.5831455]}, "properties": {"city": "Pasig", "category": "covered", "osm_type": "way", "osm_id": 133338944, "name": null}}, {"type": "Feature", "geometry": {"type": "Point", "coordinates": [121.08699, 14.5867291]}, "properties": {"city": "Pasig", "category": "outdoor", "osm_type": "way", "osm_id": 133338946, "name": null}}, {"type": "Feature", "geometry": {"type": "Point", "coordinates": [121.1026237, 14.6044502]}, "properties": {"city": "Pasig", "category": "covered", "osm_type": "way", "osm_id": 134094186, "name": null}}, {"type": "Feature", "geometry": {"type": "Point", "coordinates": [121.0932851, 14.6112575]}, "properties": {"city": "Pasig", "category": "covered", "osm_type": "way", "osm_id": 134094189, "name": "Grassland Covered Court"}}, {"type": "Feature", "geometry": {"type": "Point", "coordinates": [121.0990324, 14.6126571]}, "properties": {"city": "Pasig", "category": "outdoor", "osm_type": "way", "osm_id": 134097287, "name": null}}, {"type": "Feature", "geometry": {"type": "Point", "coordinates": [121.0884104, 14.588887]}, "properties": {"city": "Pasig", "category": "covered", "osm_type": "way", "osm_id": 176627886, "name": null}}, {"type": "Feature", "geometry": {"type": "Point", "coordinates": [121.0662568, 14.5823727]}, "properties": {"city": "Pasig", "category": "covered", "osm_type": "way", "osm_id": 182650798, "name": "St. Paul College Pasig Gym"}}, {"type": "Feature", "geometry": {"type": "Point", "coordinates": [121.1056729, 14.5915345]}, "properties": {"city": "Pasig", "category": "covered", "osm_type": "way", "osm_id": 207744282, "name": null}}, {"type": "Feature", "geometry": {"type": "Point", "coordinates": [121.1036423, 14.5961093]}, "properties": {"city": "Pasig", "category": "covered", "osm_type": "way", "osm_id": 231044576, "name": "Bridgestone Basketball Court"}}, {"type": "Feature", "geometry": {"type": "Point", "coordinates": [121.1061841, 14.5921054]}, "properties": {"city": "Pasig", "category": "outdoor", "osm_type": "way", "osm_id": 231044577, "name": "Damiana Basketball Court"}}, {"type": "Feature", "geometry": {"type": "Point", "coordinates": [121.1022597, 14.5774047]}, "properties": {"city": "Pasig", "category": "outdoor", "osm_type": "way", "osm_id": 234782606, "name": null}}, {"type": "Feature", "geometry": {"type": "Point", "coordinates": [121.074033, 14.5645998]}, "properties": {"city": "Pasig", "category": "covered", "osm_type": "way", "osm_id": 261165773, "name": "Kapasigan Covered Court"}}, {"type": "Feature", "geometry": {"type": "Point", "coordinates": [121.0796911, 14.564523]}, "properties": {"city": "Pasig", "category": "outdoor", "osm_type": "way", "osm_id": 261166081, "name": "Santo Tomas Covered Court"}}, {"type": "Feature", "geometry": {"type": "Point", "coordinates": [121.0731435, 14.5607563]}, "properties": {"city": "Pasig", "category": "covered", "osm_type": "way", "osm_id": 261166092, "name": "San Jose Covered Court"}}, {"type": "Feature", "geometry": {"type": "Point", "coordinates": [121.0775546, 14.5673432]}, "properties": {"city": "Pasig", "category": "covered", "osm_type": "way", "osm_id": 261166119, "name": "Caniogan Bliss Covered Court"}}, {"type": "Feature", "geometry": {"type": "Point", "coordinates": [121.0793621, 14.5664269]}, "properties": {"city": "Pasig", "category": "outdoor", "osm_type": "way", "osm_id": 261166124, "name": "Sagad Covered Court"}}, {"type": "Feature", "geometry": {"type": "Point", "coordinates": [121.0859113, 14.565571]}, "properties": {"city": "Pasig", "category": "covered", "osm_type": "way", "osm_id": 261166944, "name": null}}, {"type": "Feature", "geometry": {"type": "Point", "coordinates": [121.0617075, 14.5653191]}, "properties": {"city": "Pasig", "category": "covered", "osm_type": "way", "osm_id": 261634024, "name": null}}, {"type": "Feature", "geometry": {"type": "Point", "coordinates": [121.0736337, 14.5553817]}, "properties": {"city": "Pasig", "category": "covered", "osm_type": "way", "osm_id": 264889851, "name": "Sumilang Gym"}}, {"type": "Feature", "geometry": {"type": "Point", "coordinates": [121.0853765, 14.5656732]}, "properties": {"city": "Pasig", "category": "covered", "osm_type": "way", "osm_id": 275900171, "name": "San Miguel Covered Court"}}, {"type": "Feature", "geometry": {"type": "Point", "coordinates": [121.0955587, 14.5886641]}, "properties": {"city": "Pasig", "category": "outdoor", "osm_type": "way", "osm_id": 281569322, "name": null}}, {"type": "Feature", "geometry": {"type": "Point", "coordinates": [121.0853497, 14.6133541]}, "properties": {"city": "Pasig", "category": "covered", "osm_type": "way", "osm_id": 283051595, "name": null}}, {"type": "Feature", "geometry": {"type": "Point", "coordinates": [121.1045701, 14.544293]}, "properties": {"city": "Pasig", "category": "covered", "osm_type": "way", "osm_id": 295199893, "name": null}}, {"type": "Feature", "geometry": {"type": "Point", "coordinates": [121.0786885, 14.5577027]}, "properties": {"city": "Pasig", "category": "covered", "osm_type": "way", "osm_id": 306329717, "name": "Malinao Covered Court"}}, {"type": "Feature", "geometry": {"type": "Point", "coordinates": [121.0911281, 14.5606101]}, "properties": {"city": "Pasig", "category": "outdoor", "osm_type": "way", "osm_id": 306669362, "name": null}}, {"type": "Feature", "geometry": {"type": "Point", "coordinates": [121.0914356, 14.5547284]}, "properties": {"city": "Pasig", "category": "covered", "osm_type": "way", "osm_id": 306670005, "name": "Damayan Court"}}, {"type": "Feature", "geometry": {"type": "Point", "coordinates": [121.0986123, 14.5927484]}, "properties": {"city": "Pasig", "category": "covered", "osm_type": "way", "osm_id": 307631076, "name": null}}, {"type": "Feature", "geometry": {"type": "Point", "coordinates": [121.0969153, 14.6101876]}, "properties": {"city": "Pasig", "category": "outdoor", "osm_type": "way", "osm_id": 310460827, "name": "Octagon Basketball Court"}}, {"type": "Feature", "geometry": {"type": "Point", "coordinates": [121.0971315, 14.6151886]}, "properties": {"city": "Pasig", "category": "outdoor", "osm_type": "way", "osm_id": 310462498, "name": "Christine Village Covered Court"}}, {"type": "Feature", "geometry": {"type": "Point", "coordinates": [121.0952694, 14.6148651]}, "properties": {"city": "Pasig", "category": "covered", "osm_type": "way", "osm_id": 310463407, "name": "Dream Homes Covered Court"}}, {"type": "Feature", "geometry": {"type": "Point", "coordinates": [121.1024604, 14.6094968]}, "properties": {"city": "Pasig", "category": "covered", "osm_type": "way", "osm_id": 318471782, "name": null}}, {"type": "Feature", "geometry": {"type": "Point", "coordinates": [121.1011893, 14.587361]}, "properties": {"city": "Pasig", "category": "outdoor", "osm_type": "way", "osm_id": 323562730, "name": "Countryside Covered Court"}}, {"type": "Feature", "geometry": {"type": "Point", "coordinates": [121.1008363, 14.5848264]}, "properties": {"city": "Pasig", "category": "covered", "osm_type": "way", "osm_id": 323566482, "name": "Tramo Covered Court"}}, {"type": "Feature", "geometry": {"type": "Point", "coordinates": [121.0917319, 14.5773651]}, "properties": {"city": "Pasig", "category": "covered", "osm_type": "way", "osm_id": 337938431, "name": null}}, {"type": "Feature", "geometry": {"type": "Point", "coordinates": [121.0789763, 14.5633574]}, "properties": {"city": "Pasig", "category": "covered", "osm_type": "way", "osm_id": 343345216, "name": "Santa Cruz Covered Court"}}, {"type": "Feature", "geometry": {"type": "Point", "coordinates": [121.0857141, 14.5715123]}, "properties": {"city": "Pasig", "category": "outdoor", "osm_type": "way", "osm_id": 345183423, "name": null}}, {"type": "Feature", "geometry": {"type": "Point", "coordinates": [121.0993654, 14.5836055]}, "properties": {"city": "Pasig", "category": "covered", "osm_type": "way", "osm_id": 345432199, "name": null}}, {"type": "Feature", "geometry": {"type": "Point", "coordinates": [121.0808575, 14.548102]}, "properties": {"city": "Pasig", "category": "covered", "osm_type": "way", "osm_id": 346140082, "name": null}}, {"type": "Feature", "geometry": {"type": "Point", "coordinates": [121.0791489, 14.5724119]}, "properties": {"city": "Pasig", "category": "outdoor", "osm_type": "way", "osm_id": 346684453, "name": "Caniogan Basketball Court"}}, {"type": "Feature", "geometry": {"type": "Point", "coordinates": [121.1106399, 14.5916436]}, "properties": {"city": "Pasig", "category": "covered", "osm_type": "way", "osm_id": 387272621, "name": "Villarica Covered Court"}}, {"type": "Feature", "geometry": {"type": "Point", "coordinates": [121.1038519, 14.5775893]}, "properties": {"city": "Pasig", "category": "outdoor", "osm_type": "way", "osm_id": 387455664, "name": null}}, {"type": "Feature", "geometry": {"type": "Point", "coordinates": [121.1012278, 14.578808]}, "properties": {"city": "Pasig", "category": "covered", "osm_type": "way", "osm_id": 387455669, "name": null}}, {"type": "Feature", "geometry": {"type": "Point", "coordinates": [121.1053007, 14.5783603]}, "properties": {"city": "Pasig", "category": "outdoor", "osm_type": "way", "osm_id": 387455672, "name": null}}, {"type": "Feature", "geometry": {"type": "Point", "coordinates": [121.101342, 14.5815024]}, "properties": {"city": "Pasig", "category": "covered", "osm_type": "way", "osm_id": 387455674, "name": null}}, {"type": "Feature", "geometry": {"type": "Point", "coordinates": [121.1016696, 14.5814113]}, "properties": {"city": "Pasig", "category": "outdoor", "osm_type": "way", "osm_id": 387457645, "name": null}}, {"type": "Feature", "geometry": {"type": "Point", "coordinates": [121.1035912, 14.5794622]}, "properties": {"city": "Pasig", "category": "outdoor", "osm_type": "way", "osm_id": 387457646, "name": null}}, {"type": "Feature", "geometry": {"type": "Point", "coordinates": [121.0922691, 14.5496964]}, "properties": {"city": "Pasig", "category": "covered", "osm_type": "way", "osm_id": 401909581, "name": null}}, {"type": "Feature", "geometry": {"type": "Point", "coordinates": [121.0849525, 14.5544479]}, "properties": {"city": "Pasig", "category": "covered", "osm_type": "way", "osm_id": 403967074, "name": "Doctor Sixto Memorial Gym"}}, {"type": "Feature", "geometry": {"type": "Point", "coordinates": [121.0785706, 14.5789621]}, "properties": {"city": "Pasig", "category": "outdoor", "osm_type": "way", "osm_id": 404553080, "name": "Ugong Covered Court"}}, {"type": "Feature", "geometry": {"type": "Point", "coordinates": [121.0946992, 14.5769089]}, "properties": {"city": "Pasig", "category": "covered", "osm_type": "way", "osm_id": 425048949, "name": null}}, {"type": "Feature", "geometry": {"type": "Point", "coordinates": [121.1031412, 14.6046083]}, "properties": {"city": "Pasig", "category": "covered", "osm_type": "way", "osm_id": 427178035, "name": null}}, {"type": "Feature", "geometry": {"type": "Point", "coordinates": [121.0847158, 14.5786733]}, "properties": {"city": "Pasig", "category": "outdoor", "osm_type": "way", "osm_id": 428702987, "name": null}}, {"type": "Feature", "geometry": {"type": "Point", "coordinates": [121.1002149, 14.5469031]}, "properties": {"city": "Pasig", "category": "outdoor", "osm_type": "way", "osm_id": 429577328, "name": null}}, {"type": "Feature", "geometry": {"type": "Point", "coordinates": [121.1012317, 14.538935]}, "properties": {"city": "Pasig", "category": "outdoor", "osm_type": "way", "osm_id": 430006717, "name": null}}, {"type": "Feature", "geometry": {"type": "Point", "coordinates": [121.1020057, 14.5393151]}, "properties": {"city": "Pasig", "category": "covered", "osm_type": "way", "osm_id": 430006720, "name": null}}, {"type": "Feature", "geometry": {"type": "Point", "coordinates": [121.0811671, 14.6142536]}, "properties": {"city": "Pasig", "category": "covered", "osm_type": "way", "osm_id": 436002859, "name": null}}, {"type": "Feature", "geometry": {"type": "Point", "coordinates": [121.0683325, 14.5763309]}, "properties": {"city": "Pasig", "category": "outdoor", "osm_type": "way", "osm_id": 483231799, "name": null}}, {"type": "Feature", "geometry": {"type": "Point", "coordinates": [121.0915892, 14.6162445]}, "properties": {"city": "Pasig", "category": "outdoor", "osm_type": "way", "osm_id": 550991504, "name": null}}, {"type": "Feature", "geometry": {"type": "Point", "coordinates": [121.0883687, 14.5693557]}, "properties": {"city": "Pasig", "category": "outdoor", "osm_type": "way", "osm_id": 550993258, "name": null}}, {"type": "Feature", "geometry": {"type": "Point", "coordinates": [121.0994441, 14.5486985]}, "properties": {"city": "Pasig", "category": "outdoor", "osm_type": "way", "osm_id": 551029828, "name": "Arezzo Place Open Basketball Court"}}, {"type": "Feature", "geometry": {"type": "Point", "coordinates": [121.0846025, 14.5800393]}, "properties": {"city": "Pasig", "category": "outdoor", "osm_type": "way", "osm_id": 551362884, "name": null}}, {"type": "Feature", "geometry": {"type": "Point", "coordinates": [121.093004, 14.5812509]}, "properties": {"city": "Pasig", "category": "outdoor", "osm_type": "way", "osm_id": 551363502, "name": null}}, {"type": "Feature", "geometry": {"type": "Point", "coordinates": [121.0901948, 14.5879743]}, "properties": {"city": "Pasig", "category": "outdoor", "osm_type": "way", "osm_id": 551364565, "name": null}}, {"type": "Feature", "geometry": {"type": "Point", "coordinates": [121.0897143, 14.6143973]}, "properties": {"city": "Pasig", "category": "outdoor", "osm_type": "way", "osm_id": 557191249, "name": null}}, {"type": "Feature", "geometry": {"type": "Point", "coordinates": [121.0967148, 14.5520077]}, "properties": {"city": "Pasig", "category": "outdoor", "osm_type": "way", "osm_id": 558013938, "name": null}}, {"type": "Feature", "geometry": {"type": "Point", "coordinates": [121.1016555, 14.5482386]}, "properties": {"city": "Pasig", "category": "outdoor", "osm_type": "way", "osm_id": 558013961, "name": null}}, {"type": "Feature", "geometry": {"type": "Point", "coordinates": [121.1005899, 14.6011756]}, "properties": {"city": "Pasig", "category": "covered", "osm_type": "way", "osm_id": 559460328, "name": null}}, {"type": "Feature", "geometry": {"type": "Point", "coordinates": [121.0999356, 14.6130998]}, "properties": {"city": "Pasig", "category": "covered", "osm_type": "way", "osm_id": 586653094, "name": "Greenpark Covered Court"}}, {"type": "Feature", "geometry": {"type": "Point", "coordinates": [121.0976052, 14.6061485]}, "properties": {"city": "Pasig", "category": "covered", "osm_type": "way", "osm_id": 586957472, "name": null}}, {"type": "Feature", "geometry": {"type": "Point", "coordinates": [121.1008025, 14.5992974]}, "properties": {"city": "Pasig", "category": "outdoor", "osm_type": "way", "osm_id": 587374082, "name": null}}, {"type": "Feature", "geometry": {"type": "Point", "coordinates": [121.1031269, 14.601337]}, "properties": {"city": "Pasig", "category": "outdoor", "osm_type": "way", "osm_id": 587374089, "name": null}}, {"type": "Feature", "geometry": {"type": "Point", "coordinates": [121.0991661, 14.6118711]}, "properties": {"city": "Pasig", "category": "outdoor", "osm_type": "way", "osm_id": 587530496, "name": null}}, {"type": "Feature", "geometry": {"type": "Point", "coordinates": [121.0999109, 14.6104516]}, "properties": {"city": "Pasig", "category": "outdoor", "osm_type": "way", "osm_id": 587533191, "name": null}}, {"type": "Feature", "geometry": {"type": "Point", "coordinates": [121.1031028, 14.6070311]}, "properties": {"city": "Pasig", "category": "covered", "osm_type": "way", "osm_id": 587540111, "name": null}}, {"type": "Feature", "geometry": {"type": "Point", "coordinates": [121.101821, 14.6034776]}, "properties": {"city": "Pasig", "category": "covered", "osm_type": "way", "osm_id": 587733182, "name": "Karangalan Covered Court"}}, {"type": "Feature", "geometry": {"type": "Point", "coordinates": [121.0993997, 14.6039331]}, "properties": {"city": "Pasig", "category": "covered", "osm_type": "way", "osm_id": 588510429, "name": null}}, {"type": "Feature", "geometry": {"type": "Point", "coordinates": [121.0978961, 14.5909694]}, "properties": {"city": "Pasig", "category": "outdoor", "osm_type": "way", "osm_id": 588588389, "name": "FSJWI Basketball Court"}}, {"type": "Feature", "geometry": {"type": "Point", "coordinates": [121.1014608, 14.5944483]}, "properties": {"city": "Pasig", "category": "covered", "osm_type": "way", "osm_id": 588588408, "name": null}}, {"type": "Feature", "geometry": {"type": "Point", "coordinates": [121.0949598, 14.5873995]}, "properties": {"city": "Pasig", "category": "outdoor", "osm_type": "way", "osm_id": 588949754, "name": null}}, {"type": "Feature", "geometry": {"type": "Point", "coordinates": [121.1063827, 14.5808653]}, "properties": {"city": "Pasig", "category": "outdoor", "osm_type": "way", "osm_id": 589040793, "name": null}}, {"type": "Feature", "geometry": {"type": "Point", "coordinates": [121.081398, 14.5492576]}, "properties": {"city": "Pasig", "category": "outdoor", "osm_type": "way", "osm_id": 637584940, "name": null}}, {"type": "Feature", "geometry": {"type": "Point", "coordinates": [121.102192, 14.5446819]}, "properties": {"city": "Pasig", "category": "covered", "osm_type": "way", "osm_id": 638383127, "name": null}}, {"type": "Feature", "geometry": {"type": "Point", "coordinates": [121.1031996, 14.5441557]}, "properties": {"city": "Pasig", "category": "covered", "osm_type": "way", "osm_id": 638383136, "name": null}}, {"type": "Feature", "geometry": {"type": "Point", "coordinates": [121.0887295, 14.5653424]}, "properties": {"city": "Pasig", "category": "covered", "osm_type": "way", "osm_id": 649835614, "name": null}}, {"type": "Feature", "geometry": {"type": "Point", "coordinates": [121.0794666, 14.5786584]}, "properties": {"city": "Pasig", "category": "covered", "osm_type": "way", "osm_id": 694837365, "name": null}}, {"type": "Feature", "geometry": {"type": "Point", "coordinates": [121.0787764, 14.5554385]}, "properties": {"city": "Pasig", "category": "outdoor", "osm_type": "way", "osm_id": 707116911, "name": null}}, {"type": "Feature", "geometry": {"type": "Point", "coordinates": [121.0801359, 14.5522011]}, "properties": {"city": "Pasig", "category": "outdoor", "osm_type": "way", "osm_id": 770122895, "name": "San Joaquin Covered Court"}}, {"type": "Feature", "geometry": {"type": "Point", "coordinates": [121.1043247, 14.5372192]}, "properties": {"city": "Pasig", "category": "outdoor", "osm_type": "way", "osm_id": 782568936, "name": null}}, {"type": "Feature", "geometry": {"type": "Point", "coordinates": [121.0836785, 14.5786911]}, "properties": {"city": "Pasig", "category": "covered", "osm_type": "way", "osm_id": 790245438, "name": null}}, {"type": "Feature", "geometry": {"type": "Point", "coordinates": [121.0879018, 14.5830845]}, "properties": {"city": "Pasig", "category": "outdoor", "osm_type": "way", "osm_id": 792762923, "name": null}}, {"type": "Feature", "geometry": {"type": "Point", "coordinates": [121.090554, 14.6132804]}, "properties": {"city": "Pasig", "category": "outdoor", "osm_type": "way", "osm_id": 803204408, "name": null}}, {"type": "Feature", "geometry": {"type": "Point", "coordinates": [121.0875981, 14.6183843]}, "properties": {"city": "Pasig", "category": "covered", "osm_type": "way", "osm_id": 804211556, "name": null}}, {"type": "Feature", "geometry": {"type": "Point", "coordinates": [121.081851, 14.5775967]}, "properties": {"city": "Pasig", "category": "outdoor", "osm_type": "way", "osm_id": 820431773, "name": "Maybunga Covered Court"}}, {"type": "Feature", "geometry": {"type": "Point", "coordinates": [121.0975426, 14.5541297]}, "properties": {"city": "Pasig", "category": "outdoor", "osm_type": "way", "osm_id": 845468973, "name": "Phase 4 Basketball Court"}}, {"type": "Feature", "geometry": {"type": "Point", "coordinates": [121.0987266, 14.5816403]}, "properties": {"city": "Pasig", "category": "outdoor", "osm_type": "way", "osm_id": 877361647, "name": "Metropolis II Covered Court"}}, {"type": "Feature", "geometry": {"type": "Point", "coordinates": [121.0776082, 14.5743246]}, "properties": {"city": "Pasig", "category": "covered", "osm_type": "way", "osm_id": 885594629, "name": "Covered Court"}}, {"type": "Feature", "geometry": {"type": "Point", "coordinates": [121.086811, 14.5714284]}, "properties": {"city": "Pasig", "category": "outdoor", "osm_type": "way", "osm_id": 886906322, "name": null}}, {"type": "Feature", "geometry": {"type": "Point", "coordinates": [121.0784496, 14.5622874]}, "properties": {"city": "Pasig", "category": "outdoor", "osm_type": "way", "osm_id": 903278402, "name": "San Nicolas Covered Court"}}, {"type": "Feature", "geometry": {"type": "Point", "coordinates": [121.0873058, 14.5608467]}, "properties": {"city": "Pasig", "category": "covered", "osm_type": "way", "osm_id": 905199781, "name": null}}, {"type": "Feature", "geometry": {"type": "Point", "coordinates": [121.0890524, 14.6212565]}, "properties": {"city": "Pasig", "category": "outdoor", "osm_type": "way", "osm_id": 905640998, "name": null}}, {"type": "Feature", "geometry": {"type": "Point", "coordinates": [121.0868771, 14.6187899]}, "properties": {"city": "Pasig", "category": "outdoor", "osm_type": "way", "osm_id": 905643584, "name": null}}, {"type": "Feature", "geometry": {"type": "Point", "coordinates": [121.0909357, 14.6065738]}, "properties": {"city": "Pasig", "category": "outdoor", "osm_type": "way", "osm_id": 907648836, "name": null}}, {"type": "Feature", "geometry": {"type": "Point", "coordinates": [121.0906727, 14.6107294]}, "properties": {"city": "Pasig", "category": "outdoor", "osm_type": "way", "osm_id": 907974368, "name": null}}, {"type": "Feature", "geometry": {"type": "Point", "coordinates": [121.0815165, 14.6173803]}, "properties": {"city": "Pasig", "category": "outdoor", "osm_type": "way", "osm_id": 913018532, "name": null}}, {"type": "Feature", "geometry": {"type": "Point", "coordinates": [121.098524, 14.5870503]}, "properties": {"city": "Pasig", "category": "covered", "osm_type": "way", "osm_id": 915714627, "name": null}}, {"type": "Feature", "geometry": {"type": "Point", "coordinates": [121.0830493, 14.611171]}, "properties": {"city": "Pasig", "category": "covered", "osm_type": "way", "osm_id": 920585465, "name": "Doroteo Covered Court"}}, {"type": "Feature", "geometry": {"type": "Point", "coordinates": [121.0787961, 14.5546817]}, "properties": {"city": "Pasig", "category": "covered", "osm_type": "way", "osm_id": 926434474, "name": "Bambang Covered Court"}}, {"type": "Feature", "geometry": {"type": "Point", "coordinates": [121.1026923, 14.5976322]}, "properties": {"city": "Pasig", "category": "covered", "osm_type": "way", "osm_id": 927671210, "name": null}}, {"type": "Feature", "geometry": {"type": "Point", "coordinates": [121.0908212, 14.5930144]}, "properties": {"city": "Pasig", "category": "outdoor", "osm_type": "way", "osm_id": 929515532, "name": null}}, {"type": "Feature", "geometry": {"type": "Point", "coordinates": [121.0916519, 14.6115167]}, "properties": {"city": "Pasig", "category": "outdoor", "osm_type": "way", "osm_id": 929974202, "name": null}}, {"type": "Feature", "geometry": {"type": "Point", "coordinates": [121.0979947, 14.5582529]}, "properties": {"city": "Pasig", "category": "covered", "osm_type": "way", "osm_id": 942042861, "name": null}}, {"type": "Feature", "geometry": {"type": "Point", "coordinates": [121.0954127, 14.5577191]}, "properties": {"city": "Pasig", "category": "covered", "osm_type": "way", "osm_id": 942138250, "name": null}}, {"type": "Feature", "geometry": {"type": "Point", "coordinates": [121.0932284, 14.5576942]}, "properties": {"city": "Pasig", "category": "covered", "osm_type": "way", "osm_id": 942199499, "name": null}}, {"type": "Feature", "geometry": {"type": "Point", "coordinates": [121.0723423, 14.5711993]}, "properties": {"city": "Pasig", "category": "outdoor", "osm_type": "way", "osm_id": 942517148, "name": null}}, {"type": "Feature", "geometry": {"type": "Point", "coordinates": [121.0735138, 14.5761858]}, "properties": {"city": "Pasig", "category": "outdoor", "osm_type": "way", "osm_id": 944547854, "name": null}}, {"type": "Feature", "geometry": {"type": "Point", "coordinates": [121.0895861, 14.5573517]}, "properties": {"city": "Pasig", "category": "covered", "osm_type": "way", "osm_id": 944683399, "name": null}}, {"type": "Feature", "geometry": {"type": "Point", "coordinates": [121.0791219, 14.5795209]}, "properties": {"city": "Pasig", "category": "covered", "osm_type": "way", "osm_id": 946415478, "name": null}}, {"type": "Feature", "geometry": {"type": "Point", "coordinates": [121.085274, 14.5700168]}, "properties": {"city": "Pasig", "category": "outdoor", "osm_type": "way", "osm_id": 948667082, "name": null}}, {"type": "Feature", "geometry": {"type": "Point", "coordinates": [121.0837037, 14.5899418]}, "properties": {"city": "Pasig", "category": "covered", "osm_type": "way", "osm_id": 955584213, "name": "Rosario Covered Court"}}, {"type": "Feature", "geometry": {"type": "Point", "coordinates": [121.090791, 14.5947174]}, "properties": {"city": "Pasig", "category": "outdoor", "osm_type": "way", "osm_id": 1140599861, "name": "Agapito Open Court"}}, {"type": "Feature", "geometry": {"type": "Point", "coordinates": [121.0817663, 14.5563597]}, "properties": {"city": "Pasig", "category": "outdoor", "osm_type": "way", "osm_id": 1282407757, "name": null}}, {"type": "Feature", "geometry": {"type": "Point", "coordinates": [121.0929149, 14.5696378]}, "properties": {"city": "Pasig", "category": "outdoor", "osm_type": "way", "osm_id": 1284779024, "name": null}}, {"type": "Feature", "geometry": {"type": "Point", "coordinates": [121.082441, 14.5854545]}, "properties": {"city": "Pasig", "category": "outdoor", "osm_type": "way", "osm_id": 1285884541, "name": null}}, {"type": "Feature", "geometry": {"type": "Point", "coordinates": [121.0919276, 14.6206384]}, "properties": {"city": "Pasig", "category": "covered", "osm_type": "way", "osm_id": 1293006963, "name": "Do\u00f1a Betang"}}, {"type": "Feature", "geometry": {"type": "Point", "coordinates": [121.1015037, 14.5914253]}, "properties": {"city": "Pasig", "category": "outdoor", "osm_type": "way", "osm_id": 1303083943, "name": "UDHO Basketball Court"}}, {"type": "Feature", "geometry": {"type": "Point", "coordinates": [121.0786676, 14.5821134]}, "properties": {"city": "Pasig", "category": "outdoor", "osm_type": "way", "osm_id": 1372461768, "name": "Kasara Basketball Court"}}, {"type": "Feature", "geometry": {"type": "Point", "coordinates": [121.1064968, 14.5466165]}, "properties": {"city": "Pasig", "category": "outdoor", "osm_type": "way", "osm_id": 1478563707, "name": "Dilang Basketball Court"}}, {"type": "Feature", "geometry": {"type": "Point", "coordinates": [121.1036536, 14.5399796]}, "properties": {"city": "Pasig", "category": "outdoor", "osm_type": "way", "osm_id": 1481439527, "name": null}}, {"type": "Feature", "geometry": {"type": "Point", "coordinates": [121.0737632, 14.55452]}, "properties": {"city": "Pasig", "category": "outdoor", "osm_type": "way", "osm_id": 1491016464, "name": null}}, {"type": "Feature", "geometry": {"type": "Point", "coordinates": [121.0494694, 14.5593102]}, "properties": {"city": "Taguig", "category": "outdoor", "osm_type": "node", "osm_id": 3604187431, "name": "South Cembo Sports Complex"}}, {"type": "Feature", "geometry": {"type": "Point", "coordinates": [121.0551146, 14.5214706]}, "properties": {"city": "Taguig", "category": "outdoor", "osm_type": "node", "osm_id": 6127639217, "name": null}}, {"type": "Feature", "geometry": {"type": "Point", "coordinates": [121.0807496, 14.5466771]}, "properties": {"city": "Taguig", "category": "outdoor", "osm_type": "node", "osm_id": 6135413122, "name": null}}, {"type": "Feature", "geometry": {"type": "Point", "coordinates": [121.0862572, 14.5461152]}, "properties": {"city": "Taguig", "category": "outdoor", "osm_type": "node", "osm_id": 6163193076, "name": null}}, {"type": "Feature", "geometry": {"type": "Point", "coordinates": [121.086074, 14.528739]}, "properties": {"city": "Taguig", "category": "outdoor", "osm_type": "node", "osm_id": 6166580744, "name": null}}, {"type": "Feature", "geometry": {"type": "Point", "coordinates": [121.076603, 14.524599]}, "properties": {"city": "Taguig", "category": "outdoor", "osm_type": "node", "osm_id": 6166580746, "name": null}}, {"type": "Feature", "geometry": {"type": "Point", "coordinates": [121.0507136, 14.4749666]}, "properties": {"city": "Taguig", "category": "outdoor", "osm_type": "node", "osm_id": 6335055371, "name": "Multipurpose Court"}}, {"type": "Feature", "geometry": {"type": "Point", "coordinates": [121.0505503, 14.4741454]}, "properties": {"city": "Taguig", "category": "outdoor", "osm_type": "node", "osm_id": 6335055379, "name": null}}, {"type": "Feature", "geometry": {"type": "Point", "coordinates": [121.0469057, 14.4799103]}, "properties": {"city": "Taguig", "category": "outdoor", "osm_type": "node", "osm_id": 6335055896, "name": null}}, {"type": "Feature", "geometry": {"type": "Point", "coordinates": [121.0486077, 14.4793729]}, "properties": {"city": "Taguig", "category": "outdoor", "osm_type": "node", "osm_id": 6335055929, "name": null}}, {"type": "Feature", "geometry": {"type": "Point", "coordinates": [121.0592383, 14.4735638]}, "properties": {"city": "Taguig", "category": "outdoor", "osm_type": "node", "osm_id": 6337144476, "name": null}}, {"type": "Feature", "geometry": {"type": "Point", "coordinates": [121.0576747, 14.4797159]}, "properties": {"city": "Taguig", "category": "outdoor", "osm_type": "node", "osm_id": 6337145226, "name": null}}, {"type": "Feature", "geometry": {"type": "Point", "coordinates": [121.0466291, 14.4849581]}, "properties": {"city": "Taguig", "category": "outdoor", "osm_type": "node", "osm_id": 6346732988, "name": null}}, {"type": "Feature", "geometry": {"type": "Point", "coordinates": [121.0468563, 14.4721014]}, "properties": {"city": "Taguig", "category": "outdoor", "osm_type": "node", "osm_id": 6349150212, "name": null}}, {"type": "Feature", "geometry": {"type": "Point", "coordinates": [121.049995, 14.4700145]}, "properties": {"city": "Taguig", "category": "outdoor", "osm_type": "node", "osm_id": 6349150217, "name": null}}, {"type": "Feature", "geometry": {"type": "Point", "coordinates": [121.0504607, 14.4688472]}, "properties": {"city": "Taguig", "category": "outdoor", "osm_type": "node", "osm_id": 6349150225, "name": null}}, {"type": "Feature", "geometry": {"type": "Point", "coordinates": [121.0505315, 14.4688352]}, "properties": {"city": "Taguig", "category": "outdoor", "osm_type": "node", "osm_id": 6349150226, "name": null}}, {"type": "Feature", "geometry": {"type": "Point", "coordinates": [121.0491903, 14.4688122]}, "properties": {"city": "Taguig", "category": "outdoor", "osm_type": "node", "osm_id": 6349150230, "name": null}}, {"type": "Feature", "geometry": {"type": "Point", "coordinates": [121.0499693, 14.4669542]}, "properties": {"city": "Taguig", "category": "outdoor", "osm_type": "node", "osm_id": 6349150237, "name": null}}, {"type": "Feature", "geometry": {"type": "Point", "coordinates": [121.058348, 14.5053333]}, "properties": {"city": "Taguig", "category": "covered", "osm_type": "node", "osm_id": 6382645758, "name": null}}, {"type": "Feature", "geometry": {"type": "Point", "coordinates": [121.0661539, 14.5109533]}, "properties": {"city": "Taguig", "category": "outdoor", "osm_type": "node", "osm_id": 6395481487, "name": null}}, {"type": "Feature", "geometry": {"type": "Point", "coordinates": [121.0667493, 14.5101485]}, "properties": {"city": "Taguig", "category": "outdoor", "osm_type": "node", "osm_id": 6395481489, "name": null}}, {"type": "Feature", "geometry": {"type": "Point", "coordinates": [121.0749576, 14.5176785]}, "properties": {"city": "Taguig", "category": "outdoor", "osm_type": "node", "osm_id": 6420281806, "name": null}}, {"type": "Feature", "geometry": {"type": "Point", "coordinates": [121.0903661, 14.530735]}, "properties": {"city": "Taguig", "category": "outdoor", "osm_type": "node", "osm_id": 6422676314, "name": null}}, {"type": "Feature", "geometry": {"type": "Point", "coordinates": [121.0559039, 14.5175026]}, "properties": {"city": "Taguig", "category": "outdoor", "osm_type": "node", "osm_id": 6425879580, "name": null}}, {"type": "Feature", "geometry": {"type": "Point", "coordinates": [121.0551905, 14.5136028]}, "properties": {"city": "Taguig", "category": "outdoor", "osm_type": "node", "osm_id": 6425879787, "name": null}}, {"type": "Feature", "geometry": {"type": "Point", "coordinates": [121.0446933, 14.5159035]}, "properties": {"city": "Taguig", "category": "outdoor", "osm_type": "node", "osm_id": 6428701588, "name": null}}, {"type": "Feature", "geometry": {"type": "Point", "coordinates": [121.0400493, 14.5142964]}, "properties": {"city": "Taguig", "category": "outdoor", "osm_type": "node", "osm_id": 6428701643, "name": null}}, {"type": "Feature", "geometry": {"type": "Point", "coordinates": [121.0386959, 14.5128928]}, "properties": {"city": "Taguig", "category": "outdoor", "osm_type": "node", "osm_id": 6428701649, "name": null}}, {"type": "Feature", "geometry": {"type": "Point", "coordinates": [121.036864, 14.5084321]}, "properties": {"city": "Taguig", "category": "outdoor", "osm_type": "node", "osm_id": 6428701662, "name": null}}, {"type": "Feature", "geometry": {"type": "Point", "coordinates": [121.0434397, 14.5088965]}, "properties": {"city": "Taguig", "category": "outdoor", "osm_type": "node", "osm_id": 6428701683, "name": null}}, {"type": "Feature", "geometry": {"type": "Point", "coordinates": [121.0919183, 14.5365961]}, "properties": {"city": "Taguig", "category": "outdoor", "osm_type": "node", "osm_id": 6447272021, "name": null}}, {"type": "Feature", "geometry": {"type": "Point", "coordinates": [121.0630101, 14.5144013]}, "properties": {"city": "Taguig", "category": "outdoor", "osm_type": "node", "osm_id": 6448950028, "name": null}}, {"type": "Feature", "geometry": {"type": "Point", "coordinates": [121.0528366, 14.5235774]}, "properties": {"city": "Taguig", "category": "outdoor", "osm_type": "node", "osm_id": 6449466061, "name": null}}, {"type": "Feature", "geometry": {"type": "Point", "coordinates": [121.053497, 14.5273131]}, "properties": {"city": "Taguig", "category": "outdoor", "osm_type": "node", "osm_id": 6449466069, "name": null}}, {"type": "Feature", "geometry": {"type": "Point", "coordinates": [121.0516655, 14.528447]}, "properties": {"city": "Taguig", "category": "outdoor", "osm_type": "node", "osm_id": 6449466076, "name": null}}, {"type": "Feature", "geometry": {"type": "Point", "coordinates": [121.0702298, 14.5324365]}, "properties": {"city": "Taguig", "category": "outdoor", "osm_type": "node", "osm_id": 9843438166, "name": null}}, {"type": "Feature", "geometry": {"type": "Point", "coordinates": [121.056525, 14.4929944]}, "properties": {"city": "Taguig", "category": "outdoor", "osm_type": "node", "osm_id": 10272765241, "name": null}}, {"type": "Feature", "geometry": {"type": "Point", "coordinates": [121.0634099, 14.493339]}, "properties": {"city": "Taguig", "category": "covered", "osm_type": "node", "osm_id": 12453142705, "name": "Moreh Academy LC4"}}, {"type": "Feature", "geometry": {"type": "Point", "coordinates": [121.0523561, 14.4871406]}, "properties": {"city": "Taguig", "category": "outdoor", "osm_type": "node", "osm_id": 12458975765, "name": "K-9 Extension Open Court"}}, {"type": "Feature", "geometry": {"type": "Point", "coordinates": [121.0641967, 14.5262531]}, "properties": {"city": "Taguig", "category": "outdoor", "osm_type": "way", "osm_id": 71376395, "name": null}}, {"type": "Feature", "geometry": {"type": "Point", "coordinates": [121.0266902, 14.5255617]}, "properties": {"city": "Taguig", "category": "covered", "osm_type": "way", "osm_id": 96498921, "name": null}}, {"type": "Feature", "geometry": {"type": "Point", "coordinates": [121.0636634, 14.5281171]}, "properties": {"city": "Taguig", "category": "outdoor", "osm_type": "way", "osm_id": 96951817, "name": null}}, {"type": "Feature", "geometry": {"type": "Point", "coordinates": [121.0617213, 14.5385059]}, "properties": {"city": "Taguig", "category": "covered", "osm_type": "way", "osm_id": 101138226, "name": "Rizal Covered Court"}}, {"type": "Feature", "geometry": {"type": "Point", "coordinates": [121.0645869, 14.5570291]}, "properties": {"city": "Taguig", "category": "covered", "osm_type": "way", "osm_id": 101475724, "name": "East Rembo Covered Court"}}, {"type": "Feature", "geometry": {"type": "Point", "coordinates": [121.0523399, 14.5260916]}, "properties": {"city": "Taguig", "category": "outdoor", "osm_type": "way", "osm_id": 101476006, "name": "Upper West Basketball Court"}}, {"type": "Feature", "geometry": {"type": "Point", "coordinates": [121.0540616, 14.5279373]}, "properties": {"city": "Taguig", "category": "outdoor", "osm_type": "way", "osm_id": 101476014, "name": "ISU Village Basketball Court"}}, {"type": "Feature", "geometry": {"type": "Point", "coordinates": [121.053741, 14.5258852]}, "properties": {"city": "Taguig", "category": "outdoor", "osm_type": "way", "osm_id": 101476017, "name": "ISG Central Basketball Court"}}, {"type": "Feature", "geometry": {"type": "Point", "coordinates": [121.0520789, 14.5277498]}, "properties": {"city": "Taguig", "category": "outdoor", "osm_type": "way", "osm_id": 101476018, "name": null}}, {"type": "Feature", "geometry": {"type": "Point", "coordinates": [121.0705393, 14.536727]}, "properties": {"city": "Taguig", "category": "outdoor", "osm_type": "way", "osm_id": 112328389, "name": null}}, {"type": "Feature", "geometry": {"type": "Point", "coordinates": [121.0486649, 14.5297316]}, "properties": {"city": "Taguig", "category": "outdoor", "osm_type": "way", "osm_id": 118699453, "name": null}}, {"type": "Feature", "geometry": {"type": "Point", "coordinates": [121.0298532, 14.5270455]}, "properties": {"city": "Taguig", "category": "outdoor", "osm_type": "way", "osm_id": 128600049, "name": null}}, {"type": "Feature", "geometry": {"type": "Point", "coordinates": [121.0330927, 14.5274501]}, "properties": {"city": "Taguig", "category": "outdoor", "osm_type": "way", "osm_id": 128600060, "name": null}}, {"type": "Feature", "geometry": {"type": "Point", "coordinates": [121.0354175, 14.5093446]}, "properties": {"city": "Taguig", "category": "outdoor", "osm_type": "way", "osm_id": 128601192, "name": "TUP-T Quadrangle"}}, {"type": "Feature", "geometry": {"type": "Point", "coordinates": [121.0370011, 14.5360062]}, "properties": {"city": "Taguig", "category": "outdoor", "osm_type": "way", "osm_id": 128616392, "name": null}}, {"type": "Feature", "geometry": {"type": "Point", "coordinates": [121.038179, 14.5342439]}, "properties": {"city": "Taguig", "category": "outdoor", "osm_type": "way", "osm_id": 128969966, "name": null}}, {"type": "Feature", "geometry": {"type": "Point", "coordinates": [121.0609374, 14.5410321]}, "properties": {"city": "Taguig", "category": "covered", "osm_type": "way", "osm_id": 134197477, "name": "Mansanas Covered Court"}}, {"type": "Feature", "geometry": {"type": "Point", "coordinates": [121.0648934, 14.547345]}, "properties": {"city": "Taguig", "category": "covered", "osm_type": "way", "osm_id": 145086556, "name": "Comembo Multipurpose Court"}}, {"type": "Feature", "geometry": {"type": "Point", "coordinates": [121.0690266, 14.5355856]}, "properties": {"city": "Taguig", "category": "covered", "osm_type": "way", "osm_id": 188753028, "name": "Ususan Basketball Covered Court"}}, {"type": "Feature", "geometry": {"type": "Point", "coordinates": [121.0527379, 14.5124011]}, "properties": {"city": "Taguig", "category": "covered", "osm_type": "way", "osm_id": 237837108, "name": "Plaza Onse Covered Court"}}, {"type": "Feature", "geometry": {"type": "Point", "coordinates": [121.0632466, 14.5593978]}, "properties": {"city": "Taguig", "category": "covered", "osm_type": "way", "osm_id": 261634071, "name": "West Rembo Community Complex"}}, {"type": "Feature", "geometry": {"type": "Point", "coordinates": [121.0544962, 14.5292389]}, "properties": {"city": "Taguig", "category": "covered", "osm_type": "way", "osm_id": 262467073, "name": "Wildcat Village Gym"}}, {"type": "Feature", "geometry": {"type": "Point", "coordinates": [121.0630105, 14.5003373]}, "properties": {"city": "Taguig", "category": "covered", "osm_type": "way", "osm_id": 265042041, "name": null}}, {"type": "Feature", "geometry": {"type": "Point", "coordinates": [121.0569183, 14.5110404]}, "properties": {"city": "Taguig", "category": "covered", "osm_type": "way", "osm_id": 265159496, "name": "Due\u00f1as Court"}}, {"type": "Feature", "geometry": {"type": "Point", "coordinates": [121.0574688, 14.511764]}, "properties": {"city": "Taguig", "category": "covered", "osm_type": "way", "osm_id": 265160468, "name": null}}, {"type": "Feature", "geometry": {"type": "Point", "coordinates": [121.0492674, 14.5005197]}, "properties": {"city": "Taguig", "category": "covered", "osm_type": "way", "osm_id": 265165986, "name": null}}, {"type": "Feature", "geometry": {"type": "Point", "coordinates": [121.0550654, 14.497861]}, "properties": {"city": "Taguig", "category": "covered", "osm_type": "way", "osm_id": 265165990, "name": null}}, {"type": "Feature", "geometry": {"type": "Point", "coordinates": [121.0580105, 14.4965141]}, "properties": {"city": "Taguig", "category": "covered", "osm_type": "way", "osm_id": 265170667, "name": null}}, {"type": "Feature", "geometry": {"type": "Point", "coordinates": [121.0576988, 14.5164148]}, "properties": {"city": "Taguig", "category": "covered", "osm_type": "way", "osm_id": 265174697, "name": "Plaza Nueve Covered Court"}}, {"type": "Feature", "geometry": {"type": "Point", "coordinates": [121.059598, 14.5136272]}, "properties": {"city": "Taguig", "category": "outdoor", "osm_type": "way", "osm_id": 265345715, "name": null}}, {"type": "Feature", "geometry": {"type": "Point", "coordinates": [121.0617369, 14.5265296]}, "properties": {"city": "Taguig", "category": "covered", "osm_type": "way", "osm_id": 274225081, "name": "Pamayanang Diego Silang Gym"}}, {"type": "Feature", "geometry": {"type": "Point", "coordinates": [121.0578655, 14.5437539]}, "properties": {"city": "Taguig", "category": "covered", "osm_type": "way", "osm_id": 275877700, "name": "Pembo Gym"}}, {"type": "Feature", "geometry": {"type": "Point", "coordinates": [121.0555064, 14.5189326]}, "properties": {"city": "Taguig", "category": "covered", "osm_type": "way", "osm_id": 276687075, "name": null}}, {"type": "Feature", "geometry": {"type": "Point", "coordinates": [121.0580906, 14.5215799]}, "properties": {"city": "Taguig", "category": "covered", "osm_type": "way", "osm_id": 276696360, "name": null}}, {"type": "Feature", "geometry": {"type": "Point", "coordinates": [121.057924, 14.5459215]}, "properties": {"city": "Taguig", "category": "covered", "osm_type": "way", "osm_id": 284847125, "name": "Pembo Covered Court"}}, {"type": "Feature", "geometry": {"type": "Point", "coordinates": [121.0599376, 14.5468097]}, "properties": {"city": "Taguig", "category": "outdoor", "osm_type": "way", "osm_id": 284847127, "name": null}}, {"type": "Feature", "geometry": {"type": "Point", "coordinates": [121.0597038, 14.5394466]}, "properties": {"city": "Taguig", "category": "covered", "osm_type": "way", "osm_id": 285881281, "name": "Cattleya Covered Court"}}, {"type": "Feature", "geometry": {"type": "Point", "coordinates": [121.0748296, 14.5264347]}, "properties": {"city": "Taguig", "category": "covered", "osm_type": "way", "osm_id": 286219431, "name": "Santa Ana Covered Court"}}, {"type": "Feature", "geometry": {"type": "Point", "coordinates": [121.0754515, 14.5253776]}, "properties": {"city": "Taguig", "category": "covered", "osm_type": "way", "osm_id": 286219436, "name": null}}, {"type": "Feature", "geometry": {"type": "Point", "coordinates": [121.0791998, 14.5317721]}, "properties": {"city": "Taguig", "category": "outdoor", "osm_type": "way", "osm_id": 286222181, "name": null}}, {"type": "Feature", "geometry": {"type": "Point", "coordinates": [121.0544915, 14.514584]}, "properties": {"city": "Taguig", "category": "covered", "osm_type": "way", "osm_id": 286604936, "name": null}}, {"type": "Feature", "geometry": {"type": "Point", "coordinates": [121.0523099, 14.5012889]}, "properties": {"city": "Taguig", "category": "covered", "osm_type": "way", "osm_id": 286834031, "name": "Imelda Covered Court"}}, {"type": "Feature", "geometry": {"type": "Point", "coordinates": [121.0486775, 14.499513]}, "properties": {"city": "Taguig", "category": "covered", "osm_type": "way", "osm_id": 286835059, "name": null}}, {"type": "Feature", "geometry": {"type": "Point", "coordinates": [121.0550115, 14.5000935]}, "properties": {"city": "Taguig", "category": "covered", "osm_type": "way", "osm_id": 286838077, "name": null}}, {"type": "Feature", "geometry": {"type": "Point", "coordinates": [121.0545305, 14.5012288]}, "properties": {"city": "Taguig", "category": "outdoor", "osm_type": "way", "osm_id": 286838297, "name": null}}, {"type": "Feature", "geometry": {"type": "Point", "coordinates": [121.0369299, 14.5079037]}, "properties": {"city": "Taguig", "category": "covered", "osm_type": "way", "osm_id": 286847174, "name": "Tenement Gymnasium"}}, {"type": "Feature", "geometry": {"type": "Point", "coordinates": [121.0456546, 14.525891]}, "properties": {"city": "Taguig", "category": "outdoor", "osm_type": "way", "osm_id": 286857050, "name": null}}, {"type": "Feature", "geometry": {"type": "Point", "coordinates": [121.079499, 14.5417011]}, "properties": {"city": "Taguig", "category": "covered", "osm_type": "way", "osm_id": 287037025, "name": "Ligid-Tipas Covered Court"}}, {"type": "Feature", "geometry": {"type": "Point", "coordinates": [121.0595667, 14.5245111]}, "properties": {"city": "Taguig", "category": "outdoor", "osm_type": "way", "osm_id": 287416524, "name": null}}, {"type": "Feature", "geometry": {"type": "Point", "coordinates": [121.0483146, 14.4707702]}, "properties": {"city": "Taguig", "category": "covered", "osm_type": "way", "osm_id": 288428647, "name": "South Daang Hari Covered Court"}}, {"type": "Feature", "geometry": {"type": "Point", "coordinates": [121.0479802, 14.4952879]}, "properties": {"city": "Taguig", "category": "covered", "osm_type": "way", "osm_id": 288862556, "name": null}}, {"type": "Feature", "geometry": {"type": "Point", "coordinates": [121.0607035, 14.499123]}, "properties": {"city": "Taguig", "category": "covered", "osm_type": "way", "osm_id": 288867532, "name": null}}, {"type": "Feature", "geometry": {"type": "Point", "coordinates": [121.0607214, 14.5070796]}, "properties": {"city": "Taguig", "category": "outdoor", "osm_type": "way", "osm_id": 288927798, "name": "Ranger Dulo Covered Court"}}, {"type": "Feature", "geometry": {"type": "Point", "coordinates": [121.0618371, 14.5257899]}, "properties": {"city": "Taguig", "category": "outdoor", "osm_type": "way", "osm_id": 289044296, "name": null}}, {"type": "Feature", "geometry": {"type": "Point", "coordinates": [121.0593682, 14.5629519]}, "properties": {"city": "Taguig", "category": "outdoor", "osm_type": "way", "osm_id": 290717968, "name": null}}, {"type": "Feature", "geometry": {"type": "Point", "coordinates": [121.0753291, 14.5217376]}, "properties": {"city": "Taguig", "category": "covered", "osm_type": "way", "osm_id": 294537386, "name": null}}, {"type": "Feature", "geometry": {"type": "Point", "coordinates": [121.0606453, 14.4950211]}, "properties": {"city": "Taguig", "category": "covered", "osm_type": "way", "osm_id": 301630630, "name": null}}, {"type": "Feature", "geometry": {"type": "Point", "coordinates": [121.0550541, 14.564146]}, "properties": {"city": "Taguig", "category": "outdoor", "osm_type": "way", "osm_id": 339299083, "name": null}}, {"type": "Feature", "geometry": {"type": "Point", "coordinates": [121.0560161, 14.5529848]}, "properties": {"city": "Taguig", "category": "outdoor", "osm_type": "way", "osm_id": 340064066, "name": null}}, {"type": "Feature", "geometry": {"type": "Point", "coordinates": [121.0821298, 14.5367743]}, "properties": {"city": "Taguig", "category": "covered", "osm_type": "way", "osm_id": 347014474, "name": "Palingon Covered Court"}}, {"type": "Feature", "geometry": {"type": "Point", "coordinates": [121.0968814, 14.539132]}, "properties": {"city": "Taguig", "category": "covered", "osm_type": "way", "osm_id": 351091301, "name": "Napindan Covered Court"}}, {"type": "Feature", "geometry": {"type": "Point", "coordinates": [121.0715985, 14.5254801]}, "properties": {"city": "Taguig", "category": "outdoor", "osm_type": "way", "osm_id": 376627787, "name": "Looban"}}, {"type": "Feature", "geometry": {"type": "Point", "coordinates": [121.0458718, 14.5141032]}, "properties": {"city": "Taguig", "category": "covered", "osm_type": "way", "osm_id": 392167140, "name": "AFP-PNP Phase 1 Covered Court"}}, {"type": "Feature", "geometry": {"type": "Point", "coordinates": [121.0799746, 14.5438521]}, "properties": {"city": "Taguig", "category": "covered", "osm_type": "way", "osm_id": 403173774, "name": null}}, {"type": "Feature", "geometry": {"type": "Point", "coordinates": [121.0862324, 14.5460897]}, "properties": {"city": "Taguig", "category": "outdoor", "osm_type": "way", "osm_id": 403229392, "name": "SEPVHOAI Covered Court"}}, {"type": "Feature", "geometry": {"type": "Point", "coordinates": [121.0865319, 14.5384283]}, "properties": {"city": "Taguig", "category": "covered", "osm_type": "way", "osm_id": 403235019, "name": "Isaac Flores Multipurpose Covered Court"}}, {"type": "Feature", "geometry": {"type": "Point", "coordinates": [121.0607924, 14.5426361]}, "properties": {"city": "Taguig", "category": "covered", "osm_type": "way", "osm_id": 404340914, "name": "Umbel Covered Court"}}, {"type": "Feature", "geometry": {"type": "Point", "coordinates": [121.0797093, 14.5359648]}, "properties": {"city": "Taguig", "category": "outdoor", "osm_type": "way", "osm_id": 434584731, "name": "Palingon Basketball Court"}}, {"type": "Feature", "geometry": {"type": "Point", "coordinates": [121.0561751, 14.495422]}, "properties": {"city": "Taguig", "category": "covered", "osm_type": "way", "osm_id": 436823286, "name": null}}, {"type": "Feature", "geometry": {"type": "Point", "coordinates": [121.0961743, 14.5380271]}, "properties": {"city": "Taguig", "category": "covered", "osm_type": "way", "osm_id": 436831564, "name": null}}, {"type": "Feature", "geometry": {"type": "Point", "coordinates": [121.0716643, 14.5358988]}, "properties": {"city": "Taguig", "category": "outdoor", "osm_type": "way", "osm_id": 437523624, "name": null}}, {"type": "Feature", "geometry": {"type": "Point", "coordinates": [121.0576674, 14.5067677]}, "properties": {"city": "Taguig", "category": "covered", "osm_type": "way", "osm_id": 437546572, "name": "Ayos na Court"}}, {"type": "Feature", "geometry": {"type": "Point", "coordinates": [121.0495772, 14.529509]}, "properties": {"city": "Taguig", "category": "outdoor", "osm_type": "way", "osm_id": 437701773, "name": null}}, {"type": "Feature", "geometry": {"type": "Point", "coordinates": [121.0456503, 14.5155649]}, "properties": {"city": "Taguig", "category": "covered", "osm_type": "way", "osm_id": 439100997, "name": null}}, {"type": "Feature", "geometry": {"type": "Point", "coordinates": [121.0478308, 14.4916194]}, "properties": {"city": "Taguig", "category": "outdoor", "osm_type": "way", "osm_id": 439834467, "name": "IBM-Purok 1 Covered Court"}}, {"type": "Feature", "geometry": {"type": "Point", "coordinates": [121.05741, 14.5017487]}, "properties": {"city": "Taguig", "category": "covered", "osm_type": "way", "osm_id": 440006453, "name": null}}, {"type": "Feature", "geometry": {"type": "Point", "coordinates": [121.0560605, 14.4931553]}, "properties": {"city": "Taguig", "category": "covered", "osm_type": "way", "osm_id": 440879361, "name": null}}, {"type": "Feature", "geometry": {"type": "Point", "coordinates": [121.0576147, 14.4930306]}, "properties": {"city": "Taguig", "category": "covered", "osm_type": "way", "osm_id": 440884821, "name": "PYC Covered Court"}}, {"type": "Feature", "geometry": {"type": "Point", "coordinates": [121.0557774, 14.515091]}, "properties": {"city": "Taguig", "category": "covered", "osm_type": "way", "osm_id": 441555929, "name": null}}, {"type": "Feature", "geometry": {"type": "Point", "coordinates": [121.0782822, 14.5396061]}, "properties": {"city": "Taguig", "category": "outdoor", "osm_type": "way", "osm_id": 441563176, "name": null}}, {"type": "Feature", "geometry": {"type": "Point", "coordinates": [121.0621793, 14.4968523]}, "properties": {"city": "Taguig", "category": "covered", "osm_type": "way", "osm_id": 441573206, "name": null}}, {"type": "Feature", "geometry": {"type": "Point", "coordinates": [121.0526726, 14.4848736]}, "properties": {"city": "Taguig", "category": "outdoor", "osm_type": "way", "osm_id": 442707980, "name": null}}, {"type": "Feature", "geometry": {"type": "Point", "coordinates": [121.023488, 14.5299541]}, "properties": {"city": "Taguig", "category": "covered", "osm_type": "way", "osm_id": 443348980, "name": null}}, {"type": "Feature", "geometry": {"type": "Point", "coordinates": [121.0361389, 14.5118931]}, "properties": {"city": "Taguig", "category": "covered", "osm_type": "way", "osm_id": 443541709, "name": null}}, {"type": "Feature", "geometry": {"type": "Point", "coordinates": [121.0628573, 14.512432]}, "properties": {"city": "Taguig", "category": "covered", "osm_type": "way", "osm_id": 443721390, "name": null}}, {"type": "Feature", "geometry": {"type": "Point", "coordinates": [121.0571409, 14.5001741]}, "properties": {"city": "Taguig", "category": "covered", "osm_type": "way", "osm_id": 444996076, "name": "Purok 15 Covered Court"}}, {"type": "Feature", "geometry": {"type": "Point", "coordinates": [121.0506044, 14.5003603]}, "properties": {"city": "Taguig", "category": "covered", "osm_type": "way", "osm_id": 445446798, "name": null}}, {"type": "Feature", "geometry": {"type": "Point", "coordinates": [121.0594376, 14.5492784]}, "properties": {"city": "Taguig", "category": "outdoor", "osm_type": "way", "osm_id": 445644889, "name": null}}, {"type": "Feature", "geometry": {"type": "Point", "coordinates": [121.0368828, 14.5348987]}, "properties": {"city": "Taguig", "category": "outdoor", "osm_type": "way", "osm_id": 455608849, "name": null}}, {"type": "Feature", "geometry": {"type": "Point", "coordinates": [121.0559416, 14.5429997]}, "properties": {"city": "Taguig", "category": "outdoor", "osm_type": "way", "osm_id": 456281766, "name": null}}, {"type": "Feature", "geometry": {"type": "Point", "coordinates": [121.0581744, 14.5122593]}, "properties": {"city": "Taguig", "category": "covered", "osm_type": "way", "osm_id": 506007846, "name": null}}, {"type": "Feature", "geometry": {"type": "Point", "coordinates": [121.0741129, 14.5313336]}, "properties": {"city": "Taguig", "category": "outdoor", "osm_type": "way", "osm_id": 511615247, "name": null}}, {"type": "Feature", "geometry": {"type": "Point", "coordinates": [121.067469, 14.5193782]}, "properties": {"city": "Taguig", "category": "outdoor", "osm_type": "way", "osm_id": 555022201, "name": null}}, {"type": "Feature", "geometry": {"type": "Point", "coordinates": [121.0672434, 14.521173]}, "properties": {"city": "Taguig", "category": "outdoor", "osm_type": "way", "osm_id": 555022210, "name": null}}, {"type": "Feature", "geometry": {"type": "Point", "coordinates": [121.071804, 14.5368983]}, "properties": {"city": "Taguig", "category": "outdoor", "osm_type": "way", "osm_id": 555455473, "name": null}}, {"type": "Feature", "geometry": {"type": "Point", "coordinates": [121.0780987, 14.516273]}, "properties": {"city": "Taguig", "category": "outdoor", "osm_type": "way", "osm_id": 556147939, "name": null}}, {"type": "Feature", "geometry": {"type": "Point", "coordinates": [121.0393291, 14.5143967]}, "properties": {"city": "Taguig", "category": "covered", "osm_type": "way", "osm_id": 563744956, "name": null}}, {"type": "Feature", "geometry": {"type": "Point", "coordinates": [121.0491136, 14.5641327]}, "properties": {"city": "Taguig", "category": "covered", "osm_type": "way", "osm_id": 565126305, "name": "Caimito Covered Court"}}, {"type": "Feature", "geometry": {"type": "Point", "coordinates": [121.0501447, 14.5639326]}, "properties": {"city": "Taguig", "category": "outdoor", "osm_type": "way", "osm_id": 565126306, "name": null}}, {"type": "Feature", "geometry": {"type": "Point", "coordinates": [121.0394574, 14.5275145]}, "properties": {"city": "Taguig", "category": "outdoor", "osm_type": "way", "osm_id": 570522109, "name": null}}, {"type": "Feature", "geometry": {"type": "Point", "coordinates": [121.0435777, 14.5086689]}, "properties": {"city": "Taguig", "category": "outdoor", "osm_type": "way", "osm_id": 597905300, "name": null}}, {"type": "Feature", "geometry": {"type": "Point", "coordinates": [121.0524339, 14.5526523]}, "properties": {"city": "Taguig", "category": "outdoor", "osm_type": "way", "osm_id": 625011703, "name": "Titan Love Court"}}, {"type": "Feature", "geometry": {"type": "Point", "coordinates": [121.0573877, 14.5236322]}, "properties": {"city": "Taguig", "category": "outdoor", "osm_type": "way", "osm_id": 653871978, "name": null}}, {"type": "Feature", "geometry": {"type": "Point", "coordinates": [121.0600428, 14.4808966]}, "properties": {"city": "Taguig", "category": "covered", "osm_type": "way", "osm_id": 687906852, "name": "Covered Court"}}, {"type": "Feature", "geometry": {"type": "Point", "coordinates": [121.0603853, 14.4809262]}, "properties": {"city": "Taguig", "category": "covered", "osm_type": "way", "osm_id": 687906853, "name": null}}, {"type": "Feature", "geometry": {"type": "Point", "coordinates": [121.0582626, 14.5269199]}, "properties": {"city": "Taguig", "category": "outdoor", "osm_type": "way", "osm_id": 693127342, "name": null}}, {"type": "Feature", "geometry": {"type": "Point", "coordinates": [121.0337373, 14.5295134]}, "properties": {"city": "Taguig", "category": "outdoor", "osm_type": "way", "osm_id": 693158522, "name": null}}, {"type": "Feature", "geometry": {"type": "Point", "coordinates": [121.0269324, 14.5268432]}, "properties": {"city": "Taguig", "category": "outdoor", "osm_type": "way", "osm_id": 740528991, "name": null}}, {"type": "Feature", "geometry": {"type": "Point", "coordinates": [121.0281404, 14.52791]}, "properties": {"city": "Taguig", "category": "outdoor", "osm_type": "way", "osm_id": 741963852, "name": null}}, {"type": "Feature", "geometry": {"type": "Point", "coordinates": [121.0411495, 14.5377797]}, "properties": {"city": "Taguig", "category": "outdoor", "osm_type": "way", "osm_id": 741976399, "name": null}}, {"type": "Feature", "geometry": {"type": "Point", "coordinates": [121.0438454, 14.5406029]}, "properties": {"city": "Taguig", "category": "outdoor", "osm_type": "way", "osm_id": 743748250, "name": null}}, {"type": "Feature", "geometry": {"type": "Point", "coordinates": [121.0745977, 14.5336386]}, "properties": {"city": "Taguig", "category": "outdoor", "osm_type": "way", "osm_id": 747727976, "name": null}}, {"type": "Feature", "geometry": {"type": "Point", "coordinates": [121.0809962, 14.5122297]}, "properties": {"city": "Taguig", "category": "outdoor", "osm_type": "way", "osm_id": 760035772, "name": null}}, {"type": "Feature", "geometry": {"type": "Point", "coordinates": [121.0594078, 14.5185904]}, "properties": {"city": "Taguig", "category": "covered", "osm_type": "way", "osm_id": 766129760, "name": "Plaza 10 Covered Court"}}, {"type": "Feature", "geometry": {"type": "Point", "coordinates": [121.063003, 14.5487141]}, "properties": {"city": "Taguig", "category": "outdoor", "osm_type": "way", "osm_id": 770797809, "name": null}}, {"type": "Feature", "geometry": {"type": "Point", "coordinates": [121.0566233, 14.5337795]}, "properties": {"city": "Taguig", "category": "outdoor", "osm_type": "way", "osm_id": 770825236, "name": "Palar Basketball Court"}}, {"type": "Feature", "geometry": {"type": "Point", "coordinates": [121.0561256, 14.5044364]}, "properties": {"city": "Taguig", "category": "covered", "osm_type": "way", "osm_id": 771769723, "name": null}}, {"type": "Feature", "geometry": {"type": "Point", "coordinates": [121.090509, 14.5370263]}, "properties": {"city": "Taguig", "category": "outdoor", "osm_type": "way", "osm_id": 844893698, "name": null}}, {"type": "Feature", "geometry": {"type": "Point", "coordinates": [121.0370955, 14.5094535]}, "properties": {"city": "Taguig", "category": "covered", "osm_type": "way", "osm_id": 860092307, "name": null}}, {"type": "Feature", "geometry": {"type": "Point", "coordinates": [121.0374, 14.5097422]}, "properties": {"city": "Taguig", "category": "covered", "osm_type": "way", "osm_id": 860092314, "name": null}}, {"type": "Feature", "geometry": {"type": "Point", "coordinates": [121.0373289, 14.5086404]}, "properties": {"city": "Taguig", "category": "outdoor", "osm_type": "way", "osm_id": 860092316, "name": null}}, {"type": "Feature", "geometry": {"type": "Point", "coordinates": [121.0506044, 14.5003603]}, "properties": {"city": "Taguig", "category": "outdoor", "osm_type": "way", "osm_id": 884451217, "name": null}}, {"type": "Feature", "geometry": {"type": "Point", "coordinates": [121.049821, 14.4769819]}, "properties": {"city": "Taguig", "category": "outdoor", "osm_type": "way", "osm_id": 888602397, "name": "Dimson Compound Basketball Court"}}, {"type": "Feature", "geometry": {"type": "Point", "coordinates": [121.0946097, 14.5441771]}, "properties": {"city": "Taguig", "category": "outdoor", "osm_type": "way", "osm_id": 908304447, "name": null}}, {"type": "Feature", "geometry": {"type": "Point", "coordinates": [121.0703604, 14.5153856]}, "properties": {"city": "Taguig", "category": "outdoor", "osm_type": "way", "osm_id": 910371818, "name": null}}, {"type": "Feature", "geometry": {"type": "Point", "coordinates": [121.0628406, 14.5218124]}, "properties": {"city": "Taguig", "category": "outdoor", "osm_type": "way", "osm_id": 910371837, "name": null}}, {"type": "Feature", "geometry": {"type": "Point", "coordinates": [121.0652247, 14.5207216]}, "properties": {"city": "Taguig", "category": "outdoor", "osm_type": "way", "osm_id": 910371842, "name": null}}, {"type": "Feature", "geometry": {"type": "Point", "coordinates": [121.0504538, 14.4695859]}, "properties": {"city": "Taguig", "category": "outdoor", "osm_type": "way", "osm_id": 972697020, "name": "Open court"}}, {"type": "Feature", "geometry": {"type": "Point", "coordinates": [121.0569553, 14.4742442]}, "properties": {"city": "Taguig", "category": "covered", "osm_type": "way", "osm_id": 985689839, "name": null}}, {"type": "Feature", "geometry": {"type": "Point", "coordinates": [121.0558292, 14.4866302]}, "properties": {"city": "Taguig", "category": "outdoor", "osm_type": "way", "osm_id": 986129303, "name": null}}, {"type": "Feature", "geometry": {"type": "Point", "coordinates": [121.0630285, 14.5028637]}, "properties": {"city": "Taguig", "category": "covered", "osm_type": "way", "osm_id": 986273302, "name": null}}, {"type": "Feature", "geometry": {"type": "Point", "coordinates": [121.0594578, 14.4781568]}, "properties": {"city": "Taguig", "category": "covered", "osm_type": "way", "osm_id": 1059715718, "name": null}}, {"type": "Feature", "geometry": {"type": "Point", "coordinates": [121.0497146, 14.5664228]}, "properties": {"city": "Taguig", "category": "outdoor", "osm_type": "way", "osm_id": 1071437116, "name": null}}, {"type": "Feature", "geometry": {"type": "Point", "coordinates": [121.0582416, 14.521496]}, "properties": {"city": "Taguig", "category": "covered", "osm_type": "way", "osm_id": 1074408687, "name": null}}, {"type": "Feature", "geometry": {"type": "Point", "coordinates": [121.0699532, 14.5228149]}, "properties": {"city": "Taguig", "category": "outdoor", "osm_type": "way", "osm_id": 1079677280, "name": null}}, {"type": "Feature", "geometry": {"type": "Point", "coordinates": [121.0561187, 14.4934949]}, "properties": {"city": "Taguig", "category": "covered", "osm_type": "way", "osm_id": 1123279124, "name": null}}, {"type": "Feature", "geometry": {"type": "Point", "coordinates": [121.0710294, 14.5307779]}, "properties": {"city": "Taguig", "category": "outdoor", "osm_type": "way", "osm_id": 1173860239, "name": null}}, {"type": "Feature", "geometry": {"type": "Point", "coordinates": [121.0608658, 14.5327628]}, "properties": {"city": "Taguig", "category": "outdoor", "osm_type": "way", "osm_id": 1241830446, "name": "Maya Basketball Court"}}, {"type": "Feature", "geometry": {"type": "Point", "coordinates": [121.0548111, 14.5626301]}, "properties": {"city": "Taguig", "category": "outdoor", "osm_type": "way", "osm_id": 1284646227, "name": "Gate 1 Open Basketball Court"}}, {"type": "Feature", "geometry": {"type": "Point", "coordinates": [121.0517336, 14.4856173]}, "properties": {"city": "Taguig", "category": "outdoor", "osm_type": "way", "osm_id": 1346411667, "name": null}}, {"type": "Feature", "geometry": {"type": "Point", "coordinates": [121.0596555, 14.5599857]}, "properties": {"city": "Taguig", "category": "outdoor", "osm_type": "way", "osm_id": 1411748290, "name": "Tarikan Basketball Court"}}, {"type": "Feature", "geometry": {"type": "Point", "coordinates": [121.0528132, 14.5432815]}, "properties": {"city": "Taguig", "category": "outdoor", "osm_type": "way", "osm_id": 1441611154, "name": "Minipark Basketball Court"}}, {"type": "Feature", "geometry": {"type": "Point", "coordinates": [121.0485245, 14.4733027]}, "properties": {"city": "Taguig", "category": "outdoor", "osm_type": "way", "osm_id": 1472020456, "name": null}}, {"type": "Feature", "geometry": {"type": "Point", "coordinates": [121.0602042, 14.5579242]}, "properties": {"city": "Taguig", "category": "outdoor", "osm_type": "way", "osm_id": 1476225775, "name": null}}, {"type": "Feature", "geometry": {"type": "Point", "coordinates": [121.0589961, 14.558137]}, "properties": {"city": "Taguig", "category": "outdoor", "osm_type": "way", "osm_id": 1476225776, "name": null}}, {"type": "Feature", "geometry": {"type": "Point", "coordinates": [121.0596319, 14.5579192]}, "properties": {"city": "Taguig", "category": "outdoor", "osm_type": "way", "osm_id": 1476225779, "name": null}}, {"type": "Feature", "geometry": {"type": "Point", "coordinates": [121.0638737, 14.536293]}, "properties": {"city": "Taguig", "category": "covered", "osm_type": "way", "osm_id": 1476334007, "name": "Rizal Community Complex"}}, {"type": "Feature", "geometry": {"type": "Point", "coordinates": [121.0525849, 14.5443237]}, "properties": {"city": "Taguig", "category": "outdoor", "osm_type": "way", "osm_id": 1476336380, "name": "Minipark Lower Basketball Court"}}, {"type": "Feature", "geometry": {"type": "Point", "coordinates": [121.0572018, 14.5628386]}, "properties": {"city": "Taguig", "category": "outdoor", "osm_type": "way", "osm_id": 1476340575, "name": null}}, {"type": "Feature", "geometry": {"type": "Point", "coordinates": [121.0559636, 14.5420444]}, "properties": {"city": "Taguig", "category": "outdoor", "osm_type": "way", "osm_id": 1476466172, "name": null}}, {"type": "Feature", "geometry": {"type": "Point", "coordinates": [121.0579053, 14.5377532]}, "properties": {"city": "Taguig", "category": "outdoor", "osm_type": "way", "osm_id": 1476466173, "name": "Aranai Village Basketball Court"}}, {"type": "Feature", "geometry": {"type": "Point", "coordinates": [121.0631279, 14.5582581]}, "properties": {"city": "Taguig", "category": "outdoor", "osm_type": "way", "osm_id": 1477029629, "name": "Upper Plaza Basketball Court"}}, {"type": "Feature", "geometry": {"type": "Point", "coordinates": [121.0527436, 14.5237037]}, "properties": {"city": "Taguig", "category": "outdoor", "osm_type": "way", "osm_id": 1477817856, "name": "Panam Basketball Court"}}, {"type": "Feature", "geometry": {"type": "Point", "coordinates": [121.0557694, 14.5305121]}, "properties": {"city": "Taguig", "category": "outdoor", "osm_type": "way", "osm_id": 1477817858, "name": null}}, {"type": "Feature", "geometry": {"type": "Point", "coordinates": [121.0371428, 14.5094659]}, "properties": {"city": "Taguig", "category": "covered", "osm_type": "way", "osm_id": 1523575058, "name": "TUP-T Gymnasium"}}, {"type": "Feature", "geometry": {"type": "Point", "coordinates": [121.0582476, 14.5294272]}, "properties": {"city": "Taguig", "category": "outdoor", "osm_type": "way", "osm_id": 1524502681, "name": null}}, {"type": "Feature", "geometry": {"type": "Point", "coordinates": [121.0565133, 14.5376276]}, "properties": {"city": "Taguig", "category": "outdoor", "osm_type": "way", "osm_id": 1524502685, "name": "Mt. Bulusan Half Court"}}, {"type": "Feature", "geometry": {"type": "Point", "coordinates": [121.0537439, 14.5652737]}, "properties": {"city": "Taguig", "category": "outdoor", "osm_type": "way", "osm_id": 1525688797, "name": null}}, {"type": "Feature", "geometry": {"type": "Point", "coordinates": [121.0334842, 14.5911429]}, "properties": {"city": "Mandaluyong", "category": "outdoor", "osm_type": "node", "osm_id": 5963272842, "name": null}}, {"type": "Feature", "geometry": {"type": "Point", "coordinates": [121.0432306, 14.5753643]}, "properties": {"city": "Mandaluyong", "category": "outdoor", "osm_type": "node", "osm_id": 7027671602, "name": "Dansalan Open Court"}}, {"type": "Feature", "geometry": {"type": "Point", "coordinates": [121.0339241, 14.5865881]}, "properties": {"city": "Mandaluyong", "category": "outdoor", "osm_type": "node", "osm_id": 11659135438, "name": null}}, {"type": "Feature", "geometry": {"type": "Point", "coordinates": [121.029428, 14.573629]}, "properties": {"city": "Mandaluyong", "category": "outdoor", "osm_type": "node", "osm_id": 13061445992, "name": null}}, {"type": "Feature", "geometry": {"type": "Point", "coordinates": [121.0376683, 14.5816705]}, "properties": {"city": "Mandaluyong", "category": "outdoor", "osm_type": "node", "osm_id": 13455362982, "name": "Punzalan Manggahan Basketball Half Court"}}, {"type": "Feature", "geometry": {"type": "Point", "coordinates": [121.0254683, 14.5899811]}, "properties": {"city": "Mandaluyong", "category": "covered", "osm_type": "way", "osm_id": 64281768, "name": "Gymnasium"}}, {"type": "Feature", "geometry": {"type": "Point", "coordinates": [121.0515348, 14.5756249]}, "properties": {"city": "Mandaluyong", "category": "outdoor", "osm_type": "way", "osm_id": 103600817, "name": null}}, {"type": "Feature", "geometry": {"type": "Point", "coordinates": [121.033492, 14.5697231]}, "properties": {"city": "Mandaluyong", "category": "covered", "osm_type": "way", "osm_id": 121211583, "name": "San Jose Covered Court"}}, {"type": "Feature", "geometry": {"type": "Point", "coordinates": [121.0421576, 14.5862763]}, "properties": {"city": "Mandaluyong", "category": "outdoor", "osm_type": "way", "osm_id": 152020597, "name": null}}, {"type": "Feature", "geometry": {"type": "Point", "coordinates": [121.042376, 14.5876562]}, "properties": {"city": "Mandaluyong", "category": "outdoor", "osm_type": "way", "osm_id": 152020598, "name": "Gatorade Hoops Center"}}, {"type": "Feature", "geometry": {"type": "Point", "coordinates": [121.035364, 14.5802096]}, "properties": {"city": "Mandaluyong", "category": "covered", "osm_type": "way", "osm_id": 166091095, "name": null}}, {"type": "Feature", "geometry": {"type": "Point", "coordinates": [121.0426191, 14.572563]}, "properties": {"city": "Mandaluyong", "category": "covered", "osm_type": "way", "osm_id": 218402150, "name": null}}, {"type": "Feature", "geometry": {"type": "Point", "coordinates": [121.0360185, 14.5722191]}, "properties": {"city": "Mandaluyong", "category": "outdoor", "osm_type": "way", "osm_id": 264571515, "name": null}}, {"type": "Feature", "geometry": {"type": "Point", "coordinates": [121.0399341, 14.5684337]}, "properties": {"city": "Mandaluyong", "category": "covered", "osm_type": "way", "osm_id": 264571518, "name": "P. Cruz Barangay Covered Court"}}, {"type": "Feature", "geometry": {"type": "Point", "coordinates": [121.0255925, 14.5780525]}, "properties": {"city": "Mandaluyong", "category": "covered", "osm_type": "way", "osm_id": 264693968, "name": "Vergara Covered Court"}}, {"type": "Feature", "geometry": {"type": "Point", "coordinates": [121.0439808, 14.5819082]}, "properties": {"city": "Mandaluyong", "category": "covered", "osm_type": "way", "osm_id": 273200613, "name": "Mauway Executive Sports Complex"}}, {"type": "Feature", "geometry": {"type": "Point", "coordinates": [121.0462931, 14.5859529]}, "properties": {"city": "Mandaluyong", "category": "outdoor", "osm_type": "way", "osm_id": 278761236, "name": null}}, {"type": "Feature", "geometry": {"type": "Point", "coordinates": [121.044149, 14.5856382]}, "properties": {"city": "Mandaluyong", "category": "outdoor", "osm_type": "way", "osm_id": 278779295, "name": null}}, {"type": "Feature", "geometry": {"type": "Point", "coordinates": [121.0428507, 14.5786575]}, "properties": {"city": "Mandaluyong", "category": "covered", "osm_type": "way", "osm_id": 279275144, "name": null}}, {"type": "Feature", "geometry": {"type": "Point", "coordinates": [121.0475292, 14.5805564]}, "properties": {"city": "Mandaluyong", "category": "covered", "osm_type": "way", "osm_id": 279282995, "name": null}}, {"type": "Feature", "geometry": {"type": "Point", "coordinates": [121.0191408, 14.5809402]}, "properties": {"city": "Mandaluyong", "category": "outdoor", "osm_type": "way", "osm_id": 303019319, "name": null}}, {"type": "Feature", "geometry": {"type": "Point", "coordinates": [121.0414041, 14.5688029]}, "properties": {"city": "Mandaluyong", "category": "covered", "osm_type": "way", "osm_id": 311083348, "name": null}}, {"type": "Feature", "geometry": {"type": "Point", "coordinates": [121.0286824, 14.5912752]}, "properties": {"city": "Mandaluyong", "category": "outdoor", "osm_type": "way", "osm_id": 327351411, "name": "Magalona Basketball Court"}}, {"type": "Feature", "geometry": {"type": "Point", "coordinates": [121.0302163, 14.5909941]}, "properties": {"city": "Mandaluyong", "category": "covered", "osm_type": "way", "osm_id": 330878725, "name": "Bagong Silang Covered Court"}}, {"type": "Feature", "geometry": {"type": "Point", "coordinates": [121.0282276, 14.5895699]}, "properties": {"city": "Mandaluyong", "category": "outdoor", "osm_type": "way", "osm_id": 331078821, "name": "Highlander Court"}}, {"type": "Feature", "geometry": {"type": "Point", "coordinates": [121.0288116, 14.5842563]}, "properties": {"city": "Mandaluyong", "category": "outdoor", "osm_type": "way", "osm_id": 331158506, "name": "Luna Basketball Court"}}, {"type": "Feature", "geometry": {"type": "Point", "coordinates": [121.027035, 14.5875217]}, "properties": {"city": "Mandaluyong", "category": "covered", "osm_type": "way", "osm_id": 331167871, "name": null}}, {"type": "Feature", "geometry": {"type": "Point", "coordinates": [121.0373076, 14.5865335]}, "properties": {"city": "Mandaluyong", "category": "outdoor", "osm_type": "way", "osm_id": 354720237, "name": "Block 6 Covered Court"}}, {"type": "Feature", "geometry": {"type": "Point", "coordinates": [121.032641, 14.588103]}, "properties": {"city": "Mandaluyong", "category": "covered", "osm_type": "way", "osm_id": 361257036, "name": "Hagdan Bato Itaas Covered Court"}}, {"type": "Feature", "geometry": {"type": "Point", "coordinates": [121.0339001, 14.5849883]}, "properties": {"city": "Mandaluyong", "category": "covered", "osm_type": "way", "osm_id": 361353263, "name": null}}, {"type": "Feature", "geometry": {"type": "Point", "coordinates": [121.0573414, 14.5790739]}, "properties": {"city": "Mandaluyong", "category": "outdoor", "osm_type": "way", "osm_id": 363841174, "name": null}}, {"type": "Feature", "geometry": {"type": "Point", "coordinates": [121.0576018, 14.579557]}, "properties": {"city": "Mandaluyong", "category": "covered", "osm_type": "way", "osm_id": 363841180, "name": "Padre Pio Gymnasium"}}, {"type": "Feature", "geometry": {"type": "Point", "coordinates": [121.0382483, 14.585506]}, "properties": {"city": "Mandaluyong", "category": "covered", "osm_type": "way", "osm_id": 389329557, "name": "Block 12 Covered Court"}}, {"type": "Feature", "geometry": {"type": "Point", "coordinates": [121.0367393, 14.5852826]}, "properties": {"city": "Mandaluyong", "category": "covered", "osm_type": "way", "osm_id": 389329570, "name": "Molave Court"}}, {"type": "Feature", "geometry": {"type": "Point", "coordinates": [121.0327386, 14.5875403]}, "properties": {"city": "Mandaluyong", "category": "outdoor", "osm_type": "way", "osm_id": 421451097, "name": null}}, {"type": "Feature", "geometry": {"type": "Point", "coordinates": [121.0348944, 14.5867128]}, "properties": {"city": "Mandaluyong", "category": "covered", "osm_type": "way", "osm_id": 452336304, "name": "Andres Bonifacio Integrated School Gymnasium"}}, {"type": "Feature", "geometry": {"type": "Point", "coordinates": [121.0287963, 14.5791932]}, "properties": {"city": "Mandaluyong", "category": "outdoor", "osm_type": "way", "osm_id": 458423985, "name": "San Jose Covered Court"}}, {"type": "Feature", "geometry": {"type": "Point", "coordinates": [121.028725, 14.5737632]}, "properties": {"city": "Mandaluyong", "category": "outdoor", "osm_type": "way", "osm_id": 470127087, "name": "4K Basketball Court"}}, {"type": "Feature", "geometry": {"type": "Point", "coordinates": [121.0273663, 14.5742799]}, "properties": {"city": "Mandaluyong", "category": "outdoor", "osm_type": "way", "osm_id": 470129329, "name": "Libis Basketball Court"}}, {"type": "Feature", "geometry": {"type": "Point", "coordinates": [121.0469175, 14.57829]}, "properties": {"city": "Mandaluyong", "category": "outdoor", "osm_type": "way", "osm_id": 554613446, "name": "Court"}}, {"type": "Feature", "geometry": {"type": "Point", "coordinates": [121.046985, 14.5780074]}, "properties": {"city": "Mandaluyong", "category": "outdoor", "osm_type": "way", "osm_id": 554613448, "name": null}}, {"type": "Feature", "geometry": {"type": "Point", "coordinates": [121.0416958, 14.5865921]}, "properties": {"city": "Mandaluyong", "category": "covered", "osm_type": "way", "osm_id": 610518040, "name": "Evangelista Sports Arena"}}, {"type": "Feature", "geometry": {"type": "Point", "coordinates": [121.038616, 14.5833112]}, "properties": {"city": "Mandaluyong", "category": "outdoor", "osm_type": "way", "osm_id": 610525113, "name": null}}, {"type": "Feature", "geometry": {"type": "Point", "coordinates": [121.0410916, 14.5855892]}, "properties": {"city": "Mandaluyong", "category": "outdoor", "osm_type": "way", "osm_id": 610564443, "name": null}}, {"type": "Feature", "geometry": {"type": "Point", "coordinates": [121.0238373, 14.5867725]}, "properties": {"city": "Mandaluyong", "category": "outdoor", "osm_type": "way", "osm_id": 616253580, "name": null}}, {"type": "Feature", "geometry": {"type": "Point", "coordinates": [121.0360672, 14.5859339]}, "properties": {"city": "Mandaluyong", "category": "covered", "osm_type": "way", "osm_id": 629891572, "name": "Sakatuki Sports Court"}}, {"type": "Feature", "geometry": {"type": "Point", "coordinates": [121.0361693, 14.5822907]}, "properties": {"city": "Mandaluyong", "category": "outdoor", "osm_type": "way", "osm_id": 629891580, "name": null}}, {"type": "Feature", "geometry": {"type": "Point", "coordinates": [121.0277768, 14.5892336]}, "properties": {"city": "Mandaluyong", "category": "covered", "osm_type": "way", "osm_id": 635483539, "name": "Burol-Luna Star Covered Court"}}, {"type": "Feature", "geometry": {"type": "Point", "coordinates": [121.0458378, 14.5750734]}, "properties": {"city": "Mandaluyong", "category": "outdoor", "osm_type": "way", "osm_id": 681037210, "name": null}}, {"type": "Feature", "geometry": {"type": "Point", "coordinates": [121.0467634, 14.5751881]}, "properties": {"city": "Mandaluyong", "category": "outdoor", "osm_type": "way", "osm_id": 681037214, "name": "Malamig Basketball Court"}}, {"type": "Feature", "geometry": {"type": "Point", "coordinates": [121.0486334, 14.5817715]}, "properties": {"city": "Mandaluyong", "category": "outdoor", "osm_type": "way", "osm_id": 681038238, "name": null}}, {"type": "Feature", "geometry": {"type": "Point", "coordinates": [121.0368705, 14.5803999]}, "properties": {"city": "Mandaluyong", "category": "covered", "osm_type": "way", "osm_id": 686068291, "name": null}}, {"type": "Feature", "geometry": {"type": "Point", "coordinates": [121.0251215, 14.5772429]}, "properties": {"city": "Mandaluyong", "category": "covered", "osm_type": "way", "osm_id": 686212393, "name": null}}, {"type": "Feature", "geometry": {"type": "Point", "coordinates": [121.0306367, 14.588014]}, "properties": {"city": "Mandaluyong", "category": "covered", "osm_type": "way", "osm_id": 686467261, "name": null}}, {"type": "Feature", "geometry": {"type": "Point", "coordinates": [121.0498166, 14.5821868]}, "properties": {"city": "Mandaluyong", "category": "covered", "osm_type": "way", "osm_id": 687013533, "name": null}}, {"type": "Feature", "geometry": {"type": "Point", "coordinates": [121.0245729, 14.579457]}, "properties": {"city": "Mandaluyong", "category": "outdoor", "osm_type": "way", "osm_id": 694705396, "name": null}}, {"type": "Feature", "geometry": {"type": "Point", "coordinates": [121.04003, 14.5694188]}, "properties": {"city": "Mandaluyong", "category": "outdoor", "osm_type": "way", "osm_id": 697048730, "name": null}}, {"type": "Feature", "geometry": {"type": "Point", "coordinates": [121.0346082, 14.5841388]}, "properties": {"city": "Mandaluyong", "category": "covered", "osm_type": "way", "osm_id": 777153281, "name": null}}, {"type": "Feature", "geometry": {"type": "Point", "coordinates": [121.0511656, 14.5686352]}, "properties": {"city": "Mandaluyong", "category": "covered", "osm_type": "way", "osm_id": 790263476, "name": "Buayang Bato Gym"}}, {"type": "Feature", "geometry": {"type": "Point", "coordinates": [121.0250865, 14.5862543]}, "properties": {"city": "Mandaluyong", "category": "covered", "osm_type": "way", "osm_id": 924133041, "name": null}}, {"type": "Feature", "geometry": {"type": "Point", "coordinates": [121.0387254, 14.587401]}, "properties": {"city": "Mandaluyong", "category": "covered", "osm_type": "way", "osm_id": 1035382440, "name": null}}, {"type": "Feature", "geometry": {"type": "Point", "coordinates": [121.0390756, 14.5890985]}, "properties": {"city": "Mandaluyong", "category": "outdoor", "osm_type": "way", "osm_id": 1151426952, "name": null}}, {"type": "Feature", "geometry": {"type": "Point", "coordinates": [121.0311708, 14.5714128]}, "properties": {"city": "Mandaluyong", "category": "outdoor", "osm_type": "way", "osm_id": 1180298503, "name": null}}, {"type": "Feature", "geometry": {"type": "Point", "coordinates": [121.0253491, 14.5901692]}, "properties": {"city": "Mandaluyong", "category": "outdoor", "osm_type": "way", "osm_id": 1329586868, "name": "Basketball Court and DBTC Athletics Office"}}, {"type": "Feature", "geometry": {"type": "Point", "coordinates": [121.0247058, 14.5913703]}, "properties": {"city": "Mandaluyong", "category": "outdoor", "osm_type": "way", "osm_id": 1537829179, "name": null}}, {"type": "Feature", "geometry": {"type": "Point", "coordinates": [121.093758, 14.6361406]}, "properties": {"city": "Marikina", "category": "outdoor", "osm_type": "node", "osm_id": 718335431, "name": null}}, {"type": "Feature", "geometry": {"type": "Point", "coordinates": [121.0901155, 14.6477329]}, "properties": {"city": "Marikina", "category": "outdoor", "osm_type": "node", "osm_id": 2960512540, "name": null}}, {"type": "Feature", "geometry": {"type": "Point", "coordinates": [121.109146, 14.6692385]}, "properties": {"city": "Marikina", "category": "outdoor", "osm_type": "node", "osm_id": 5761886950, "name": null}}, {"type": "Feature", "geometry": {"type": "Point", "coordinates": [121.1107681, 14.6686524]}, "properties": {"city": "Marikina", "category": "outdoor", "osm_type": "node", "osm_id": 5770192637, "name": null}}, {"type": "Feature", "geometry": {"type": "Point", "coordinates": [121.1004864, 14.6366065]}, "properties": {"city": "Marikina", "category": "outdoor", "osm_type": "node", "osm_id": 6792315254, "name": null}}, {"type": "Feature", "geometry": {"type": "Point", "coordinates": [121.1003155, 14.6366149]}, "properties": {"city": "Marikina", "category": "outdoor", "osm_type": "node", "osm_id": 6792315255, "name": null}}, {"type": "Feature", "geometry": {"type": "Point", "coordinates": [121.1113359, 14.6588625]}, "properties": {"city": "Marikina", "category": "outdoor", "osm_type": "node", "osm_id": 11311361172, "name": null}}, {"type": "Feature", "geometry": {"type": "Point", "coordinates": [121.0954285, 14.6427745]}, "properties": {"city": "Marikina", "category": "outdoor", "osm_type": "node", "osm_id": 12005127836, "name": null}}, {"type": "Feature", "geometry": {"type": "Point", "coordinates": [121.1118454, 14.6451286]}, "properties": {"city": "Marikina", "category": "covered", "osm_type": "node", "osm_id": 12584627417, "name": "Bond's Billiards"}}, {"type": "Feature", "geometry": {"type": "Point", "coordinates": [121.1211041, 14.6564121]}, "properties": {"city": "Marikina", "category": "outdoor", "osm_type": "node", "osm_id": 13670564090, "name": null}}, {"type": "Feature", "geometry": {"type": "Point", "coordinates": [121.0992215, 14.6340034]}, "properties": {"city": "Marikina", "category": "covered", "osm_type": "way", "osm_id": 53574342, "name": "Marikina Sports Complex Building"}}, {"type": "Feature", "geometry": {"type": "Point", "coordinates": [121.1061341, 14.6579112]}, "properties": {"city": "Marikina", "category": "covered", "osm_type": "way", "osm_id": 59823218, "name": null}}, {"type": "Feature", "geometry": {"type": "Point", "coordinates": [121.1218269, 14.6553838]}, "properties": {"city": "Marikina", "category": "covered", "osm_type": "way", "osm_id": 72166341, "name": "MDPS Covered Court"}}, {"type": "Feature", "geometry": {"type": "Point", "coordinates": [121.0942741, 14.6319894]}, "properties": {"city": "Marikina", "category": "covered", "osm_type": "way", "osm_id": 80333309, "name": "Palaruang Batang Lambak"}}, {"type": "Feature", "geometry": {"type": "Point", "coordinates": [121.1083021, 14.6601073]}, "properties": {"city": "Marikina", "category": "outdoor", "osm_type": "way", "osm_id": 93199293, "name": "JEM Subdivision Gym"}}, {"type": "Feature", "geometry": {"type": "Point", "coordinates": [121.0810257, 14.6285995]}, "properties": {"city": "Marikina", "category": "outdoor", "osm_type": "way", "osm_id": 94352532, "name": null}}, {"type": "Feature", "geometry": {"type": "Point", "coordinates": [121.0963009, 14.638925]}, "properties": {"city": "Marikina", "category": "covered", "osm_type": "way", "osm_id": 97918664, "name": null}}, {"type": "Feature", "geometry": {"type": "Point", "coordinates": [121.1207323, 14.6426069]}, "properties": {"city": "Marikina", "category": "covered", "osm_type": "way", "osm_id": 97918673, "name": null}}, {"type": "Feature", "geometry": {"type": "Point", "coordinates": [121.102509, 14.6678618]}, "properties": {"city": "Marikina", "category": "covered", "osm_type": "way", "osm_id": 97918680, "name": null}}, {"type": "Feature", "geometry": {"type": "Point", "coordinates": [121.1111652, 14.6529569]}, "properties": {"city": "Marikina", "category": "covered", "osm_type": "way", "osm_id": 104496046, "name": null}}, {"type": "Feature", "geometry": {"type": "Point", "coordinates": [121.1046649, 14.6640639]}, "properties": {"city": "Marikina", "category": "covered", "osm_type": "way", "osm_id": 106995109, "name": "Fairlane Gym"}}, {"type": "Feature", "geometry": {"type": "Point", "coordinates": [121.109879, 14.642792]}, "properties": {"city": "Marikina", "category": "covered", "osm_type": "way", "osm_id": 107182846, "name": null}}, {"type": "Feature", "geometry": {"type": "Point", "coordinates": [121.0978593, 14.6342598]}, "properties": {"city": "Marikina", "category": "outdoor", "osm_type": "way", "osm_id": 107387892, "name": null}}, {"type": "Feature", "geometry": {"type": "Point", "coordinates": [121.0977728, 14.635009]}, "properties": {"city": "Marikina", "category": "outdoor", "osm_type": "way", "osm_id": 107387895, "name": null}}, {"type": "Feature", "geometry": {"type": "Point", "coordinates": [121.0905482, 14.6370267]}, "properties": {"city": "Marikina", "category": "covered", "osm_type": "way", "osm_id": 114667405, "name": null}}, {"type": "Feature", "geometry": {"type": "Point", "coordinates": [121.1109674, 14.6696625]}, "properties": {"city": "Marikina", "category": "covered", "osm_type": "way", "osm_id": 114769007, "name": "Ateneoville Court"}}, {"type": "Feature", "geometry": {"type": "Point", "coordinates": [121.1276727, 14.6628907]}, "properties": {"city": "Marikina", "category": "covered", "osm_type": "way", "osm_id": 114802043, "name": null}}, {"type": "Feature", "geometry": {"type": "Point", "coordinates": [121.1075479, 14.66095]}, "properties": {"city": "Marikina", "category": "outdoor", "osm_type": "way", "osm_id": 115811877, "name": null}}, {"type": "Feature", "geometry": {"type": "Point", "coordinates": [121.1268671, 14.646503]}, "properties": {"city": "Marikina", "category": "covered", "osm_type": "way", "osm_id": 115831097, "name": null}}, {"type": "Feature", "geometry": {"type": "Point", "coordinates": [121.1248203, 14.6505169]}, "properties": {"city": "Marikina", "category": "outdoor", "osm_type": "way", "osm_id": 115831117, "name": null}}, {"type": "Feature", "geometry": {"type": "Point", "coordinates": [121.124494, 14.6457082]}, "properties": {"city": "Marikina", "category": "covered", "osm_type": "way", "osm_id": 115831119, "name": "Marist School Auditorium"}}, {"type": "Feature", "geometry": {"type": "Point", "coordinates": [121.1081176, 14.6539141]}, "properties": {"city": "Marikina", "category": "outdoor", "osm_type": "way", "osm_id": 115836942, "name": null}}, {"type": "Feature", "geometry": {"type": "Point", "coordinates": [121.1129672, 14.6483435]}, "properties": {"city": "Marikina", "category": "outdoor", "osm_type": "way", "osm_id": 116587569, "name": null}}, {"type": "Feature", "geometry": {"type": "Point", "coordinates": [121.0924263, 14.6401485]}, "properties": {"city": "Marikina", "category": "outdoor", "osm_type": "way", "osm_id": 116912638, "name": null}}, {"type": "Feature", "geometry": {"type": "Point", "coordinates": [121.0937538, 14.6489858]}, "properties": {"city": "Marikina", "category": "covered", "osm_type": "way", "osm_id": 116914599, "name": "Sampaguita Gym"}}, {"type": "Feature", "geometry": {"type": "Point", "coordinates": [121.0948051, 14.6501646]}, "properties": {"city": "Marikina", "category": "covered", "osm_type": "way", "osm_id": 116914602, "name": "Filipinas Gym"}}, {"type": "Feature", "geometry": {"type": "Point", "coordinates": [121.0994141, 14.6473497]}, "properties": {"city": "Marikina", "category": "covered", "osm_type": "way", "osm_id": 116918291, "name": null}}, {"type": "Feature", "geometry": {"type": "Point", "coordinates": [121.0828548, 14.6366266]}, "properties": {"city": "Marikina", "category": "outdoor", "osm_type": "way", "osm_id": 117593566, "name": null}}, {"type": "Feature", "geometry": {"type": "Point", "coordinates": [121.1044493, 14.6233341]}, "properties": {"city": "Marikina", "category": "outdoor", "osm_type": "way", "osm_id": 117630725, "name": null}}, {"type": "Feature", "geometry": {"type": "Point", "coordinates": [121.1037817, 14.6249229]}, "properties": {"city": "Marikina", "category": "outdoor", "osm_type": "way", "osm_id": 117630736, "name": null}}, {"type": "Feature", "geometry": {"type": "Point", "coordinates": [121.1245076, 14.6427451]}, "properties": {"city": "Marikina", "category": "covered", "osm_type": "way", "osm_id": 118584591, "name": null}}, {"type": "Feature", "geometry": {"type": "Point", "coordinates": [121.1205884, 14.6429957]}, "properties": {"city": "Marikina", "category": "covered", "osm_type": "way", "osm_id": 120786737, "name": null}}, {"type": "Feature", "geometry": {"type": "Point", "coordinates": [121.1049053, 14.6639839]}, "properties": {"city": "Marikina", "category": "outdoor", "osm_type": "way", "osm_id": 131468050, "name": null}}, {"type": "Feature", "geometry": {"type": "Point", "coordinates": [121.1220606, 14.6485666]}, "properties": {"city": "Marikina", "category": "outdoor", "osm_type": "way", "osm_id": 151189052, "name": null}}, {"type": "Feature", "geometry": {"type": "Point", "coordinates": [121.0983794, 14.6431317]}, "properties": {"city": "Marikina", "category": "outdoor", "osm_type": "way", "osm_id": 161930580, "name": null}}, {"type": "Feature", "geometry": {"type": "Point", "coordinates": [121.0964568, 14.6403751]}, "properties": {"city": "Marikina", "category": "covered", "osm_type": "way", "osm_id": 162045226, "name": null}}, {"type": "Feature", "geometry": {"type": "Point", "coordinates": [121.1118856, 14.6545184]}, "properties": {"city": "Marikina", "category": "covered", "osm_type": "way", "osm_id": 163764567, "name": "Concepcion Covered Court"}}, {"type": "Feature", "geometry": {"type": "Point", "coordinates": [121.1076526, 14.6500197]}, "properties": {"city": "Marikina", "category": "covered", "osm_type": "way", "osm_id": 177432366, "name": null}}, {"type": "Feature", "geometry": {"type": "Point", "coordinates": [121.1064435, 14.6491894]}, "properties": {"city": "Marikina", "category": "covered", "osm_type": "way", "osm_id": 177432902, "name": null}}, {"type": "Feature", "geometry": {"type": "Point", "coordinates": [121.1085364, 14.6480696]}, "properties": {"city": "Marikina", "category": "covered", "osm_type": "way", "osm_id": 190371470, "name": null}}, {"type": "Feature", "geometry": {"type": "Point", "coordinates": [121.0771029, 14.6295584]}, "properties": {"city": "Marikina", "category": "covered", "osm_type": "way", "osm_id": 197152370, "name": "Multifunction Hall Montevista"}}, {"type": "Feature", "geometry": {"type": "Point", "coordinates": [121.104659, 14.6666626]}, "properties": {"city": "Marikina", "category": "covered", "osm_type": "way", "osm_id": 221154042, "name": null}}, {"type": "Feature", "geometry": {"type": "Point", "coordinates": [121.1052213, 14.6706644]}, "properties": {"city": "Marikina", "category": "outdoor", "osm_type": "way", "osm_id": 281984899, "name": "Greenland Phase 1 Covered Court"}}, {"type": "Feature", "geometry": {"type": "Point", "coordinates": [121.101304, 14.6701167]}, "properties": {"city": "Marikina", "category": "covered", "osm_type": "way", "osm_id": 281988045, "name": null}}, {"type": "Feature", "geometry": {"type": "Point", "coordinates": [121.101432, 14.6570112]}, "properties": {"city": "Marikina", "category": "covered", "osm_type": "way", "osm_id": 290654838, "name": null}}, {"type": "Feature", "geometry": {"type": "Point", "coordinates": [121.122176, 14.6546466]}, "properties": {"city": "Marikina", "category": "outdoor", "osm_type": "way", "osm_id": 308355574, "name": null}}, {"type": "Feature", "geometry": {"type": "Point", "coordinates": [121.1116898, 14.6381591]}, "properties": {"city": "Marikina", "category": "covered", "osm_type": "way", "osm_id": 358066374, "name": null}}, {"type": "Feature", "geometry": {"type": "Point", "coordinates": [121.1013451, 14.6646598]}, "properties": {"city": "Marikina", "category": "outdoor", "osm_type": "way", "osm_id": 392882279, "name": "Twinville Subdivision Bastketball Court"}}, {"type": "Feature", "geometry": {"type": "Point", "coordinates": [121.1002821, 14.6445817]}, "properties": {"city": "Marikina", "category": "outdoor", "osm_type": "way", "osm_id": 409678558, "name": null}}, {"type": "Feature", "geometry": {"type": "Point", "coordinates": [121.105323, 14.6655845]}, "properties": {"city": "Marikina", "category": "covered", "osm_type": "way", "osm_id": 427751709, "name": null}}, {"type": "Feature", "geometry": {"type": "Point", "coordinates": [121.1054937, 14.6687701]}, "properties": {"city": "Marikina", "category": "outdoor", "osm_type": "way", "osm_id": 427751711, "name": "Greenland Phase 2 Basketball Court"}}, {"type": "Feature", "geometry": {"type": "Point", "coordinates": [121.1069086, 14.6719322]}, "properties": {"city": "Marikina", "category": "covered", "osm_type": "way", "osm_id": 432782715, "name": null}}, {"type": "Feature", "geometry": {"type": "Point", "coordinates": [121.1084077, 14.6724708]}, "properties": {"city": "Marikina", "category": "covered", "osm_type": "way", "osm_id": 432783339, "name": "Nangka Gym"}}, {"type": "Feature", "geometry": {"type": "Point", "coordinates": [121.1056627, 14.6575656]}, "properties": {"city": "Marikina", "category": "covered", "osm_type": "way", "osm_id": 477648772, "name": "Rositaville Subdivision Covered Court"}}, {"type": "Feature", "geometry": {"type": "Point", "coordinates": [121.0896859, 14.6425218]}, "properties": {"city": "Marikina", "category": "covered", "osm_type": "way", "osm_id": 561274120, "name": null}}, {"type": "Feature", "geometry": {"type": "Point", "coordinates": [121.1029244, 14.6260455]}, "properties": {"city": "Marikina", "category": "outdoor", "osm_type": "way", "osm_id": 669629901, "name": null}}, {"type": "Feature", "geometry": {"type": "Point", "coordinates": [121.1222604, 14.6370941]}, "properties": {"city": "Marikina", "category": "outdoor", "osm_type": "way", "osm_id": 677554892, "name": null}}, {"type": "Feature", "geometry": {"type": "Point", "coordinates": [121.0943936, 14.6502612]}, "properties": {"city": "Marikina", "category": "covered", "osm_type": "way", "osm_id": 700641703, "name": null}}, {"type": "Feature", "geometry": {"type": "Point", "coordinates": [121.0901833, 14.6223282]}, "properties": {"city": "Marikina", "category": "outdoor", "osm_type": "way", "osm_id": 713927888, "name": null}}, {"type": "Feature", "geometry": {"type": "Point", "coordinates": [121.0969549, 14.6231898]}, "properties": {"city": "Marikina", "category": "covered", "osm_type": "way", "osm_id": 743185898, "name": null}}, {"type": "Feature", "geometry": {"type": "Point", "coordinates": [121.0906011, 14.6459478]}, "properties": {"city": "Marikina", "category": "covered", "osm_type": "way", "osm_id": 795117301, "name": null}}, {"type": "Feature", "geometry": {"type": "Point", "coordinates": [121.0893906, 14.6222613]}, "properties": {"city": "Marikina", "category": "covered", "osm_type": "way", "osm_id": 796696208, "name": null}}, {"type": "Feature", "geometry": {"type": "Point", "coordinates": [121.1043188, 14.6579295]}, "properties": {"city": "Marikina", "category": "covered", "osm_type": "way", "osm_id": 797215859, "name": null}}, {"type": "Feature", "geometry": {"type": "Point", "coordinates": [121.1072195, 14.6473915]}, "properties": {"city": "Marikina", "category": "covered", "osm_type": "way", "osm_id": 823176750, "name": "Strip 70 Basketball Court"}}, {"type": "Feature", "geometry": {"type": "Point", "coordinates": [121.1103554, 14.6466575]}, "properties": {"city": "Marikina", "category": "covered", "osm_type": "way", "osm_id": 870755550, "name": null}}, {"type": "Feature", "geometry": {"type": "Point", "coordinates": [121.1316638, 14.653955]}, "properties": {"city": "Marikina", "category": "covered", "osm_type": "way", "osm_id": 870784473, "name": null}}, {"type": "Feature", "geometry": {"type": "Point", "coordinates": [121.0963811, 14.6529556]}, "properties": {"city": "Marikina", "category": "covered", "osm_type": "way", "osm_id": 870912585, "name": null}}, {"type": "Feature", "geometry": {"type": "Point", "coordinates": [121.1035671, 14.626176]}, "properties": {"city": "Marikina", "category": "covered", "osm_type": "way", "osm_id": 870994551, "name": null}}, {"type": "Feature", "geometry": {"type": "Point", "coordinates": [121.1297422, 14.6505218]}, "properties": {"city": "Marikina", "category": "covered", "osm_type": "way", "osm_id": 871031142, "name": null}}, {"type": "Feature", "geometry": {"type": "Point", "coordinates": [121.0921728, 14.6416878]}, "properties": {"city": "Marikina", "category": "outdoor", "osm_type": "way", "osm_id": 871040140, "name": null}}, {"type": "Feature", "geometry": {"type": "Point", "coordinates": [121.1028889, 14.6565213]}, "properties": {"city": "Marikina", "category": "covered", "osm_type": "way", "osm_id": 871048783, "name": null}}, {"type": "Feature", "geometry": {"type": "Point", "coordinates": [121.0921268, 14.6518552]}, "properties": {"city": "Marikina", "category": "covered", "osm_type": "way", "osm_id": 871087413, "name": null}}, {"type": "Feature", "geometry": {"type": "Point", "coordinates": [121.1345773, 14.6568044]}, "properties": {"city": "Marikina", "category": "covered", "osm_type": "way", "osm_id": 871112558, "name": null}}, {"type": "Feature", "geometry": {"type": "Point", "coordinates": [121.1199586, 14.6699786]}, "properties": {"city": "Marikina", "category": "covered", "osm_type": "way", "osm_id": 872276609, "name": null}}, {"type": "Feature", "geometry": {"type": "Point", "coordinates": [121.1190707, 14.6360422]}, "properties": {"city": "Marikina", "category": "covered", "osm_type": "way", "osm_id": 872369772, "name": null}}, {"type": "Feature", "geometry": {"type": "Point", "coordinates": [121.1173867, 14.6499367]}, "properties": {"city": "Marikina", "category": "covered", "osm_type": "way", "osm_id": 872765287, "name": "Marikina Heights Covered Court"}}, {"type": "Feature", "geometry": {"type": "Point", "coordinates": [121.100197, 14.6582157]}, "properties": {"city": "Marikina", "category": "covered", "osm_type": "way", "osm_id": 873344278, "name": null}}, {"type": "Feature", "geometry": {"type": "Point", "coordinates": [121.1147597, 14.6707001]}, "properties": {"city": "Marikina", "category": "outdoor", "osm_type": "way", "osm_id": 874533021, "name": null}}, {"type": "Feature", "geometry": {"type": "Point", "coordinates": [121.1001322, 14.660752]}, "properties": {"city": "Marikina", "category": "covered", "osm_type": "way", "osm_id": 874969339, "name": null}}, {"type": "Feature", "geometry": {"type": "Point", "coordinates": [121.0897068, 14.6327177]}, "properties": {"city": "Marikina", "category": "covered", "osm_type": "way", "osm_id": 876122537, "name": null}}, {"type": "Feature", "geometry": {"type": "Point", "coordinates": [121.100972, 14.6385638]}, "properties": {"city": "Marikina", "category": "outdoor", "osm_type": "way", "osm_id": 881192707, "name": null}}, {"type": "Feature", "geometry": {"type": "Point", "coordinates": [121.104796, 14.6371751]}, "properties": {"city": "Marikina", "category": "outdoor", "osm_type": "way", "osm_id": 881215728, "name": null}}, {"type": "Feature", "geometry": {"type": "Point", "coordinates": [121.1261138, 14.6461646]}, "properties": {"city": "Marikina", "category": "outdoor", "osm_type": "way", "osm_id": 892876165, "name": null}}, {"type": "Feature", "geometry": {"type": "Point", "coordinates": [121.1082145, 14.6514501]}, "properties": {"city": "Marikina", "category": "covered", "osm_type": "way", "osm_id": 896416367, "name": "Q Family Gym"}}, {"type": "Feature", "geometry": {"type": "Point", "coordinates": [121.1093543, 14.6487038]}, "properties": {"city": "Marikina", "category": "covered", "osm_type": "way", "osm_id": 896421314, "name": "Marikit Covered Court"}}, {"type": "Feature", "geometry": {"type": "Point", "coordinates": [121.0963556, 14.6384451]}, "properties": {"city": "Marikina", "category": "covered", "osm_type": "way", "osm_id": 901710305, "name": null}}, {"type": "Feature", "geometry": {"type": "Point", "coordinates": [121.1034242, 14.6472569]}, "properties": {"city": "Marikina", "category": "covered", "osm_type": "way", "osm_id": 1083068097, "name": null}}, {"type": "Feature", "geometry": {"type": "Point", "coordinates": [121.0978036, 14.6347498]}, "properties": {"city": "Marikina", "category": "outdoor", "osm_type": "way", "osm_id": 1138755427, "name": null}}, {"type": "Feature", "geometry": {"type": "Point", "coordinates": [121.0978291, 14.6345226]}, "properties": {"city": "Marikina", "category": "outdoor", "osm_type": "way", "osm_id": 1138755428, "name": null}}, {"type": "Feature", "geometry": {"type": "Point", "coordinates": [121.0915259, 14.6477839]}, "properties": {"city": "Marikina", "category": "covered", "osm_type": "way", "osm_id": 1159837255, "name": null}}, {"type": "Feature", "geometry": {"type": "Point", "coordinates": [121.115438, 14.67141]}, "properties": {"city": "Marikina", "category": "outdoor", "osm_type": "way", "osm_id": 1178270230, "name": "Mira Verde Basketball Court"}}, {"type": "Feature", "geometry": {"type": "Point", "coordinates": [121.0806685, 14.6209629]}, "properties": {"city": "Marikina", "category": "covered", "osm_type": "way", "osm_id": 1289826664, "name": null}}, {"type": "Feature", "geometry": {"type": "Point", "coordinates": [121.0964695, 14.6450406]}, "properties": {"city": "Marikina", "category": "outdoor", "osm_type": "way", "osm_id": 1294647285, "name": null}}, {"type": "Feature", "geometry": {"type": "Point", "coordinates": [121.1108888, 14.6408417]}, "properties": {"city": "Marikina", "category": "covered", "osm_type": "way", "osm_id": 1295974026, "name": "Katipunan Prime Badminton Center"}}, {"type": "Feature", "geometry": {"type": "Point", "coordinates": [121.1144757, 14.6510513]}, "properties": {"city": "Marikina", "category": "covered", "osm_type": "way", "osm_id": 1296790669, "name": null}}, {"type": "Feature", "geometry": {"type": "Point", "coordinates": [121.1146572, 14.6600777]}, "properties": {"city": "Marikina", "category": "outdoor", "osm_type": "way", "osm_id": 1298273407, "name": null}}, {"type": "Feature", "geometry": {"type": "Point", "coordinates": [121.1090854, 14.6446825]}, "properties": {"city": "Marikina", "category": "outdoor", "osm_type": "way", "osm_id": 1419097428, "name": null}}, {"type": "Feature", "geometry": {"type": "Point", "coordinates": [121.117991, 14.6454957]}, "properties": {"city": "Marikina", "category": "covered", "osm_type": "way", "osm_id": 1460551718, "name": "Frederick Mallonga Gym"}}, {"type": "Feature", "geometry": {"type": "Point", "coordinates": [120.9804395, 14.5336594]}, "properties": {"city": "Pasay", "category": "covered", "osm_type": "node", "osm_id": 12144006862, "name": "SM Game Park"}}, {"type": "Feature", "geometry": {"type": "Point", "coordinates": [120.9958288, 14.5560521]}, "properties": {"city": "Pasay", "category": "outdoor", "osm_type": "way", "osm_id": 102252543, "name": null}}, {"type": "Feature", "geometry": {"type": "Point", "coordinates": [121.0287638, 14.5095945]}, "properties": {"city": "Pasay", "category": "outdoor", "osm_type": "way", "osm_id": 119549495, "name": null}}, {"type": "Feature", "geometry": {"type": "Point", "coordinates": [121.0184148, 14.5151872]}, "properties": {"city": "Pasay", "category": "outdoor", "osm_type": "way", "osm_id": 132908111, "name": null}}, {"type": "Feature", "geometry": {"type": "Point", "coordinates": [120.9985999, 14.560308]}, "properties": {"city": "Pasay", "category": "outdoor", "osm_type": "way", "osm_id": 138385055, "name": null}}, {"type": "Feature", "geometry": {"type": "Point", "coordinates": [120.9830455, 14.5480221]}, "properties": {"city": "Pasay", "category": "outdoor", "osm_type": "way", "osm_id": 245068613, "name": null}}, {"type": "Feature", "geometry": {"type": "Point", "coordinates": [121.0122223, 14.5307847]}, "properties": {"city": "Pasay", "category": "covered", "osm_type": "way", "osm_id": 265352530, "name": null}}, {"type": "Feature", "geometry": {"type": "Point", "coordinates": [121.0045728, 14.5306835]}, "properties": {"city": "Pasay", "category": "covered", "osm_type": "way", "osm_id": 265560454, "name": "Barangay 178 Sports Center"}}, {"type": "Feature", "geometry": {"type": "Point", "coordinates": [121.0079646, 14.5359857]}, "properties": {"city": "Pasay", "category": "covered", "osm_type": "way", "osm_id": 265560522, "name": null}}, {"type": "Feature", "geometry": {"type": "Point", "coordinates": [121.007581, 14.5463528]}, "properties": {"city": "Pasay", "category": "covered", "osm_type": "way", "osm_id": 289987417, "name": null}}, {"type": "Feature", "geometry": {"type": "Point", "coordinates": [121.0006827, 14.5520021]}, "properties": {"city": "Pasay", "category": "covered", "osm_type": "way", "osm_id": 289987419, "name": null}}, {"type": "Feature", "geometry": {"type": "Point", "coordinates": [121.0053236, 14.5321955]}, "properties": {"city": "Pasay", "category": "covered", "osm_type": "way", "osm_id": 290281583, "name": null}}, {"type": "Feature", "geometry": {"type": "Point", "coordinates": [120.993694, 14.5437587]}, "properties": {"city": "Pasay", "category": "outdoor", "osm_type": "way", "osm_id": 292824654, "name": null}}, {"type": "Feature", "geometry": {"type": "Point", "coordinates": [121.0259284, 14.5185484]}, "properties": {"city": "Pasay", "category": "outdoor", "osm_type": "way", "osm_id": 306236782, "name": null}}, {"type": "Feature", "geometry": {"type": "Point", "coordinates": [121.0099924, 14.5318521]}, "properties": {"city": "Pasay", "category": "covered", "osm_type": "way", "osm_id": 314208397, "name": null}}, {"type": "Feature", "geometry": {"type": "Point", "coordinates": [121.0125837, 14.5336858]}, "properties": {"city": "Pasay", "category": "covered", "osm_type": "way", "osm_id": 314209436, "name": null}}, {"type": "Feature", "geometry": {"type": "Point", "coordinates": [120.9923381, 14.5573719]}, "properties": {"city": "Pasay", "category": "covered", "osm_type": "way", "osm_id": 506426341, "name": null}}, {"type": "Feature", "geometry": {"type": "Point", "coordinates": [121.0070629, 14.5486863]}, "properties": {"city": "Pasay", "category": "outdoor", "osm_type": "way", "osm_id": 570460175, "name": null}}, {"type": "Feature", "geometry": {"type": "Point", "coordinates": [121.0059263, 14.513861]}, "properties": {"city": "Pasay", "category": "outdoor", "osm_type": "way", "osm_id": 572088784, "name": null}}, {"type": "Feature", "geometry": {"type": "Point", "coordinates": [121.0025792, 14.5153695]}, "properties": {"city": "Pasay", "category": "covered", "osm_type": "way", "osm_id": 572095814, "name": null}}, {"type": "Feature", "geometry": {"type": "Point", "coordinates": [120.9844607, 14.5575797]}, "properties": {"city": "Pasay", "category": "outdoor", "osm_type": "way", "osm_id": 652749988, "name": null}}, {"type": "Feature", "geometry": {"type": "Point", "coordinates": [121.0110648, 14.5304284]}, "properties": {"city": "Pasay", "category": "covered", "osm_type": "way", "osm_id": 655516482, "name": null}}, {"type": "Feature", "geometry": {"type": "Point", "coordinates": [121.0032312, 14.5515405]}, "properties": {"city": "Pasay", "category": "covered", "osm_type": "way", "osm_id": 694022002, "name": null}}, {"type": "Feature", "geometry": {"type": "Point", "coordinates": [120.9959999, 14.5440062]}, "properties": {"city": "Pasay", "category": "covered", "osm_type": "way", "osm_id": 756112321, "name": null}}, {"type": "Feature", "geometry": {"type": "Point", "coordinates": [121.0254198, 14.5092914]}, "properties": {"city": "Pasay", "category": "outdoor", "osm_type": "way", "osm_id": 801435565, "name": null}}, {"type": "Feature", "geometry": {"type": "Point", "coordinates": [121.0004307, 14.533566]}, "properties": {"city": "Pasay", "category": "covered", "osm_type": "way", "osm_id": 1119496405, "name": null}}, {"type": "Feature", "geometry": {"type": "Point", "coordinates": [120.9998661, 14.5306548]}, "properties": {"city": "Pasay", "category": "covered", "osm_type": "way", "osm_id": 1119496408, "name": null}}, {"type": "Feature", "geometry": {"type": "Point", "coordinates": [120.9983852, 14.5355427]}, "properties": {"city": "Pasay", "category": "covered", "osm_type": "way", "osm_id": 1456283229, "name": null}}, {"type": "Feature", "geometry": {"type": "Point", "coordinates": [121.0472555, 14.7770844]}, "properties": {"city": "Caloocan", "category": "outdoor", "osm_type": "node", "osm_id": 3713548218, "name": "YNBC Basketball court"}}, {"type": "Feature", "geometry": {"type": "Point", "coordinates": [121.023922, 14.7360906]}, "properties": {"city": "Caloocan", "category": "outdoor", "osm_type": "node", "osm_id": 9632620732, "name": "Happy Glen Loop Subdivision Basketball Court"}}, {"type": "Feature", "geometry": {"type": "Point", "coordinates": [121.0296495, 14.7466496]}, "properties": {"city": "Caloocan", "category": "outdoor", "osm_type": "node", "osm_id": 10266532957, "name": null}}, {"type": "Feature", "geometry": {"type": "Point", "coordinates": [121.0157808, 14.734733]}, "properties": {"city": "Caloocan", "category": "outdoor", "osm_type": "node", "osm_id": 10290951385, "name": null}}, {"type": "Feature", "geometry": {"type": "Point", "coordinates": [121.0039479, 14.7487632]}, "properties": {"city": "Caloocan", "category": "outdoor", "osm_type": "node", "osm_id": 11478292286, "name": null}}, {"type": "Feature", "geometry": {"type": "Point", "coordinates": [121.0211896, 14.7475836]}, "properties": {"city": "Caloocan", "category": "covered", "osm_type": "node", "osm_id": 11581287947, "name": "Lemon Gym"}}, {"type": "Feature", "geometry": {"type": "Point", "coordinates": [121.0793453, 14.7499291]}, "properties": {"city": "Caloocan", "category": "outdoor", "osm_type": "way", "osm_id": 159429329, "name": "Amparo Covered Court"}}, {"type": "Feature", "geometry": {"type": "Point", "coordinates": [121.029502, 14.7613494]}, "properties": {"city": "Caloocan", "category": "covered", "osm_type": "way", "osm_id": 164435049, "name": "Union Village Covered Court"}}, {"type": "Feature", "geometry": {"type": "Point", "coordinates": [121.0204101, 14.7401034]}, "properties": {"city": "Caloocan", "category": "outdoor", "osm_type": "way", "osm_id": 165717181, "name": null}}, {"type": "Feature", "geometry": {"type": "Point", "coordinates": [121.0314148, 14.7492967]}, "properties": {"city": "Caloocan", "category": "outdoor", "osm_type": "way", "osm_id": 165717182, "name": null}}, {"type": "Feature", "geometry": {"type": "Point", "coordinates": [121.0463012, 14.7508167]}, "properties": {"city": "Caloocan", "category": "covered", "osm_type": "way", "osm_id": 170997213, "name": null}}, {"type": "Feature", "geometry": {"type": "Point", "coordinates": [121.050907, 14.7505742]}, "properties": {"city": "Caloocan", "category": "outdoor", "osm_type": "way", "osm_id": 170997214, "name": null}}, {"type": "Feature", "geometry": {"type": "Point", "coordinates": [121.0769543, 14.7714674]}, "properties": {"city": "Caloocan", "category": "covered", "osm_type": "way", "osm_id": 187044375, "name": "Ascoville Gym"}}, {"type": "Feature", "geometry": {"type": "Point", "coordinates": [121.0506332, 14.7573322]}, "properties": {"city": "Caloocan", "category": "outdoor", "osm_type": "way", "osm_id": 220863280, "name": "Thunderbird Basketball Court"}}, {"type": "Feature", "geometry": {"type": "Point", "coordinates": [121.0490411, 14.7555257]}, "properties": {"city": "Caloocan", "category": "outdoor", "osm_type": "way", "osm_id": 220864114, "name": "Matrix Open Court"}}, {"type": "Feature", "geometry": {"type": "Point", "coordinates": [120.9701596, 14.6516034]}, "properties": {"city": "Caloocan", "category": "covered", "osm_type": "way", "osm_id": 236949933, "name": "Kangkungan Covered Court"}}, {"type": "Feature", "geometry": {"type": "Point", "coordinates": [121.0793696, 14.7696792]}, "properties": {"city": "Caloocan", "category": "covered", "osm_type": "way", "osm_id": 250879819, "name": "Malaria Basketball Court"}}, {"type": "Feature", "geometry": {"type": "Point", "coordinates": [120.985497, 14.6477484]}, "properties": {"city": "Caloocan", "category": "covered", "osm_type": "way", "osm_id": 265899496, "name": null}}, {"type": "Feature", "geometry": {"type": "Point", "coordinates": [120.9854973, 14.6483731]}, "properties": {"city": "Caloocan", "category": "covered", "osm_type": "way", "osm_id": 265899498, "name": null}}, {"type": "Feature", "geometry": {"type": "Point", "coordinates": [120.991655, 14.6543535]}, "properties": {"city": "Caloocan", "category": "covered", "osm_type": "way", "osm_id": 265967067, "name": "Barangay Court"}}, {"type": "Feature", "geometry": {"type": "Point", "coordinates": [120.9664435, 14.6570244]}, "properties": {"city": "Caloocan", "category": "covered", "osm_type": "way", "osm_id": 266390859, "name": null}}, {"type": "Feature", "geometry": {"type": "Point", "coordinates": [120.9738706, 14.6502108]}, "properties": {"city": "Caloocan", "category": "covered", "osm_type": "way", "osm_id": 267970647, "name": null}}, {"type": "Feature", "geometry": {"type": "Point", "coordinates": [120.9655318, 14.6502628]}, "properties": {"city": "Caloocan", "category": "covered", "osm_type": "way", "osm_id": 269466433, "name": null}}, {"type": "Feature", "geometry": {"type": "Point", "coordinates": [120.9728898, 14.6377929]}, "properties": {"city": "Caloocan", "category": "covered", "osm_type": "way", "osm_id": 312353856, "name": null}}, {"type": "Feature", "geometry": {"type": "Point", "coordinates": [120.9765407, 14.638136]}, "properties": {"city": "Caloocan", "category": "covered", "osm_type": "way", "osm_id": 312353859, "name": null}}, {"type": "Feature", "geometry": {"type": "Point", "coordinates": [120.9722769, 14.6421308]}, "properties": {"city": "Caloocan", "category": "covered", "osm_type": "way", "osm_id": 312353874, "name": null}}, {"type": "Feature", "geometry": {"type": "Point", "coordinates": [120.9690535, 14.6425942]}, "properties": {"city": "Caloocan", "category": "covered", "osm_type": "way", "osm_id": 312354026, "name": null}}, {"type": "Feature", "geometry": {"type": "Point", "coordinates": [120.9646586, 14.6485889]}, "properties": {"city": "Caloocan", "category": "covered", "osm_type": "way", "osm_id": 312368127, "name": null}}, {"type": "Feature", "geometry": {"type": "Point", "coordinates": [120.9665471, 14.654929]}, "properties": {"city": "Caloocan", "category": "covered", "osm_type": "way", "osm_id": 312378392, "name": "DDYC Covered Court"}}, {"type": "Feature", "geometry": {"type": "Point", "coordinates": [121.0816482, 14.7651775]}, "properties": {"city": "Caloocan", "category": "outdoor", "osm_type": "way", "osm_id": 312876587, "name": null}}, {"type": "Feature", "geometry": {"type": "Point", "coordinates": [121.0827312, 14.7524532]}, "properties": {"city": "Caloocan", "category": "outdoor", "osm_type": "way", "osm_id": 312963841, "name": null}}, {"type": "Feature", "geometry": {"type": "Point", "coordinates": [121.0789755, 14.7666628]}, "properties": {"city": "Caloocan", "category": "covered", "osm_type": "way", "osm_id": 313241703, "name": null}}, {"type": "Feature", "geometry": {"type": "Point", "coordinates": [120.9758264, 14.6371782]}, "properties": {"city": "Caloocan", "category": "covered", "osm_type": "way", "osm_id": 313440915, "name": null}}, {"type": "Feature", "geometry": {"type": "Point", "coordinates": [121.0760013, 14.7529359]}, "properties": {"city": "Caloocan", "category": "covered", "osm_type": "way", "osm_id": 317027342, "name": null}}, {"type": "Feature", "geometry": {"type": "Point", "coordinates": [120.968139, 14.6521496]}, "properties": {"city": "Caloocan", "category": "covered", "osm_type": "way", "osm_id": 323736399, "name": "SAMAKA Covered Court"}}, {"type": "Feature", "geometry": {"type": "Point", "coordinates": [121.0013927, 14.6680359]}, "properties": {"city": "Caloocan", "category": "covered", "osm_type": "way", "osm_id": 333201685, "name": null}}, {"type": "Feature", "geometry": {"type": "Point", "coordinates": [120.998529, 14.6685271]}, "properties": {"city": "Caloocan", "category": "covered", "osm_type": "way", "osm_id": 336951457, "name": null}}, {"type": "Feature", "geometry": {"type": "Point", "coordinates": [120.9907249, 14.6633877]}, "properties": {"city": "Caloocan", "category": "covered", "osm_type": "way", "osm_id": 337270259, "name": "Barangay 132 Covered Court"}}, {"type": "Feature", "geometry": {"type": "Point", "coordinates": [120.9993342, 14.6582048]}, "properties": {"city": "Caloocan", "category": "covered", "osm_type": "way", "osm_id": 351615203, "name": "Balintawak Sports"}}, {"type": "Feature", "geometry": {"type": "Point", "coordinates": [121.0183812, 14.6849517]}, "properties": {"city": "Caloocan", "category": "covered", "osm_type": "way", "osm_id": 413015424, "name": null}}, {"type": "Feature", "geometry": {"type": "Point", "coordinates": [121.0489252, 14.7538767]}, "properties": {"city": "Caloocan", "category": "outdoor", "osm_type": "way", "osm_id": 420332947, "name": "Matrix Covered Court"}}, {"type": "Feature", "geometry": {"type": "Point", "coordinates": [120.9702563, 14.646706]}, "properties": {"city": "Caloocan", "category": "covered", "osm_type": "way", "osm_id": 431081428, "name": null}}, {"type": "Feature", "geometry": {"type": "Point", "coordinates": [121.0075253, 14.7194393]}, "properties": {"city": "Caloocan", "category": "outdoor", "osm_type": "way", "osm_id": 432449534, "name": "Caybiga Covered Court"}}, {"type": "Feature", "geometry": {"type": "Point", "coordinates": [121.0068828, 14.7187482]}, "properties": {"city": "Caloocan", "category": "covered", "osm_type": "way", "osm_id": 432523266, "name": null}}, {"type": "Feature", "geometry": {"type": "Point", "coordinates": [121.0245178, 14.7408978]}, "properties": {"city": "Caloocan", "category": "covered", "osm_type": "way", "osm_id": 432734920, "name": "Barangay 168 Covered Court"}}, {"type": "Feature", "geometry": {"type": "Point", "coordinates": [121.0281049, 14.7439778]}, "properties": {"city": "Caloocan", "category": "covered", "osm_type": "way", "osm_id": 432734926, "name": "St. Augustine Gym"}}, {"type": "Feature", "geometry": {"type": "Point", "coordinates": [121.0333399, 14.7384275]}, "properties": {"city": "Caloocan", "category": "covered", "osm_type": "way", "osm_id": 432735414, "name": null}}, {"type": "Feature", "geometry": {"type": "Point", "coordinates": [121.0186476, 14.6863813]}, "properties": {"city": "Caloocan", "category": "covered", "osm_type": "way", "osm_id": 435516215, "name": null}}, {"type": "Feature", "geometry": {"type": "Point", "coordinates": [121.015852, 14.6905413]}, "properties": {"city": "Caloocan", "category": "covered", "osm_type": "way", "osm_id": 458225259, "name": null}}, {"type": "Feature", "geometry": {"type": "Point", "coordinates": [121.0152389, 14.6858657]}, "properties": {"city": "Caloocan", "category": "covered", "osm_type": "way", "osm_id": 458489004, "name": "Interville Subdivision Court"}}, {"type": "Feature", "geometry": {"type": "Point", "coordinates": [120.9709975, 14.646049]}, "properties": {"city": "Caloocan", "category": "covered", "osm_type": "way", "osm_id": 487280002, "name": null}}, {"type": "Feature", "geometry": {"type": "Point", "coordinates": [120.97256, 14.6464751]}, "properties": {"city": "Caloocan", "category": "outdoor", "osm_type": "way", "osm_id": 487280039, "name": null}}, {"type": "Feature", "geometry": {"type": "Point", "coordinates": [121.0474177, 14.7570718]}, "properties": {"city": "Caloocan", "category": "outdoor", "osm_type": "way", "osm_id": 526510666, "name": "Bellefonte Basketball Court"}}, {"type": "Feature", "geometry": {"type": "Point", "coordinates": [121.0559918, 14.7624966]}, "properties": {"city": "Caloocan", "category": "outdoor", "osm_type": "way", "osm_id": 533150244, "name": null}}, {"type": "Feature", "geometry": {"type": "Point", "coordinates": [121.0477595, 14.754339]}, "properties": {"city": "Caloocan", "category": "outdoor", "osm_type": "way", "osm_id": 533804371, "name": "Do\u00f1a Helen Court"}}, {"type": "Feature", "geometry": {"type": "Point", "coordinates": [121.0465791, 14.7523466]}, "properties": {"city": "Caloocan", "category": "covered", "osm_type": "way", "osm_id": 533805822, "name": null}}, {"type": "Feature", "geometry": {"type": "Point", "coordinates": [121.0479091, 14.7521383]}, "properties": {"city": "Caloocan", "category": "outdoor", "osm_type": "way", "osm_id": 533805825, "name": null}}, {"type": "Feature", "geometry": {"type": "Point", "coordinates": [121.0439173, 14.7554189]}, "properties": {"city": "Caloocan", "category": "outdoor", "osm_type": "way", "osm_id": 533805830, "name": null}}, {"type": "Feature", "geometry": {"type": "Point", "coordinates": [121.0458602, 14.7649609]}, "properties": {"city": "Caloocan", "category": "outdoor", "osm_type": "way", "osm_id": 534301386, "name": "Libis Covered Basketball Court"}}, {"type": "Feature", "geometry": {"type": "Point", "coordinates": [121.0617904, 14.7593002]}, "properties": {"city": "Caloocan", "category": "covered", "osm_type": "way", "osm_id": 534781193, "name": null}}, {"type": "Feature", "geometry": {"type": "Point", "coordinates": [121.0612153, 14.7600167]}, "properties": {"city": "Caloocan", "category": "outdoor", "osm_type": "way", "osm_id": 534781194, "name": null}}, {"type": "Feature", "geometry": {"type": "Point", "coordinates": [121.0657985, 14.7591633]}, "properties": {"city": "Caloocan", "category": "outdoor", "osm_type": "way", "osm_id": 534781197, "name": null}}, {"type": "Feature", "geometry": {"type": "Point", "coordinates": [121.0393657, 14.7598235]}, "properties": {"city": "Caloocan", "category": "outdoor", "osm_type": "way", "osm_id": 536812048, "name": null}}, {"type": "Feature", "geometry": {"type": "Point", "coordinates": [121.0351317, 14.7603015]}, "properties": {"city": "Caloocan", "category": "covered", "osm_type": "way", "osm_id": 536812059, "name": null}}, {"type": "Feature", "geometry": {"type": "Point", "coordinates": [121.0383676, 14.7568286]}, "properties": {"city": "Caloocan", "category": "covered", "osm_type": "way", "osm_id": 536812060, "name": null}}, {"type": "Feature", "geometry": {"type": "Point", "coordinates": [120.963341, 14.6562251]}, "properties": {"city": "Caloocan", "category": "outdoor", "osm_type": "way", "osm_id": 554895293, "name": null}}, {"type": "Feature", "geometry": {"type": "Point", "coordinates": [120.9780315, 14.6604755]}, "properties": {"city": "Caloocan", "category": "outdoor", "osm_type": "way", "osm_id": 555064979, "name": null}}, {"type": "Feature", "geometry": {"type": "Point", "coordinates": [121.0268187, 14.7511918]}, "properties": {"city": "Caloocan", "category": "outdoor", "osm_type": "way", "osm_id": 555577573, "name": null}}, {"type": "Feature", "geometry": {"type": "Point", "coordinates": [121.0204845, 14.7529892]}, "properties": {"city": "Caloocan", "category": "covered", "osm_type": "way", "osm_id": 555577589, "name": null}}, {"type": "Feature", "geometry": {"type": "Point", "coordinates": [121.0236849, 14.7502557]}, "properties": {"city": "Caloocan", "category": "outdoor", "osm_type": "way", "osm_id": 555577623, "name": null}}, {"type": "Feature", "geometry": {"type": "Point", "coordinates": [121.0235433, 14.7432257]}, "properties": {"city": "Caloocan", "category": "outdoor", "osm_type": "way", "osm_id": 555580530, "name": null}}, {"type": "Feature", "geometry": {"type": "Point", "coordinates": [121.0176315, 14.7498248]}, "properties": {"city": "Caloocan", "category": "outdoor", "osm_type": "way", "osm_id": 555585259, "name": null}}, {"type": "Feature", "geometry": {"type": "Point", "coordinates": [121.0202577, 14.7441817]}, "properties": {"city": "Caloocan", "category": "outdoor", "osm_type": "way", "osm_id": 555588105, "name": null}}, {"type": "Feature", "geometry": {"type": "Point", "coordinates": [121.0227227, 14.7455037]}, "properties": {"city": "Caloocan", "category": "outdoor", "osm_type": "way", "osm_id": 555588112, "name": null}}, {"type": "Feature", "geometry": {"type": "Point", "coordinates": [121.0223651, 14.7567157]}, "properties": {"city": "Caloocan", "category": "outdoor", "osm_type": "way", "osm_id": 555594259, "name": null}}, {"type": "Feature", "geometry": {"type": "Point", "coordinates": [121.0227067, 14.7485109]}, "properties": {"city": "Caloocan", "category": "covered", "osm_type": "way", "osm_id": 555952417, "name": null}}, {"type": "Feature", "geometry": {"type": "Point", "coordinates": [121.0263142, 14.7479351]}, "properties": {"city": "Caloocan", "category": "covered", "osm_type": "way", "osm_id": 555952420, "name": null}}, {"type": "Feature", "geometry": {"type": "Point", "coordinates": [121.0149279, 14.7264681]}, "properties": {"city": "Caloocan", "category": "outdoor", "osm_type": "way", "osm_id": 556163867, "name": null}}, {"type": "Feature", "geometry": {"type": "Point", "coordinates": [121.0065978, 14.7467432]}, "properties": {"city": "Caloocan", "category": "covered", "osm_type": "way", "osm_id": 560640028, "name": null}}, {"type": "Feature", "geometry": {"type": "Point", "coordinates": [121.0570404, 14.7679475]}, "properties": {"city": "Caloocan", "category": "outdoor", "osm_type": "way", "osm_id": 568312819, "name": "San Lazaro Half Court"}}, {"type": "Feature", "geometry": {"type": "Point", "coordinates": [121.0595619, 14.7675757]}, "properties": {"city": "Caloocan", "category": "covered", "osm_type": "way", "osm_id": 568318754, "name": null}}, {"type": "Feature", "geometry": {"type": "Point", "coordinates": [121.0618985, 14.7676951]}, "properties": {"city": "Caloocan", "category": "outdoor", "osm_type": "way", "osm_id": 568325017, "name": "Ru\u00f1ez Court"}}, {"type": "Feature", "geometry": {"type": "Point", "coordinates": [121.0634141, 14.7661643]}, "properties": {"city": "Caloocan", "category": "covered", "osm_type": "way", "osm_id": 568325030, "name": null}}, {"type": "Feature", "geometry": {"type": "Point", "coordinates": [121.0628485, 14.7675231]}, "properties": {"city": "Caloocan", "category": "outdoor", "osm_type": "way", "osm_id": 568337719, "name": null}}, {"type": "Feature", "geometry": {"type": "Point", "coordinates": [121.0610669, 14.7635549]}, "properties": {"city": "Caloocan", "category": "outdoor", "osm_type": "way", "osm_id": 568340234, "name": null}}, {"type": "Feature", "geometry": {"type": "Point", "coordinates": [121.0518509, 14.7776823]}, "properties": {"city": "Caloocan", "category": "covered", "osm_type": "way", "osm_id": 572495001, "name": null}}, {"type": "Feature", "geometry": {"type": "Point", "coordinates": [120.9690958, 14.6475282]}, "properties": {"city": "Caloocan", "category": "outdoor", "osm_type": "way", "osm_id": 574920883, "name": null}}, {"type": "Feature", "geometry": {"type": "Point", "coordinates": [121.0382173, 14.7473089]}, "properties": {"city": "Caloocan", "category": "outdoor", "osm_type": "way", "osm_id": 576411123, "name": null}}, {"type": "Feature", "geometry": {"type": "Point", "coordinates": [121.0379123, 14.7488348]}, "properties": {"city": "Caloocan", "category": "outdoor", "osm_type": "way", "osm_id": 576411124, "name": null}}, {"type": "Feature", "geometry": {"type": "Point", "coordinates": [121.0344177, 14.7424098]}, "properties": {"city": "Caloocan", "category": "outdoor", "osm_type": "way", "osm_id": 576420560, "name": null}}, {"type": "Feature", "geometry": {"type": "Point", "coordinates": [121.0261338, 14.727811]}, "properties": {"city": "Caloocan", "category": "covered", "osm_type": "way", "osm_id": 576434230, "name": null}}, {"type": "Feature", "geometry": {"type": "Point", "coordinates": [121.027898, 14.7335899]}, "properties": {"city": "Caloocan", "category": "covered", "osm_type": "way", "osm_id": 576434235, "name": null}}, {"type": "Feature", "geometry": {"type": "Point", "coordinates": [121.0266165, 14.7336324]}, "properties": {"city": "Caloocan", "category": "covered", "osm_type": "way", "osm_id": 576434243, "name": null}}, {"type": "Feature", "geometry": {"type": "Point", "coordinates": [121.0258213, 14.730119]}, "properties": {"city": "Caloocan", "category": "covered", "osm_type": "way", "osm_id": 576726930, "name": null}}, {"type": "Feature", "geometry": {"type": "Point", "coordinates": [121.0177188, 14.7359732]}, "properties": {"city": "Caloocan", "category": "outdoor", "osm_type": "way", "osm_id": 576750367, "name": null}}, {"type": "Feature", "geometry": {"type": "Point", "coordinates": [121.0204786, 14.7319612]}, "properties": {"city": "Caloocan", "category": "outdoor", "osm_type": "way", "osm_id": 576750370, "name": null}}, {"type": "Feature", "geometry": {"type": "Point", "coordinates": [121.0201698, 14.7424563]}, "properties": {"city": "Caloocan", "category": "outdoor", "osm_type": "way", "osm_id": 576758935, "name": null}}, {"type": "Feature", "geometry": {"type": "Point", "coordinates": [121.0313077, 14.7430575]}, "properties": {"city": "Caloocan", "category": "outdoor", "osm_type": "way", "osm_id": 576987911, "name": null}}, {"type": "Feature", "geometry": {"type": "Point", "coordinates": [121.0146418, 14.7369179]}, "properties": {"city": "Caloocan", "category": "outdoor", "osm_type": "way", "osm_id": 577167381, "name": null}}, {"type": "Feature", "geometry": {"type": "Point", "coordinates": [121.0209415, 14.7308479]}, "properties": {"city": "Caloocan", "category": "outdoor", "osm_type": "way", "osm_id": 577167412, "name": null}}, {"type": "Feature", "geometry": {"type": "Point", "coordinates": [121.0155147, 14.7433104]}, "properties": {"city": "Caloocan", "category": "outdoor", "osm_type": "way", "osm_id": 577203750, "name": null}}, {"type": "Feature", "geometry": {"type": "Point", "coordinates": [121.015377, 14.7459954]}, "properties": {"city": "Caloocan", "category": "outdoor", "osm_type": "way", "osm_id": 577203753, "name": null}}, {"type": "Feature", "geometry": {"type": "Point", "coordinates": [121.0350774, 14.7463688]}, "properties": {"city": "Caloocan", "category": "outdoor", "osm_type": "way", "osm_id": 577346469, "name": null}}, {"type": "Feature", "geometry": {"type": "Point", "coordinates": [121.0420233, 14.7464663]}, "properties": {"city": "Caloocan", "category": "covered", "osm_type": "way", "osm_id": 577355440, "name": "Merryhomes 2 Basketball Court"}}, {"type": "Feature", "geometry": {"type": "Point", "coordinates": [121.0557852, 14.7787118]}, "properties": {"city": "Caloocan", "category": "covered", "osm_type": "way", "osm_id": 579228183, "name": null}}, {"type": "Feature", "geometry": {"type": "Point", "coordinates": [121.053996, 14.7704751]}, "properties": {"city": "Caloocan", "category": "covered", "osm_type": "way", "osm_id": 579229038, "name": null}}, {"type": "Feature", "geometry": {"type": "Point", "coordinates": [121.0351616, 14.7814569]}, "properties": {"city": "Caloocan", "category": "covered", "osm_type": "way", "osm_id": 579263056, "name": null}}, {"type": "Feature", "geometry": {"type": "Point", "coordinates": [121.0075222, 14.7456236]}, "properties": {"city": "Caloocan", "category": "outdoor", "osm_type": "way", "osm_id": 580671208, "name": null}}, {"type": "Feature", "geometry": {"type": "Point", "coordinates": [121.0098053, 14.7287877]}, "properties": {"city": "Caloocan", "category": "outdoor", "osm_type": "way", "osm_id": 581732059, "name": null}}, {"type": "Feature", "geometry": {"type": "Point", "coordinates": [121.0620928, 14.7748693]}, "properties": {"city": "Caloocan", "category": "covered", "osm_type": "way", "osm_id": 582562309, "name": null}}, {"type": "Feature", "geometry": {"type": "Point", "coordinates": [121.0603963, 14.7722253]}, "properties": {"city": "Caloocan", "category": "covered", "osm_type": "way", "osm_id": 582562310, "name": null}}, {"type": "Feature", "geometry": {"type": "Point", "coordinates": [121.0253759, 14.7385881]}, "properties": {"city": "Caloocan", "category": "outdoor", "osm_type": "way", "osm_id": 589911178, "name": null}}, {"type": "Feature", "geometry": {"type": "Point", "coordinates": [121.0281957, 14.7397459]}, "properties": {"city": "Caloocan", "category": "outdoor", "osm_type": "way", "osm_id": 589913875, "name": null}}, {"type": "Feature", "geometry": {"type": "Point", "coordinates": [121.0560158, 14.7616098]}, "properties": {"city": "Caloocan", "category": "outdoor", "osm_type": "way", "osm_id": 590102995, "name": null}}, {"type": "Feature", "geometry": {"type": "Point", "coordinates": [121.0124825, 14.72576]}, "properties": {"city": "Caloocan", "category": "outdoor", "osm_type": "way", "osm_id": 591010996, "name": null}}, {"type": "Feature", "geometry": {"type": "Point", "coordinates": [121.006542, 14.7281466]}, "properties": {"city": "Caloocan", "category": "outdoor", "osm_type": "way", "osm_id": 591013289, "name": null}}, {"type": "Feature", "geometry": {"type": "Point", "coordinates": [121.011594, 14.7372964]}, "properties": {"city": "Caloocan", "category": "covered", "osm_type": "way", "osm_id": 591119294, "name": null}}, {"type": "Feature", "geometry": {"type": "Point", "coordinates": [121.007876, 14.7406002]}, "properties": {"city": "Caloocan", "category": "outdoor", "osm_type": "way", "osm_id": 591131933, "name": null}}, {"type": "Feature", "geometry": {"type": "Point", "coordinates": [121.0829495, 14.7551202]}, "properties": {"city": "Caloocan", "category": "outdoor", "osm_type": "way", "osm_id": 591707736, "name": null}}, {"type": "Feature", "geometry": {"type": "Point", "coordinates": [121.0736833, 14.7474501]}, "properties": {"city": "Caloocan", "category": "covered", "osm_type": "way", "osm_id": 591728791, "name": "Dela Costa Homes 2 Basketball Court"}}, {"type": "Feature", "geometry": {"type": "Point", "coordinates": [121.0720918, 14.7520432]}, "properties": {"city": "Caloocan", "category": "covered", "osm_type": "way", "osm_id": 591730909, "name": null}}, {"type": "Feature", "geometry": {"type": "Point", "coordinates": [121.0618456, 14.7560874]}, "properties": {"city": "Caloocan", "category": "outdoor", "osm_type": "way", "osm_id": 591757807, "name": null}}, {"type": "Feature", "geometry": {"type": "Point", "coordinates": [121.059825, 14.7521002]}, "properties": {"city": "Caloocan", "category": "covered", "osm_type": "way", "osm_id": 591757814, "name": "Purok Laloma Covered Court"}}, {"type": "Feature", "geometry": {"type": "Point", "coordinates": [121.0593174, 14.7507228]}, "properties": {"city": "Caloocan", "category": "outdoor", "osm_type": "way", "osm_id": 591757818, "name": null}}, {"type": "Feature", "geometry": {"type": "Point", "coordinates": [121.0642754, 14.7531966]}, "properties": {"city": "Caloocan", "category": "outdoor", "osm_type": "way", "osm_id": 591757826, "name": null}}, {"type": "Feature", "geometry": {"type": "Point", "coordinates": [121.0630629, 14.7471638]}, "properties": {"city": "Caloocan", "category": "covered", "osm_type": "way", "osm_id": 591763134, "name": null}}, {"type": "Feature", "geometry": {"type": "Point", "coordinates": [121.0636386, 14.7453658]}, "properties": {"city": "Caloocan", "category": "outdoor", "osm_type": "way", "osm_id": 591763140, "name": null}}, {"type": "Feature", "geometry": {"type": "Point", "coordinates": [121.066671, 14.7443871]}, "properties": {"city": "Caloocan", "category": "covered", "osm_type": "way", "osm_id": 591763144, "name": null}}, {"type": "Feature", "geometry": {"type": "Point", "coordinates": [121.0336416, 14.7798439]}, "properties": {"city": "Caloocan", "category": "outdoor", "osm_type": "way", "osm_id": 653684871, "name": null}}, {"type": "Feature", "geometry": {"type": "Point", "coordinates": [120.9739333, 14.637488]}, "properties": {"city": "Caloocan", "category": "covered", "osm_type": "way", "osm_id": 674231893, "name": null}}, {"type": "Feature", "geometry": {"type": "Point", "coordinates": [121.0769293, 14.7666695]}, "properties": {"city": "Caloocan", "category": "covered", "osm_type": "way", "osm_id": 678583721, "name": "Purok II Gym"}}, {"type": "Feature", "geometry": {"type": "Point", "coordinates": [121.0494429, 14.7667425]}, "properties": {"city": "Caloocan", "category": "outdoor", "osm_type": "way", "osm_id": 737024700, "name": null}}, {"type": "Feature", "geometry": {"type": "Point", "coordinates": [121.0499976, 14.7657352]}, "properties": {"city": "Caloocan", "category": "outdoor", "osm_type": "way", "osm_id": 737024702, "name": null}}, {"type": "Feature", "geometry": {"type": "Point", "coordinates": [121.0480032, 14.7630847]}, "properties": {"city": "Caloocan", "category": "covered", "osm_type": "way", "osm_id": 737026818, "name": "Barangay 174 Basketball Court"}}, {"type": "Feature", "geometry": {"type": "Point", "coordinates": [121.0386241, 14.7413225]}, "properties": {"city": "Caloocan", "category": "outdoor", "osm_type": "way", "osm_id": 766787806, "name": "Hillcrest Townhomes Basketball Court"}}, {"type": "Feature", "geometry": {"type": "Point", "coordinates": [121.0371029, 14.7438427]}, "properties": {"city": "Caloocan", "category": "outdoor", "osm_type": "way", "osm_id": 766789196, "name": "Urduja Village Covered Court"}}, {"type": "Feature", "geometry": {"type": "Point", "coordinates": [121.0318961, 14.7805934]}, "properties": {"city": "Caloocan", "category": "covered", "osm_type": "way", "osm_id": 771064929, "name": null}}, {"type": "Feature", "geometry": {"type": "Point", "coordinates": [121.0219568, 14.7414325]}, "properties": {"city": "Caloocan", "category": "covered", "osm_type": "way", "osm_id": 773666317, "name": null}}, {"type": "Feature", "geometry": {"type": "Point", "coordinates": [121.0518122, 14.7452057]}, "properties": {"city": "Caloocan", "category": "covered", "osm_type": "way", "osm_id": 791309968, "name": null}}, {"type": "Feature", "geometry": {"type": "Point", "coordinates": [121.0679923, 14.7664874]}, "properties": {"city": "Caloocan", "category": "covered", "osm_type": "way", "osm_id": 791639704, "name": null}}, {"type": "Feature", "geometry": {"type": "Point", "coordinates": [121.0172197, 14.6837694]}, "properties": {"city": "Caloocan", "category": "outdoor", "osm_type": "way", "osm_id": 794254587, "name": null}}, {"type": "Feature", "geometry": {"type": "Point", "coordinates": [121.0203785, 14.7272701]}, "properties": {"city": "Caloocan", "category": "covered", "osm_type": "way", "osm_id": 795170375, "name": null}}, {"type": "Feature", "geometry": {"type": "Point", "coordinates": [121.0478094, 14.7430906]}, "properties": {"city": "Caloocan", "category": "covered", "osm_type": "way", "osm_id": 795478349, "name": null}}, {"type": "Feature", "geometry": {"type": "Point", "coordinates": [121.0058688, 14.675245]}, "properties": {"city": "Caloocan", "category": "covered", "osm_type": "way", "osm_id": 796465087, "name": null}}, {"type": "Feature", "geometry": {"type": "Point", "coordinates": [121.0166832, 14.6900994]}, "properties": {"city": "Caloocan", "category": "covered", "osm_type": "way", "osm_id": 797276341, "name": null}}, {"type": "Feature", "geometry": {"type": "Point", "coordinates": [121.0253139, 14.7279227]}, "properties": {"city": "Caloocan", "category": "covered", "osm_type": "way", "osm_id": 797837751, "name": null}}, {"type": "Feature", "geometry": {"type": "Point", "coordinates": [121.0347723, 14.7490599]}, "properties": {"city": "Caloocan", "category": "outdoor", "osm_type": "way", "osm_id": 851123687, "name": null}}, {"type": "Feature", "geometry": {"type": "Point", "coordinates": [121.0330424, 14.7488395]}, "properties": {"city": "Caloocan", "category": "outdoor", "osm_type": "way", "osm_id": 873414445, "name": null}}, {"type": "Feature", "geometry": {"type": "Point", "coordinates": [121.0518386, 14.7482712]}, "properties": {"city": "Caloocan", "category": "outdoor", "osm_type": "way", "osm_id": 873441244, "name": null}}, {"type": "Feature", "geometry": {"type": "Point", "coordinates": [121.0258658, 14.7670435]}, "properties": {"city": "Caloocan", "category": "outdoor", "osm_type": "way", "osm_id": 874948729, "name": "Banker's Village 1 Covered Court"}}, {"type": "Feature", "geometry": {"type": "Point", "coordinates": [121.031875, 14.7694207]}, "properties": {"city": "Caloocan", "category": "covered", "osm_type": "way", "osm_id": 875062848, "name": null}}, {"type": "Feature", "geometry": {"type": "Point", "coordinates": [121.0307906, 14.7694509]}, "properties": {"city": "Caloocan", "category": "covered", "osm_type": "way", "osm_id": 875062854, "name": null}}, {"type": "Feature", "geometry": {"type": "Point", "coordinates": [121.0439063, 14.7777947]}, "properties": {"city": "Caloocan", "category": "covered", "osm_type": "way", "osm_id": 878460042, "name": "Phase 4-B Package 7 Covered Court"}}, {"type": "Feature", "geometry": {"type": "Point", "coordinates": [121.0660798, 14.7455004]}, "properties": {"city": "Caloocan", "category": "covered", "osm_type": "way", "osm_id": 884012310, "name": "Palmera Covered Court"}}, {"type": "Feature", "geometry": {"type": "Point", "coordinates": [121.0207213, 14.7505486]}, "properties": {"city": "Caloocan", "category": "covered", "osm_type": "way", "osm_id": 886245214, "name": null}}, {"type": "Feature", "geometry": {"type": "Point", "coordinates": [121.040082, 14.7698394]}, "properties": {"city": "Caloocan", "category": "covered", "osm_type": "way", "osm_id": 906822018, "name": "Sitio Matarik Basketball Court"}}, {"type": "Feature", "geometry": {"type": "Point", "coordinates": [121.0450609, 14.7597923]}, "properties": {"city": "Caloocan", "category": "outdoor", "osm_type": "way", "osm_id": 942134870, "name": "Our Lady of Lourdes Basketball Court"}}, {"type": "Feature", "geometry": {"type": "Point", "coordinates": [121.0450824, 14.759294]}, "properties": {"city": "Caloocan", "category": "outdoor", "osm_type": "way", "osm_id": 942134871, "name": "La Forteza Phase II Basketball Court"}}, {"type": "Feature", "geometry": {"type": "Point", "coordinates": [121.0550977, 14.7610129]}, "properties": {"city": "Caloocan", "category": "covered", "osm_type": "way", "osm_id": 942891072, "name": null}}, {"type": "Feature", "geometry": {"type": "Point", "coordinates": [121.0423832, 14.763841]}, "properties": {"city": "Caloocan", "category": "outdoor", "osm_type": "way", "osm_id": 954116860, "name": null}}, {"type": "Feature", "geometry": {"type": "Point", "coordinates": [121.0644506, 14.7556882]}, "properties": {"city": "Caloocan", "category": "outdoor", "osm_type": "way", "osm_id": 969273225, "name": null}}, {"type": "Feature", "geometry": {"type": "Point", "coordinates": [121.0529035, 14.7666976]}, "properties": {"city": "Caloocan", "category": "outdoor", "osm_type": "way", "osm_id": 971287160, "name": null}}, {"type": "Feature", "geometry": {"type": "Point", "coordinates": [121.0586451, 14.7714195]}, "properties": {"city": "Caloocan", "category": "outdoor", "osm_type": "way", "osm_id": 973003575, "name": null}}, {"type": "Feature", "geometry": {"type": "Point", "coordinates": [121.0420112, 14.7478578]}, "properties": {"city": "Caloocan", "category": "covered", "osm_type": "way", "osm_id": 975866802, "name": "Merryhomes 1"}}, {"type": "Feature", "geometry": {"type": "Point", "coordinates": [121.0037308, 14.7167938]}, "properties": {"city": "Caloocan", "category": "covered", "osm_type": "way", "osm_id": 998292001, "name": null}}, {"type": "Feature", "geometry": {"type": "Point", "coordinates": [121.0153615, 14.7439686]}, "properties": {"city": "Caloocan", "category": "outdoor", "osm_type": "way", "osm_id": 1000594514, "name": null}}, {"type": "Feature", "geometry": {"type": "Point", "coordinates": [121.0115256, 14.7396697]}, "properties": {"city": "Caloocan", "category": "covered", "osm_type": "way", "osm_id": 1004734873, "name": null}}, {"type": "Feature", "geometry": {"type": "Point", "coordinates": [121.0141818, 14.7318536]}, "properties": {"city": "Caloocan", "category": "covered", "osm_type": "way", "osm_id": 1004737363, "name": null}}, {"type": "Feature", "geometry": {"type": "Point", "coordinates": [120.9842814, 14.6582968]}, "properties": {"city": "Caloocan", "category": "outdoor", "osm_type": "way", "osm_id": 1025902421, "name": null}}, {"type": "Feature", "geometry": {"type": "Point", "coordinates": [121.0199831, 14.7417654]}, "properties": {"city": "Caloocan", "category": "outdoor", "osm_type": "way", "osm_id": 1041059375, "name": null}}, {"type": "Feature", "geometry": {"type": "Point", "coordinates": [121.0183765, 14.7392676]}, "properties": {"city": "Caloocan", "category": "outdoor", "osm_type": "way", "osm_id": 1041086115, "name": null}}, {"type": "Feature", "geometry": {"type": "Point", "coordinates": [121.0098333, 14.7215516]}, "properties": {"city": "Caloocan", "category": "covered", "osm_type": "way", "osm_id": 1041339434, "name": "Vista Verde Basketball Court"}}, {"type": "Feature", "geometry": {"type": "Point", "coordinates": [121.0165374, 14.7378641]}, "properties": {"city": "Caloocan", "category": "outdoor", "osm_type": "way", "osm_id": 1044669499, "name": null}}, {"type": "Feature", "geometry": {"type": "Point", "coordinates": [121.0213217, 14.7374411]}, "properties": {"city": "Caloocan", "category": "outdoor", "osm_type": "way", "osm_id": 1058054764, "name": null}}, {"type": "Feature", "geometry": {"type": "Point", "coordinates": [121.013564, 14.7539808]}, "properties": {"city": "Caloocan", "category": "outdoor", "osm_type": "way", "osm_id": 1062239191, "name": null}}, {"type": "Feature", "geometry": {"type": "Point", "coordinates": [121.0161479, 14.7352797]}, "properties": {"city": "Caloocan", "category": "outdoor", "osm_type": "way", "osm_id": 1064219041, "name": null}}, {"type": "Feature", "geometry": {"type": "Point", "coordinates": [121.0167836, 14.7411399]}, "properties": {"city": "Caloocan", "category": "outdoor", "osm_type": "way", "osm_id": 1082820656, "name": null}}, {"type": "Feature", "geometry": {"type": "Point", "coordinates": [121.009806, 14.7287874]}, "properties": {"city": "Caloocan", "category": "covered", "osm_type": "way", "osm_id": 1090631608, "name": "Sunriser Village Covered Court"}}, {"type": "Feature", "geometry": {"type": "Point", "coordinates": [121.0124526, 14.7280053]}, "properties": {"city": "Caloocan", "category": "covered", "osm_type": "way", "osm_id": 1090631616, "name": "Covered Court"}}, {"type": "Feature", "geometry": {"type": "Point", "coordinates": [121.0645671, 14.7464969]}, "properties": {"city": "Caloocan", "category": "covered", "osm_type": "way", "osm_id": 1106472425, "name": null}}, {"type": "Feature", "geometry": {"type": "Point", "coordinates": [121.0705781, 14.7487875]}, "properties": {"city": "Caloocan", "category": "covered", "osm_type": "way", "osm_id": 1106477203, "name": null}}, {"type": "Feature", "geometry": {"type": "Point", "coordinates": [121.0669745, 14.7519951]}, "properties": {"city": "Caloocan", "category": "outdoor", "osm_type": "way", "osm_id": 1109166084, "name": "Capizan Basketball Court"}}, {"type": "Feature", "geometry": {"type": "Point", "coordinates": [121.0667728, 14.7527372]}, "properties": {"city": "Caloocan", "category": "outdoor", "osm_type": "way", "osm_id": 1109166396, "name": "Krissamar Basketball Court"}}, {"type": "Feature", "geometry": {"type": "Point", "coordinates": [121.0385086, 14.7635655]}, "properties": {"city": "Caloocan", "category": "covered", "osm_type": "way", "osm_id": 1115924873, "name": null}}, {"type": "Feature", "geometry": {"type": "Point", "coordinates": [121.0594402, 14.7501188]}, "properties": {"city": "Caloocan", "category": "covered", "osm_type": "way", "osm_id": 1117021633, "name": null}}, {"type": "Feature", "geometry": {"type": "Point", "coordinates": [121.091878, 14.763537]}, "properties": {"city": "Caloocan", "category": "covered", "osm_type": "way", "osm_id": 1117056233, "name": null}}, {"type": "Feature", "geometry": {"type": "Point", "coordinates": [121.091001, 14.7641667]}, "properties": {"city": "Caloocan", "category": "covered", "osm_type": "way", "osm_id": 1117056237, "name": null}}, {"type": "Feature", "geometry": {"type": "Point", "coordinates": [120.9692024, 14.648095]}, "properties": {"city": "Caloocan", "category": "covered", "osm_type": "way", "osm_id": 1117209089, "name": null}}, {"type": "Feature", "geometry": {"type": "Point", "coordinates": [121.0713213, 14.7747304]}, "properties": {"city": "Caloocan", "category": "covered", "osm_type": "way", "osm_id": 1117319868, "name": "T.E Basketball Court"}}, {"type": "Feature", "geometry": {"type": "Point", "coordinates": [121.0768992, 14.7691865]}, "properties": {"city": "Caloocan", "category": "covered", "osm_type": "way", "osm_id": 1117532234, "name": null}}, {"type": "Feature", "geometry": {"type": "Point", "coordinates": [121.0190931, 14.7474169]}, "properties": {"city": "Caloocan", "category": "covered", "osm_type": "way", "osm_id": 1117926975, "name": null}}, {"type": "Feature", "geometry": {"type": "Point", "coordinates": [120.9794301, 14.6355548]}, "properties": {"city": "Caloocan", "category": "covered", "osm_type": "way", "osm_id": 1118222512, "name": null}}, {"type": "Feature", "geometry": {"type": "Point", "coordinates": [121.027983, 14.7438645]}, "properties": {"city": "Caloocan", "category": "outdoor", "osm_type": "way", "osm_id": 1122008803, "name": null}}, {"type": "Feature", "geometry": {"type": "Point", "coordinates": [121.0291454, 14.7504898]}, "properties": {"city": "Caloocan", "category": "outdoor", "osm_type": "way", "osm_id": 1125310692, "name": null}}, {"type": "Feature", "geometry": {"type": "Point", "coordinates": [121.0132525, 14.7349767]}, "properties": {"city": "Caloocan", "category": "outdoor", "osm_type": "way", "osm_id": 1136420060, "name": null}}, {"type": "Feature", "geometry": {"type": "Point", "coordinates": [121.0167869, 14.7326238]}, "properties": {"city": "Caloocan", "category": "outdoor", "osm_type": "way", "osm_id": 1136420568, "name": null}}, {"type": "Feature", "geometry": {"type": "Point", "coordinates": [121.0136677, 14.7379994]}, "properties": {"city": "Caloocan", "category": "outdoor", "osm_type": "way", "osm_id": 1137227391, "name": null}}, {"type": "Feature", "geometry": {"type": "Point", "coordinates": [121.0147528, 14.7359446]}, "properties": {"city": "Caloocan", "category": "outdoor", "osm_type": "way", "osm_id": 1137603835, "name": null}}, {"type": "Feature", "geometry": {"type": "Point", "coordinates": [121.0599871, 14.7737699]}, "properties": {"city": "Caloocan", "category": "covered", "osm_type": "way", "osm_id": 1144262363, "name": null}}, {"type": "Feature", "geometry": {"type": "Point", "coordinates": [121.0641721, 14.7712318]}, "properties": {"city": "Caloocan", "category": "covered", "osm_type": "way", "osm_id": 1144269210, "name": null}}, {"type": "Feature", "geometry": {"type": "Point", "coordinates": [121.0552986, 14.7667381]}, "properties": {"city": "Caloocan", "category": "covered", "osm_type": "way", "osm_id": 1144576143, "name": null}}, {"type": "Feature", "geometry": {"type": "Point", "coordinates": [121.0541237, 14.7673699]}, "properties": {"city": "Caloocan", "category": "covered", "osm_type": "way", "osm_id": 1144576144, "name": null}}, {"type": "Feature", "geometry": {"type": "Point", "coordinates": [121.0481746, 14.7753899]}, "properties": {"city": "Caloocan", "category": "covered", "osm_type": "way", "osm_id": 1144581524, "name": null}}, {"type": "Feature", "geometry": {"type": "Point", "coordinates": [121.0150675, 14.739378]}, "properties": {"city": "Caloocan", "category": "outdoor", "osm_type": "way", "osm_id": 1146862310, "name": null}}, {"type": "Feature", "geometry": {"type": "Point", "coordinates": [121.0630656, 14.7488633]}, "properties": {"city": "Caloocan", "category": "covered", "osm_type": "way", "osm_id": 1152572178, "name": null}}, {"type": "Feature", "geometry": {"type": "Point", "coordinates": [121.0512115, 14.7744917]}, "properties": {"city": "Caloocan", "category": "covered", "osm_type": "way", "osm_id": 1152574521, "name": null}}, {"type": "Feature", "geometry": {"type": "Point", "coordinates": [121.0481894, 14.7724331]}, "properties": {"city": "Caloocan", "category": "covered", "osm_type": "way", "osm_id": 1152574523, "name": null}}, {"type": "Feature", "geometry": {"type": "Point", "coordinates": [121.0197508, 14.7382152]}, "properties": {"city": "Caloocan", "category": "outdoor", "osm_type": "way", "osm_id": 1158411641, "name": null}}, {"type": "Feature", "geometry": {"type": "Point", "coordinates": [121.0182496, 14.740759]}, "properties": {"city": "Caloocan", "category": "outdoor", "osm_type": "way", "osm_id": 1160177046, "name": null}}, {"type": "Feature", "geometry": {"type": "Point", "coordinates": [121.0185149, 14.7408702]}, "properties": {"city": "Caloocan", "category": "covered", "osm_type": "way", "osm_id": 1160177050, "name": null}}, {"type": "Feature", "geometry": {"type": "Point", "coordinates": [120.9816174, 14.6508219]}, "properties": {"city": "Caloocan", "category": "covered", "osm_type": "way", "osm_id": 1180580042, "name": null}}, {"type": "Feature", "geometry": {"type": "Point", "coordinates": [121.0099798, 14.7535886]}, "properties": {"city": "Caloocan", "category": "covered", "osm_type": "way", "osm_id": 1187719111, "name": null}}, {"type": "Feature", "geometry": {"type": "Point", "coordinates": [121.0095001, 14.7523048]}, "properties": {"city": "Caloocan", "category": "covered", "osm_type": "way", "osm_id": 1187719118, "name": null}}, {"type": "Feature", "geometry": {"type": "Point", "coordinates": [121.0617385, 14.778078]}, "properties": {"city": "Caloocan", "category": "covered", "osm_type": "way", "osm_id": 1198542837, "name": null}}, {"type": "Feature", "geometry": {"type": "Point", "coordinates": [121.0238681, 14.7360977]}, "properties": {"city": "Caloocan", "category": "outdoor", "osm_type": "way", "osm_id": 1203859860, "name": "Happy Glen Loop Subdivision Basketball Court"}}, {"type": "Feature", "geometry": {"type": "Point", "coordinates": [121.0248792, 14.7368789]}, "properties": {"city": "Caloocan", "category": "outdoor", "osm_type": "way", "osm_id": 1203859864, "name": null}}, {"type": "Feature", "geometry": {"type": "Point", "coordinates": [120.974103, 14.6444436]}, "properties": {"city": "Caloocan", "category": "covered", "osm_type": "way", "osm_id": 1205399429, "name": null}}, {"type": "Feature", "geometry": {"type": "Point", "coordinates": [121.0328267, 14.7599377]}, "properties": {"city": "Caloocan", "category": "covered", "osm_type": "way", "osm_id": 1205706652, "name": null}}, {"type": "Feature", "geometry": {"type": "Point", "coordinates": [121.0053885, 14.7323047]}, "properties": {"city": "Caloocan", "category": "covered", "osm_type": "way", "osm_id": 1218107436, "name": null}}, {"type": "Feature", "geometry": {"type": "Point", "coordinates": [121.0364385, 14.7557106]}, "properties": {"city": "Caloocan", "category": "covered", "osm_type": "way", "osm_id": 1223146297, "name": null}}, {"type": "Feature", "geometry": {"type": "Point", "coordinates": [121.0312402, 14.762441]}, "properties": {"city": "Caloocan", "category": "covered", "osm_type": "way", "osm_id": 1223155490, "name": null}}, {"type": "Feature", "geometry": {"type": "Point", "coordinates": [121.0417854, 14.7490052]}, "properties": {"city": "Caloocan", "category": "covered", "osm_type": "way", "osm_id": 1224016055, "name": null}}, {"type": "Feature", "geometry": {"type": "Point", "coordinates": [121.0281639, 14.7612349]}, "properties": {"city": "Caloocan", "category": "outdoor", "osm_type": "way", "osm_id": 1225649643, "name": "MBA Street Basketball Court"}}, {"type": "Feature", "geometry": {"type": "Point", "coordinates": [121.0217999, 14.7350518]}, "properties": {"city": "Caloocan", "category": "outdoor", "osm_type": "way", "osm_id": 1226958001, "name": null}}, {"type": "Feature", "geometry": {"type": "Point", "coordinates": [121.021716, 14.7296957]}, "properties": {"city": "Caloocan", "category": "outdoor", "osm_type": "way", "osm_id": 1226962527, "name": null}}, {"type": "Feature", "geometry": {"type": "Point", "coordinates": [121.0306572, 14.7549616]}, "properties": {"city": "Caloocan", "category": "outdoor", "osm_type": "way", "osm_id": 1227163408, "name": null}}, {"type": "Feature", "geometry": {"type": "Point", "coordinates": [121.0404107, 14.7624438]}, "properties": {"city": "Caloocan", "category": "outdoor", "osm_type": "way", "osm_id": 1227597947, "name": "Franville 2 Court"}}, {"type": "Feature", "geometry": {"type": "Point", "coordinates": [121.0209378, 14.7355115]}, "properties": {"city": "Caloocan", "category": "covered", "osm_type": "way", "osm_id": 1227733078, "name": "BF Homes Phase 1 Covered Court"}}, {"type": "Feature", "geometry": {"type": "Point", "coordinates": [121.021082, 14.7356817]}, "properties": {"city": "Caloocan", "category": "covered", "osm_type": "way", "osm_id": 1227733079, "name": "BF Homes Phase 1 Covered Tennis Court"}}, {"type": "Feature", "geometry": {"type": "Point", "coordinates": [121.0587191, 14.7786892]}, "properties": {"city": "Caloocan", "category": "covered", "osm_type": "way", "osm_id": 1232064743, "name": "Phase 7A Package 10 Covered Court"}}, {"type": "Feature", "geometry": {"type": "Point", "coordinates": [121.0604398, 14.759031]}, "properties": {"city": "Caloocan", "category": "covered", "osm_type": "way", "osm_id": 1232308644, "name": null}}, {"type": "Feature", "geometry": {"type": "Point", "coordinates": [121.0331506, 14.7772796]}, "properties": {"city": "Caloocan", "category": "covered", "osm_type": "way", "osm_id": 1232571561, "name": null}}, {"type": "Feature", "geometry": {"type": "Point", "coordinates": [121.0449407, 14.7680392]}, "properties": {"city": "Caloocan", "category": "covered", "osm_type": "way", "osm_id": 1233769876, "name": null}}, {"type": "Feature", "geometry": {"type": "Point", "coordinates": [121.052496, 14.7702026]}, "properties": {"city": "Caloocan", "category": "outdoor", "osm_type": "way", "osm_id": 1279572633, "name": null}}, {"type": "Feature", "geometry": {"type": "Point", "coordinates": [121.0493942, 14.7736286]}, "properties": {"city": "Caloocan", "category": "outdoor", "osm_type": "way", "osm_id": 1279572634, "name": null}}, {"type": "Feature", "geometry": {"type": "Point", "coordinates": [121.0532903, 14.7758502]}, "properties": {"city": "Caloocan", "category": "covered", "osm_type": "way", "osm_id": 1279572656, "name": null}}, {"type": "Feature", "geometry": {"type": "Point", "coordinates": [121.034013, 14.7833671]}, "properties": {"city": "Caloocan", "category": "covered", "osm_type": "way", "osm_id": 1279691989, "name": null}}, {"type": "Feature", "geometry": {"type": "Point", "coordinates": [121.0352122, 14.7776598]}, "properties": {"city": "Caloocan", "category": "covered", "osm_type": "way", "osm_id": 1279692016, "name": null}}, {"type": "Feature", "geometry": {"type": "Point", "coordinates": [121.0836465, 14.7595163]}, "properties": {"city": "Caloocan", "category": "outdoor", "osm_type": "way", "osm_id": 1308067594, "name": null}}, {"type": "Feature", "geometry": {"type": "Point", "coordinates": [121.0325118, 14.7603403]}, "properties": {"city": "Caloocan", "category": "outdoor", "osm_type": "way", "osm_id": 1309039072, "name": "Villa Dona Juana Basketball Court"}}, {"type": "Feature", "geometry": {"type": "Point", "coordinates": [121.0432599, 14.7552256]}, "properties": {"city": "Caloocan", "category": "covered", "osm_type": "way", "osm_id": 1314900592, "name": "St. Clare College Gymnisium"}}, {"type": "Feature", "geometry": {"type": "Point", "coordinates": [121.0616965, 14.7544541]}, "properties": {"city": "Caloocan", "category": "covered", "osm_type": "way", "osm_id": 1338989728, "name": "Villa CCO Covered Court"}}, {"type": "Feature", "geometry": {"type": "Point", "coordinates": [121.007283, 14.7359785]}, "properties": {"city": "Caloocan", "category": "covered", "osm_type": "way", "osm_id": 1347039745, "name": null}}, {"type": "Feature", "geometry": {"type": "Point", "coordinates": [121.0259005, 14.745258]}, "properties": {"city": "Caloocan", "category": "covered", "osm_type": "way", "osm_id": 1369411187, "name": null}}, {"type": "Feature", "geometry": {"type": "Point", "coordinates": [121.0179854, 14.7469044]}, "properties": {"city": "Caloocan", "category": "covered", "osm_type": "way", "osm_id": 1369792781, "name": null}}, {"type": "Feature", "geometry": {"type": "Point", "coordinates": [121.0536226, 14.759636]}, "properties": {"city": "Caloocan", "category": "covered", "osm_type": "way", "osm_id": 1371928315, "name": null}}, {"type": "Feature", "geometry": {"type": "Point", "coordinates": [121.0604545, 14.7604232]}, "properties": {"city": "Caloocan", "category": "covered", "osm_type": "way", "osm_id": 1379187979, "name": null}}, {"type": "Feature", "geometry": {"type": "Point", "coordinates": [121.0532876, 14.7786042]}, "properties": {"city": "Caloocan", "category": "covered", "osm_type": "way", "osm_id": 1434410644, "name": null}}, {"type": "Feature", "geometry": {"type": "Point", "coordinates": [121.0437609, 14.7732187]}, "properties": {"city": "Caloocan", "category": "covered", "osm_type": "way", "osm_id": 1434635738, "name": null}}, {"type": "Feature", "geometry": {"type": "Point", "coordinates": [121.0486691, 14.77508]}, "properties": {"city": "Caloocan", "category": "outdoor", "osm_type": "way", "osm_id": 1459036367, "name": null}}, {"type": "Feature", "geometry": {"type": "Point", "coordinates": [120.9729392, 14.655667]}, "properties": {"city": "Caloocan", "category": "outdoor", "osm_type": "way", "osm_id": 1459824753, "name": null}}, {"type": "Feature", "geometry": {"type": "Point", "coordinates": [121.0015547, 14.4605385]}, "properties": {"city": "Las Pinas", "category": "outdoor", "osm_type": "node", "osm_id": 5912235785, "name": "Phase 3 Basketball Half Court"}}, {"type": "Feature", "geometry": {"type": "Point", "coordinates": [120.9734707, 14.4473866]}, "properties": {"city": "Las Pinas", "category": "outdoor", "osm_type": "node", "osm_id": 11626791790, "name": null}}, {"type": "Feature", "geometry": {"type": "Point", "coordinates": [120.9917132, 14.4751663]}, "properties": {"city": "Las Pinas", "category": "outdoor", "osm_type": "node", "osm_id": 13681176173, "name": "Canaynay Covered Court"}}, {"type": "Feature", "geometry": {"type": "Point", "coordinates": [121.0027695, 14.4222647]}, "properties": {"city": "Las Pinas", "category": "covered", "osm_type": "way", "osm_id": 87916496, "name": null}}, {"type": "Feature", "geometry": {"type": "Point", "coordinates": [121.00506, 14.4131856]}, "properties": {"city": "Las Pinas", "category": "outdoor", "osm_type": "way", "osm_id": 101485216, "name": null}}, {"type": "Feature", "geometry": {"type": "Point", "coordinates": [121.0195119, 14.4310174]}, "properties": {"city": "Las Pinas", "category": "outdoor", "osm_type": "way", "osm_id": 102376767, "name": null}}, {"type": "Feature", "geometry": {"type": "Point", "coordinates": [120.9855711, 14.4321779]}, "properties": {"city": "Las Pinas", "category": "covered", "osm_type": "way", "osm_id": 107669721, "name": "Villar Gymnasium"}}, {"type": "Feature", "geometry": {"type": "Point", "coordinates": [120.9995739, 14.4343546]}, "properties": {"city": "Las Pinas", "category": "outdoor", "osm_type": "way", "osm_id": 107678491, "name": null}}, {"type": "Feature", "geometry": {"type": "Point", "coordinates": [121.0010902, 14.4350095]}, "properties": {"city": "Las Pinas", "category": "outdoor", "osm_type": "way", "osm_id": 107678493, "name": null}}, {"type": "Feature", "geometry": {"type": "Point", "coordinates": [121.0009626, 14.43235]}, "properties": {"city": "Las Pinas", "category": "outdoor", "osm_type": "way", "osm_id": 107678496, "name": null}}, {"type": "Feature", "geometry": {"type": "Point", "coordinates": [121.0002257, 14.4327611]}, "properties": {"city": "Las Pinas", "category": "outdoor", "osm_type": "way", "osm_id": 107678510, "name": null}}, {"type": "Feature", "geometry": {"type": "Point", "coordinates": [120.9860009, 14.4360312]}, "properties": {"city": "Las Pinas", "category": "covered", "osm_type": "way", "osm_id": 107787534, "name": null}}, {"type": "Feature", "geometry": {"type": "Point", "coordinates": [120.974517, 14.4417778]}, "properties": {"city": "Las Pinas", "category": "covered", "osm_type": "way", "osm_id": 107794125, "name": null}}, {"type": "Feature", "geometry": {"type": "Point", "coordinates": [120.9777173, 14.4453539]}, "properties": {"city": "Las Pinas", "category": "outdoor", "osm_type": "way", "osm_id": 109979796, "name": null}}, {"type": "Feature", "geometry": {"type": "Point", "coordinates": [120.9946439, 14.4404384]}, "properties": {"city": "Las Pinas", "category": "outdoor", "osm_type": "way", "osm_id": 127428227, "name": null}}, {"type": "Feature", "geometry": {"type": "Point", "coordinates": [120.9894676, 14.4503305]}, "properties": {"city": "Las Pinas", "category": "outdoor", "osm_type": "way", "osm_id": 143407968, "name": null}}, {"type": "Feature", "geometry": {"type": "Point", "coordinates": [120.9910422, 14.4508751]}, "properties": {"city": "Las Pinas", "category": "outdoor", "osm_type": "way", "osm_id": 143407970, "name": null}}, {"type": "Feature", "geometry": {"type": "Point", "coordinates": [120.9873774, 14.4501486]}, "properties": {"city": "Las Pinas", "category": "outdoor", "osm_type": "way", "osm_id": 144886926, "name": null}}, {"type": "Feature", "geometry": {"type": "Point", "coordinates": [120.9943027, 14.4641813]}, "properties": {"city": "Las Pinas", "category": "outdoor", "osm_type": "way", "osm_id": 148655611, "name": null}}, {"type": "Feature", "geometry": {"type": "Point", "coordinates": [120.9930142, 14.4645911]}, "properties": {"city": "Las Pinas", "category": "outdoor", "osm_type": "way", "osm_id": 148655612, "name": null}}, {"type": "Feature", "geometry": {"type": "Point", "coordinates": [120.993081, 14.471754]}, "properties": {"city": "Las Pinas", "category": "covered", "osm_type": "way", "osm_id": 148655613, "name": null}}, {"type": "Feature", "geometry": {"type": "Point", "coordinates": [120.9823083, 14.46943]}, "properties": {"city": "Las Pinas", "category": "outdoor", "osm_type": "way", "osm_id": 151702369, "name": null}}, {"type": "Feature", "geometry": {"type": "Point", "coordinates": [120.97844, 14.4654465]}, "properties": {"city": "Las Pinas", "category": "outdoor", "osm_type": "way", "osm_id": 151702371, "name": null}}, {"type": "Feature", "geometry": {"type": "Point", "coordinates": [121.0105324, 14.4300796]}, "properties": {"city": "Las Pinas", "category": "covered", "osm_type": "way", "osm_id": 153303600, "name": null}}, {"type": "Feature", "geometry": {"type": "Point", "coordinates": [121.0120841, 14.4229108]}, "properties": {"city": "Las Pinas", "category": "outdoor", "osm_type": "way", "osm_id": 153309670, "name": "Do\u00f1a Josefa Covered Court"}}, {"type": "Feature", "geometry": {"type": "Point", "coordinates": [121.0092099, 14.4242592]}, "properties": {"city": "Las Pinas", "category": "outdoor", "osm_type": "way", "osm_id": 153309671, "name": null}}, {"type": "Feature", "geometry": {"type": "Point", "coordinates": [121.0094529, 14.4142558]}, "properties": {"city": "Las Pinas", "category": "covered", "osm_type": "way", "osm_id": 153313755, "name": "Pine Covered Court"}}, {"type": "Feature", "geometry": {"type": "Point", "coordinates": [121.0036515, 14.4219916]}, "properties": {"city": "Las Pinas", "category": "outdoor", "osm_type": "way", "osm_id": 153521627, "name": null}}, {"type": "Feature", "geometry": {"type": "Point", "coordinates": [120.9756666, 14.4491989]}, "properties": {"city": "Las Pinas", "category": "outdoor", "osm_type": "way", "osm_id": 156573316, "name": null}}, {"type": "Feature", "geometry": {"type": "Point", "coordinates": [120.9711554, 14.4497786]}, "properties": {"city": "Las Pinas", "category": "outdoor", "osm_type": "way", "osm_id": 156573317, "name": null}}, {"type": "Feature", "geometry": {"type": "Point", "coordinates": [120.9842288, 14.4524769]}, "properties": {"city": "Las Pinas", "category": "outdoor", "osm_type": "way", "osm_id": 156577225, "name": null}}, {"type": "Feature", "geometry": {"type": "Point", "coordinates": [120.9844963, 14.4573658]}, "properties": {"city": "Las Pinas", "category": "covered", "osm_type": "way", "osm_id": 156577226, "name": null}}, {"type": "Feature", "geometry": {"type": "Point", "coordinates": [120.9858039, 14.457321]}, "properties": {"city": "Las Pinas", "category": "covered", "osm_type": "way", "osm_id": 156577228, "name": null}}, {"type": "Feature", "geometry": {"type": "Point", "coordinates": [120.9886982, 14.4555836]}, "properties": {"city": "Las Pinas", "category": "covered", "osm_type": "way", "osm_id": 156577229, "name": null}}, {"type": "Feature", "geometry": {"type": "Point", "coordinates": [120.9872662, 14.4587385]}, "properties": {"city": "Las Pinas", "category": "covered", "osm_type": "way", "osm_id": 156577230, "name": null}}, {"type": "Feature", "geometry": {"type": "Point", "coordinates": [120.981099, 14.4569172]}, "properties": {"city": "Las Pinas", "category": "outdoor", "osm_type": "way", "osm_id": 156577231, "name": "2nd Reyville Basketball Court"}}, {"type": "Feature", "geometry": {"type": "Point", "coordinates": [120.999107, 14.4559157]}, "properties": {"city": "Las Pinas", "category": "outdoor", "osm_type": "way", "osm_id": 158180753, "name": null}}, {"type": "Feature", "geometry": {"type": "Point", "coordinates": [120.9755665, 14.454486]}, "properties": {"city": "Las Pinas", "category": "outdoor", "osm_type": "way", "osm_id": 166325614, "name": null}}, {"type": "Feature", "geometry": {"type": "Point", "coordinates": [120.9903295, 14.4215355]}, "properties": {"city": "Las Pinas", "category": "covered", "osm_type": "way", "osm_id": 170525733, "name": null}}, {"type": "Feature", "geometry": {"type": "Point", "coordinates": [120.9913006, 14.4240543]}, "properties": {"city": "Las Pinas", "category": "covered", "osm_type": "way", "osm_id": 170533780, "name": "Nimbus Covered Court"}}, {"type": "Feature", "geometry": {"type": "Point", "coordinates": [120.9968506, 14.4338339]}, "properties": {"city": "Las Pinas", "category": "covered", "osm_type": "way", "osm_id": 170533849, "name": null}}, {"type": "Feature", "geometry": {"type": "Point", "coordinates": [120.9959033, 14.4339567]}, "properties": {"city": "Las Pinas", "category": "covered", "osm_type": "way", "osm_id": 170533850, "name": "Camella Fronterra Covered Court"}}, {"type": "Feature", "geometry": {"type": "Point", "coordinates": [120.9985209, 14.4275113]}, "properties": {"city": "Las Pinas", "category": "outdoor", "osm_type": "way", "osm_id": 170533852, "name": null}}, {"type": "Feature", "geometry": {"type": "Point", "coordinates": [120.9775657, 14.4572817]}, "properties": {"city": "Las Pinas", "category": "outdoor", "osm_type": "way", "osm_id": 172487439, "name": "DMSHAI Baskteball Court"}}, {"type": "Feature", "geometry": {"type": "Point", "coordinates": [120.9885224, 14.4657204]}, "properties": {"city": "Las Pinas", "category": "covered", "osm_type": "way", "osm_id": 214202797, "name": null}}, {"type": "Feature", "geometry": {"type": "Point", "coordinates": [121.0091072, 14.4210386]}, "properties": {"city": "Las Pinas", "category": "covered", "osm_type": "way", "osm_id": 217958165, "name": "Aguilar Sports Complex"}}, {"type": "Feature", "geometry": {"type": "Point", "coordinates": [120.9762538, 14.4697106]}, "properties": {"city": "Las Pinas", "category": "outdoor", "osm_type": "way", "osm_id": 237825224, "name": "Casimiro Townhomes Ph. 2 Basketball Court"}}, {"type": "Feature", "geometry": {"type": "Point", "coordinates": [120.9829434, 14.4665832]}, "properties": {"city": "Las Pinas", "category": "covered", "osm_type": "way", "osm_id": 237836996, "name": "Do\u00f1a Julita Basketball Court"}}, {"type": "Feature", "geometry": {"type": "Point", "coordinates": [120.9799273, 14.481561]}, "properties": {"city": "Las Pinas", "category": "outdoor", "osm_type": "way", "osm_id": 240105030, "name": null}}, {"type": "Feature", "geometry": {"type": "Point", "coordinates": [120.9724527, 14.4690161]}, "properties": {"city": "Las Pinas", "category": "outdoor", "osm_type": "way", "osm_id": 240113519, "name": null}}, {"type": "Feature", "geometry": {"type": "Point", "coordinates": [120.9699798, 14.4583868]}, "properties": {"city": "Las Pinas", "category": "outdoor", "osm_type": "way", "osm_id": 240127011, "name": "Pamplona I Covered Court"}}, {"type": "Feature", "geometry": {"type": "Point", "coordinates": [120.9817543, 14.448532]}, "properties": {"city": "Las Pinas", "category": "outdoor", "osm_type": "way", "osm_id": 240129137, "name": null}}, {"type": "Feature", "geometry": {"type": "Point", "coordinates": [121.00153, 14.4423727]}, "properties": {"city": "Las Pinas", "category": "covered", "osm_type": "way", "osm_id": 242871535, "name": null}}, {"type": "Feature", "geometry": {"type": "Point", "coordinates": [120.9802163, 14.4702745]}, "properties": {"city": "Las Pinas", "category": "covered", "osm_type": "way", "osm_id": 296386537, "name": null}}, {"type": "Feature", "geometry": {"type": "Point", "coordinates": [120.9917111, 14.4703779]}, "properties": {"city": "Las Pinas", "category": "covered", "osm_type": "way", "osm_id": 296404137, "name": null}}, {"type": "Feature", "geometry": {"type": "Point", "coordinates": [120.9910202, 14.4661704]}, "properties": {"city": "Las Pinas", "category": "covered", "osm_type": "way", "osm_id": 296846235, "name": null}}, {"type": "Feature", "geometry": {"type": "Point", "coordinates": [121.0158621, 14.4410857]}, "properties": {"city": "Las Pinas", "category": "outdoor", "osm_type": "way", "osm_id": 327021730, "name": null}}, {"type": "Feature", "geometry": {"type": "Point", "coordinates": [121.0113767, 14.4422421]}, "properties": {"city": "Las Pinas", "category": "covered", "osm_type": "way", "osm_id": 329822102, "name": null}}, {"type": "Feature", "geometry": {"type": "Point", "coordinates": [121.0200004, 14.4325761]}, "properties": {"city": "Las Pinas", "category": "covered", "osm_type": "way", "osm_id": 329991010, "name": null}}, {"type": "Feature", "geometry": {"type": "Point", "coordinates": [120.9740673, 14.4401643]}, "properties": {"city": "Las Pinas", "category": "outdoor", "osm_type": "way", "osm_id": 356006472, "name": null}}, {"type": "Feature", "geometry": {"type": "Point", "coordinates": [120.9838367, 14.4392861]}, "properties": {"city": "Las Pinas", "category": "outdoor", "osm_type": "way", "osm_id": 394449597, "name": null}}, {"type": "Feature", "geometry": {"type": "Point", "coordinates": [120.9845753, 14.4828698]}, "properties": {"city": "Las Pinas", "category": "outdoor", "osm_type": "way", "osm_id": 396568801, "name": "Manuyo Uno Covered Court"}}, {"type": "Feature", "geometry": {"type": "Point", "coordinates": [120.9841298, 14.433727]}, "properties": {"city": "Las Pinas", "category": "covered", "osm_type": "way", "osm_id": 416839767, "name": "Bamboosetum Covered Court"}}, {"type": "Feature", "geometry": {"type": "Point", "coordinates": [121.010914, 14.4001661]}, "properties": {"city": "Las Pinas", "category": "outdoor", "osm_type": "way", "osm_id": 458967207, "name": null}}, {"type": "Feature", "geometry": {"type": "Point", "coordinates": [121.0162083, 14.4253528]}, "properties": {"city": "Las Pinas", "category": "outdoor", "osm_type": "way", "osm_id": 485609441, "name": null}}, {"type": "Feature", "geometry": {"type": "Point", "coordinates": [120.9886005, 14.4302134]}, "properties": {"city": "Las Pinas", "category": "covered", "osm_type": "way", "osm_id": 505961070, "name": null}}, {"type": "Feature", "geometry": {"type": "Point", "coordinates": [120.9796929, 14.4587345]}, "properties": {"city": "Las Pinas", "category": "outdoor", "osm_type": "way", "osm_id": 505994730, "name": "Veraville Court"}}, {"type": "Feature", "geometry": {"type": "Point", "coordinates": [121.0020033, 14.4645462]}, "properties": {"city": "Las Pinas", "category": "covered", "osm_type": "way", "osm_id": 506009434, "name": "SAV 6 Covered Court"}}, {"type": "Feature", "geometry": {"type": "Point", "coordinates": [121.0026622, 14.4388061]}, "properties": {"city": "Las Pinas", "category": "covered", "osm_type": "way", "osm_id": 521152705, "name": "Talon Uno Basketball Court"}}, {"type": "Feature", "geometry": {"type": "Point", "coordinates": [121.011659, 14.4100605]}, "properties": {"city": "Las Pinas", "category": "outdoor", "osm_type": "way", "osm_id": 553034444, "name": null}}, {"type": "Feature", "geometry": {"type": "Point", "coordinates": [121.0096754, 14.4441166]}, "properties": {"city": "Las Pinas", "category": "outdoor", "osm_type": "way", "osm_id": 553885279, "name": null}}, {"type": "Feature", "geometry": {"type": "Point", "coordinates": [121.0135344, 14.4363047]}, "properties": {"city": "Las Pinas", "category": "outdoor", "osm_type": "way", "osm_id": 555042855, "name": null}}, {"type": "Feature", "geometry": {"type": "Point", "coordinates": [120.9725212, 14.4432835]}, "properties": {"city": "Las Pinas", "category": "covered", "osm_type": "way", "osm_id": 555057881, "name": "Camella Del Rio Basketball Court"}}, {"type": "Feature", "geometry": {"type": "Point", "coordinates": [121.0152817, 14.4395591]}, "properties": {"city": "Las Pinas", "category": "covered", "osm_type": "way", "osm_id": 556904117, "name": null}}, {"type": "Feature", "geometry": {"type": "Point", "coordinates": [121.0150627, 14.435286]}, "properties": {"city": "Las Pinas", "category": "outdoor", "osm_type": "way", "osm_id": 556904131, "name": null}}, {"type": "Feature", "geometry": {"type": "Point", "coordinates": [121.0026856, 14.4311896]}, "properties": {"city": "Las Pinas", "category": "outdoor", "osm_type": "way", "osm_id": 570849662, "name": null}}, {"type": "Feature", "geometry": {"type": "Point", "coordinates": [120.9899494, 14.4580864]}, "properties": {"city": "Las Pinas", "category": "outdoor", "osm_type": "way", "osm_id": 570869874, "name": null}}, {"type": "Feature", "geometry": {"type": "Point", "coordinates": [120.9922934, 14.4551469]}, "properties": {"city": "Las Pinas", "category": "outdoor", "osm_type": "way", "osm_id": 575851867, "name": null}}, {"type": "Feature", "geometry": {"type": "Point", "coordinates": [121.0095836, 14.4055868]}, "properties": {"city": "Las Pinas", "category": "outdoor", "osm_type": "way", "osm_id": 576136289, "name": null}}, {"type": "Feature", "geometry": {"type": "Point", "coordinates": [121.0065012, 14.4400153]}, "properties": {"city": "Las Pinas", "category": "outdoor", "osm_type": "way", "osm_id": 578702070, "name": null}}, {"type": "Feature", "geometry": {"type": "Point", "coordinates": [120.9952125, 14.4540958]}, "properties": {"city": "Las Pinas", "category": "covered", "osm_type": "way", "osm_id": 611921904, "name": null}}, {"type": "Feature", "geometry": {"type": "Point", "coordinates": [120.9918692, 14.4560388]}, "properties": {"city": "Las Pinas", "category": "outdoor", "osm_type": "way", "osm_id": 612764236, "name": "Cittadella Basketball Court"}}, {"type": "Feature", "geometry": {"type": "Point", "coordinates": [120.980653, 14.4600492]}, "properties": {"city": "Las Pinas", "category": "outdoor", "osm_type": "way", "osm_id": 614156659, "name": "Vergonville Roofed Basketball Court"}}, {"type": "Feature", "geometry": {"type": "Point", "coordinates": [120.9840478, 14.4434125]}, "properties": {"city": "Las Pinas", "category": "outdoor", "osm_type": "way", "osm_id": 658483549, "name": null}}, {"type": "Feature", "geometry": {"type": "Point", "coordinates": [120.9860468, 14.4536234]}, "properties": {"city": "Las Pinas", "category": "covered", "osm_type": "way", "osm_id": 699462022, "name": "Villar Gymnasium (Manuela 4-C)"}}, {"type": "Feature", "geometry": {"type": "Point", "coordinates": [120.9776094, 14.4692807]}, "properties": {"city": "Las Pinas", "category": "outdoor", "osm_type": "way", "osm_id": 715009519, "name": null}}, {"type": "Feature", "geometry": {"type": "Point", "coordinates": [120.9783411, 14.4684977]}, "properties": {"city": "Las Pinas", "category": "outdoor", "osm_type": "way", "osm_id": 715009521, "name": "Santos Homes II Basketball Court"}}, {"type": "Feature", "geometry": {"type": "Point", "coordinates": [121.0059793, 14.425221]}, "properties": {"city": "Las Pinas", "category": "outdoor", "osm_type": "way", "osm_id": 715310054, "name": null}}, {"type": "Feature", "geometry": {"type": "Point", "coordinates": [120.9992774, 14.4603753]}, "properties": {"city": "Las Pinas", "category": "covered", "osm_type": "way", "osm_id": 773673270, "name": null}}, {"type": "Feature", "geometry": {"type": "Point", "coordinates": [120.9865561, 14.4702564]}, "properties": {"city": "Las Pinas", "category": "outdoor", "osm_type": "way", "osm_id": 775180745, "name": null}}, {"type": "Feature", "geometry": {"type": "Point", "coordinates": [120.980586, 14.4540661]}, "properties": {"city": "Las Pinas", "category": "outdoor", "osm_type": "way", "osm_id": 790445306, "name": "Verdant Covered Court"}}, {"type": "Feature", "geometry": {"type": "Point", "coordinates": [120.9947885, 14.455509]}, "properties": {"city": "Las Pinas", "category": "outdoor", "osm_type": "way", "osm_id": 803621740, "name": null}}, {"type": "Feature", "geometry": {"type": "Point", "coordinates": [120.9981679, 14.455573]}, "properties": {"city": "Las Pinas", "category": "outdoor", "osm_type": "way", "osm_id": 816882536, "name": "SPV Plaza"}}, {"type": "Feature", "geometry": {"type": "Point", "coordinates": [120.9808831, 14.4688958]}, "properties": {"city": "Las Pinas", "category": "outdoor", "osm_type": "way", "osm_id": 832959852, "name": null}}, {"type": "Feature", "geometry": {"type": "Point", "coordinates": [120.9753443, 14.4633409]}, "properties": {"city": "Las Pinas", "category": "covered", "osm_type": "way", "osm_id": 890843860, "name": null}}, {"type": "Feature", "geometry": {"type": "Point", "coordinates": [120.9775407, 14.4612439]}, "properties": {"city": "Las Pinas", "category": "covered", "osm_type": "way", "osm_id": 890845565, "name": null}}, {"type": "Feature", "geometry": {"type": "Point", "coordinates": [120.9919756, 14.4711238]}, "properties": {"city": "Las Pinas", "category": "covered", "osm_type": "way", "osm_id": 891031576, "name": null}}, {"type": "Feature", "geometry": {"type": "Point", "coordinates": [121.00121, 14.43739]}, "properties": {"city": "Las Pinas", "category": "covered", "osm_type": "way", "osm_id": 891880315, "name": null}}, {"type": "Feature", "geometry": {"type": "Point", "coordinates": [120.9853054, 14.4616491]}, "properties": {"city": "Las Pinas", "category": "covered", "osm_type": "way", "osm_id": 892825325, "name": "Saint Joseph Covered Court"}}, {"type": "Feature", "geometry": {"type": "Point", "coordinates": [120.9882226, 14.4689761]}, "properties": {"city": "Las Pinas", "category": "covered", "osm_type": "way", "osm_id": 896140680, "name": null}}, {"type": "Feature", "geometry": {"type": "Point", "coordinates": [120.9889736, 14.4670013]}, "properties": {"city": "Las Pinas", "category": "covered", "osm_type": "way", "osm_id": 900971133, "name": "Veraville Regency 2"}}, {"type": "Feature", "geometry": {"type": "Point", "coordinates": [121.0029018, 14.4136002]}, "properties": {"city": "Las Pinas", "category": "covered", "osm_type": "way", "osm_id": 904236492, "name": null}}, {"type": "Feature", "geometry": {"type": "Point", "coordinates": [120.9967913, 14.4355027]}, "properties": {"city": "Las Pinas", "category": "covered", "osm_type": "way", "osm_id": 915770604, "name": null}}, {"type": "Feature", "geometry": {"type": "Point", "coordinates": [120.9962523, 14.4413982]}, "properties": {"city": "Las Pinas", "category": "outdoor", "osm_type": "way", "osm_id": 918945788, "name": null}}, {"type": "Feature", "geometry": {"type": "Point", "coordinates": [121.0087127, 14.4098383]}, "properties": {"city": "Las Pinas", "category": "outdoor", "osm_type": "way", "osm_id": 925388687, "name": null}}, {"type": "Feature", "geometry": {"type": "Point", "coordinates": [121.0007814, 14.4301713]}, "properties": {"city": "Las Pinas", "category": "outdoor", "osm_type": "way", "osm_id": 927021825, "name": "CTK Covered Court"}}, {"type": "Feature", "geometry": {"type": "Point", "coordinates": [121.0013689, 14.4453628]}, "properties": {"city": "Las Pinas", "category": "covered", "osm_type": "way", "osm_id": 929122874, "name": null}}, {"type": "Feature", "geometry": {"type": "Point", "coordinates": [121.0076836, 14.3988443]}, "properties": {"city": "Las Pinas", "category": "outdoor", "osm_type": "way", "osm_id": 932298189, "name": null}}, {"type": "Feature", "geometry": {"type": "Point", "coordinates": [121.0001764, 14.4469135]}, "properties": {"city": "Las Pinas", "category": "covered", "osm_type": "way", "osm_id": 987632634, "name": null}}, {"type": "Feature", "geometry": {"type": "Point", "coordinates": [120.999509, 14.4250495]}, "properties": {"city": "Las Pinas", "category": "outdoor", "osm_type": "way", "osm_id": 1003943218, "name": "JES (Jade-Emerald-Sapphire) Basketball Court"}}, {"type": "Feature", "geometry": {"type": "Point", "coordinates": [120.9843441, 14.4473027]}, "properties": {"city": "Las Pinas", "category": "outdoor", "osm_type": "way", "osm_id": 1019786626, "name": null}}, {"type": "Feature", "geometry": {"type": "Point", "coordinates": [121.0039854, 14.4183257]}, "properties": {"city": "Las Pinas", "category": "covered", "osm_type": "way", "osm_id": 1025500108, "name": null}}, {"type": "Feature", "geometry": {"type": "Point", "coordinates": [120.9918041, 14.4210486]}, "properties": {"city": "Las Pinas", "category": "covered", "osm_type": "way", "osm_id": 1061955193, "name": null}}, {"type": "Feature", "geometry": {"type": "Point", "coordinates": [120.9892719, 14.4324658]}, "properties": {"city": "Las Pinas", "category": "outdoor", "osm_type": "way", "osm_id": 1064059648, "name": null}}, {"type": "Feature", "geometry": {"type": "Point", "coordinates": [121.0040482, 14.4248025]}, "properties": {"city": "Las Pinas", "category": "covered", "osm_type": "way", "osm_id": 1115665252, "name": "Delnor Covered Court"}}, {"type": "Feature", "geometry": {"type": "Point", "coordinates": [121.0013276, 14.4515379]}, "properties": {"city": "Las Pinas", "category": "outdoor", "osm_type": "way", "osm_id": 1136364649, "name": null}}, {"type": "Feature", "geometry": {"type": "Point", "coordinates": [120.9926389, 14.4731172]}, "properties": {"city": "Las Pinas", "category": "covered", "osm_type": "way", "osm_id": 1145559528, "name": null}}, {"type": "Feature", "geometry": {"type": "Point", "coordinates": [120.9979134, 14.4337967]}, "properties": {"city": "Las Pinas", "category": "covered", "osm_type": "way", "osm_id": 1152809595, "name": null}}, {"type": "Feature", "geometry": {"type": "Point", "coordinates": [121.0012478, 14.4302573]}, "properties": {"city": "Las Pinas", "category": "covered", "osm_type": "way", "osm_id": 1152815727, "name": null}}, {"type": "Feature", "geometry": {"type": "Point", "coordinates": [120.990536, 14.4244552]}, "properties": {"city": "Las Pinas", "category": "covered", "osm_type": "way", "osm_id": 1152837926, "name": null}}, {"type": "Feature", "geometry": {"type": "Point", "coordinates": [121.004372, 14.4455307]}, "properties": {"city": "Las Pinas", "category": "covered", "osm_type": "way", "osm_id": 1153128797, "name": null}}, {"type": "Feature", "geometry": {"type": "Point", "coordinates": [120.9821862, 14.47041]}, "properties": {"city": "Las Pinas", "category": "outdoor", "osm_type": "way", "osm_id": 1153936305, "name": null}}, {"type": "Feature", "geometry": {"type": "Point", "coordinates": [120.9808724, 14.472202]}, "properties": {"city": "Las Pinas", "category": "covered", "osm_type": "way", "osm_id": 1153939769, "name": null}}, {"type": "Feature", "geometry": {"type": "Point", "coordinates": [120.9768855, 14.471564]}, "properties": {"city": "Las Pinas", "category": "covered", "osm_type": "way", "osm_id": 1153971314, "name": null}}, {"type": "Feature", "geometry": {"type": "Point", "coordinates": [121.0160713, 14.4371138]}, "properties": {"city": "Las Pinas", "category": "covered", "osm_type": "way", "osm_id": 1155723341, "name": null}}, {"type": "Feature", "geometry": {"type": "Point", "coordinates": [120.9787568, 14.4764653]}, "properties": {"city": "Las Pinas", "category": "covered", "osm_type": "way", "osm_id": 1165345675, "name": null}}, {"type": "Feature", "geometry": {"type": "Point", "coordinates": [121.0025276, 14.4325085]}, "properties": {"city": "Las Pinas", "category": "covered", "osm_type": "way", "osm_id": 1231859147, "name": null}}, {"type": "Feature", "geometry": {"type": "Point", "coordinates": [120.986172, 14.4330495]}, "properties": {"city": "Las Pinas", "category": "covered", "osm_type": "way", "osm_id": 1363285315, "name": null}}, {"type": "Feature", "geometry": {"type": "Point", "coordinates": [120.9739704, 14.4607839]}, "properties": {"city": "Las Pinas", "category": "covered", "osm_type": "way", "osm_id": 1425044330, "name": null}}, {"type": "Feature", "geometry": {"type": "Point", "coordinates": [120.984937, 14.4606304]}, "properties": {"city": "Las Pinas", "category": "covered", "osm_type": "way", "osm_id": 1428083285, "name": "Casimiro Covered Court"}}, {"type": "Feature", "geometry": {"type": "Point", "coordinates": [120.9867715, 14.4517643]}, "properties": {"city": "Las Pinas", "category": "covered", "osm_type": "way", "osm_id": 1428093122, "name": null}}, {"type": "Feature", "geometry": {"type": "Point", "coordinates": [120.9793646, 14.4617845]}, "properties": {"city": "Las Pinas", "category": "covered", "osm_type": "way", "osm_id": 1503622565, "name": null}}, {"type": "Feature", "geometry": {"type": "Point", "coordinates": [120.9988027, 14.4446167]}, "properties": {"city": "Las Pinas", "category": "outdoor", "osm_type": "way", "osm_id": 1503644677, "name": null}}, {"type": "Feature", "geometry": {"type": "Point", "coordinates": [120.990851, 14.4670102]}, "properties": {"city": "Las Pinas", "category": "covered", "osm_type": "way", "osm_id": 1517220841, "name": null}}, {"type": "Feature", "geometry": {"type": "Point", "coordinates": [120.9946664, 14.4747419]}, "properties": {"city": "Las Pinas", "category": "covered", "osm_type": "way", "osm_id": 1517223994, "name": "Phase 2A Covered Court"}}, {"type": "Feature", "geometry": {"type": "Point", "coordinates": [121.012258, 14.4188305]}, "properties": {"city": "Las Pinas", "category": "covered", "osm_type": "way", "osm_id": 1523036800, "name": null}}, {"type": "Feature", "geometry": {"type": "Point", "coordinates": [121.0238881, 14.4337785]}, "properties": {"city": "Muntinlupa", "category": "outdoor", "osm_type": "node", "osm_id": 3235934806, "name": null}}, {"type": "Feature", "geometry": {"type": "Point", "coordinates": [121.0249778, 14.4327473]}, "properties": {"city": "Muntinlupa", "category": "outdoor", "osm_type": "way", "osm_id": 32984697, "name": "Covered Court"}}, {"type": "Feature", "geometry": {"type": "Point", "coordinates": [121.0288145, 14.3792644]}, "properties": {"city": "Muntinlupa", "category": "outdoor", "osm_type": "way", "osm_id": 89908968, "name": null}}, {"type": "Feature", "geometry": {"type": "Point", "coordinates": [121.0277525, 14.3798755]}, "properties": {"city": "Muntinlupa", "category": "outdoor", "osm_type": "way", "osm_id": 89908992, "name": null}}, {"type": "Feature", "geometry": {"type": "Point", "coordinates": [121.0474263, 14.4463765]}, "properties": {"city": "Muntinlupa", "category": "outdoor", "osm_type": "way", "osm_id": 102247552, "name": null}}, {"type": "Feature", "geometry": {"type": "Point", "coordinates": [121.0394122, 14.4197019]}, "properties": {"city": "Muntinlupa", "category": "outdoor", "osm_type": "way", "osm_id": 107451083, "name": null}}, {"type": "Feature", "geometry": {"type": "Point", "coordinates": [121.032802, 14.4013094]}, "properties": {"city": "Muntinlupa", "category": "covered", "osm_type": "way", "osm_id": 112134584, "name": "Mutual Homes 1&2 Court"}}, {"type": "Feature", "geometry": {"type": "Point", "coordinates": [121.0332657, 14.3992096]}, "properties": {"city": "Muntinlupa", "category": "outdoor", "osm_type": "way", "osm_id": 112134587, "name": null}}, {"type": "Feature", "geometry": {"type": "Point", "coordinates": [121.0175776, 14.4065236]}, "properties": {"city": "Muntinlupa", "category": "outdoor", "osm_type": "way", "osm_id": 112134589, "name": null}}, {"type": "Feature", "geometry": {"type": "Point", "coordinates": [121.01776, 14.40652]}, "properties": {"city": "Muntinlupa", "category": "outdoor", "osm_type": "way", "osm_id": 112134599, "name": null}}, {"type": "Feature", "geometry": {"type": "Point", "coordinates": [121.0466647, 14.4271677]}, "properties": {"city": "Muntinlupa", "category": "outdoor", "osm_type": "way", "osm_id": 127468144, "name": null}}, {"type": "Feature", "geometry": {"type": "Point", "coordinates": [121.0256546, 14.3910099]}, "properties": {"city": "Muntinlupa", "category": "outdoor", "osm_type": "way", "osm_id": 128213802, "name": "South Green Heights Basketball Court"}}, {"type": "Feature", "geometry": {"type": "Point", "coordinates": [121.0527008, 14.3831095]}, "properties": {"city": "Muntinlupa", "category": "covered", "osm_type": "way", "osm_id": 137620690, "name": "Muntinlupa Sports Center"}}, {"type": "Feature", "geometry": {"type": "Point", "coordinates": [121.0442694, 14.374558]}, "properties": {"city": "Muntinlupa", "category": "outdoor", "osm_type": "way", "osm_id": 137620693, "name": "Parkhomes Covered Court"}}, {"type": "Feature", "geometry": {"type": "Point", "coordinates": [121.0428031, 14.3722869]}, "properties": {"city": "Muntinlupa", "category": "outdoor", "osm_type": "way", "osm_id": 137620694, "name": null}}, {"type": "Feature", "geometry": {"type": "Point", "coordinates": [121.0467133, 14.3695529]}, "properties": {"city": "Muntinlupa", "category": "outdoor", "osm_type": "way", "osm_id": 137620696, "name": "Villa Carolina I Covered Court"}}, {"type": "Feature", "geometry": {"type": "Point", "coordinates": [121.0502262, 14.3965618]}, "properties": {"city": "Muntinlupa", "category": "outdoor", "osm_type": "way", "osm_id": 158976908, "name": null}}, {"type": "Feature", "geometry": {"type": "Point", "coordinates": [121.0435499, 14.3964554]}, "properties": {"city": "Muntinlupa", "category": "outdoor", "osm_type": "way", "osm_id": 164774992, "name": "Bliss Covered Court"}}, {"type": "Feature", "geometry": {"type": "Point", "coordinates": [121.0346365, 14.397163]}, "properties": {"city": "Muntinlupa", "category": "outdoor", "osm_type": "way", "osm_id": 165564218, "name": null}}, {"type": "Feature", "geometry": {"type": "Point", "coordinates": [121.0369542, 14.3928614]}, "properties": {"city": "Muntinlupa", "category": "outdoor", "osm_type": "way", "osm_id": 165564219, "name": "Camella Homes Alabang 4 Phase B Basketball Court"}}, {"type": "Feature", "geometry": {"type": "Point", "coordinates": [121.0331685, 14.4081024]}, "properties": {"city": "Muntinlupa", "category": "outdoor", "osm_type": "way", "osm_id": 165564220, "name": null}}, {"type": "Feature", "geometry": {"type": "Point", "coordinates": [121.0522912, 14.3839832]}, "properties": {"city": "Muntinlupa", "category": "covered", "osm_type": "way", "osm_id": 169874112, "name": null}}, {"type": "Feature", "geometry": {"type": "Point", "coordinates": [121.0513014, 14.4109787]}, "properties": {"city": "Muntinlupa", "category": "outdoor", "osm_type": "way", "osm_id": 218550752, "name": "Multipurpose Covered Court (Bayanan Baywalk)"}}, {"type": "Feature", "geometry": {"type": "Point", "coordinates": [121.0350819, 14.3808998]}, "properties": {"city": "Muntinlupa", "category": "outdoor", "osm_type": "way", "osm_id": 264448353, "name": null}}, {"type": "Feature", "geometry": {"type": "Point", "coordinates": [121.0466965, 14.374605]}, "properties": {"city": "Muntinlupa", "category": "outdoor", "osm_type": "way", "osm_id": 280521804, "name": null}}, {"type": "Feature", "geometry": {"type": "Point", "coordinates": [121.0515999, 14.4427865]}, "properties": {"city": "Muntinlupa", "category": "covered", "osm_type": "way", "osm_id": 285219626, "name": "Buli Covered Court"}}, {"type": "Feature", "geometry": {"type": "Point", "coordinates": [121.0497194, 14.4385237]}, "properties": {"city": "Muntinlupa", "category": "outdoor", "osm_type": "way", "osm_id": 285221520, "name": "Bgy. Cupang Basketball Court"}}, {"type": "Feature", "geometry": {"type": "Point", "coordinates": [121.0494417, 14.430378]}, "properties": {"city": "Muntinlupa", "category": "covered", "osm_type": "way", "osm_id": 285226145, "name": null}}, {"type": "Feature", "geometry": {"type": "Point", "coordinates": [121.0486267, 14.4604495]}, "properties": {"city": "Muntinlupa", "category": "outdoor", "osm_type": "way", "osm_id": 285354832, "name": null}}, {"type": "Feature", "geometry": {"type": "Point", "coordinates": [121.051844, 14.4168969]}, "properties": {"city": "Muntinlupa", "category": "covered", "osm_type": "way", "osm_id": 286017766, "name": null}}, {"type": "Feature", "geometry": {"type": "Point", "coordinates": [121.0482279, 14.4434295]}, "properties": {"city": "Muntinlupa", "category": "covered", "osm_type": "way", "osm_id": 286204410, "name": null}}, {"type": "Feature", "geometry": {"type": "Point", "coordinates": [121.0529431, 14.4575213]}, "properties": {"city": "Muntinlupa", "category": "covered", "osm_type": "way", "osm_id": 286206425, "name": null}}, {"type": "Feature", "geometry": {"type": "Point", "coordinates": [121.0533774, 14.4626735]}, "properties": {"city": "Muntinlupa", "category": "outdoor", "osm_type": "way", "osm_id": 286209763, "name": "Do\u00f1a Rosario Bayview Covered Court"}}, {"type": "Feature", "geometry": {"type": "Point", "coordinates": [121.0500591, 14.3944721]}, "properties": {"city": "Muntinlupa", "category": "covered", "osm_type": "way", "osm_id": 287651486, "name": null}}, {"type": "Feature", "geometry": {"type": "Point", "coordinates": [121.0329716, 14.4344854]}, "properties": {"city": "Muntinlupa", "category": "outdoor", "osm_type": "way", "osm_id": 307869072, "name": "Covered Basketball Court"}}, {"type": "Feature", "geometry": {"type": "Point", "coordinates": [121.0258409, 14.4298518]}, "properties": {"city": "Muntinlupa", "category": "outdoor", "osm_type": "way", "osm_id": 311492494, "name": "Tierra Nueva Basketball Court"}}, {"type": "Feature", "geometry": {"type": "Point", "coordinates": [121.042091, 14.4400549]}, "properties": {"city": "Muntinlupa", "category": "outdoor", "osm_type": "way", "osm_id": 358841959, "name": "INHOAS Basketball Court"}}, {"type": "Feature", "geometry": {"type": "Point", "coordinates": [121.0248357, 14.3786005]}, "properties": {"city": "Muntinlupa", "category": "outdoor", "osm_type": "way", "osm_id": 362775924, "name": null}}, {"type": "Feature", "geometry": {"type": "Point", "coordinates": [121.040093, 14.425127]}, "properties": {"city": "Muntinlupa", "category": "outdoor", "osm_type": "way", "osm_id": 368403877, "name": null}}, {"type": "Feature", "geometry": {"type": "Point", "coordinates": [121.0442174, 14.4113357]}, "properties": {"city": "Muntinlupa", "category": "covered", "osm_type": "way", "osm_id": 373804977, "name": null}}, {"type": "Feature", "geometry": {"type": "Point", "coordinates": [121.0403343, 14.3979238]}, "properties": {"city": "Muntinlupa", "category": "outdoor", "osm_type": "way", "osm_id": 398930712, "name": "Tophill Basketball Court"}}, {"type": "Feature", "geometry": {"type": "Point", "coordinates": [121.0286411, 14.3811935]}, "properties": {"city": "Muntinlupa", "category": "outdoor", "osm_type": "way", "osm_id": 405836058, "name": null}}, {"type": "Feature", "geometry": {"type": "Point", "coordinates": [121.0143882, 14.3624531]}, "properties": {"city": "Muntinlupa", "category": "covered", "osm_type": "way", "osm_id": 440493419, "name": "JRF Multipurpose Covered Court"}}, {"type": "Feature", "geometry": {"type": "Point", "coordinates": [121.0157088, 14.3643761]}, "properties": {"city": "Muntinlupa", "category": "outdoor", "osm_type": "way", "osm_id": 469937178, "name": null}}, {"type": "Feature", "geometry": {"type": "Point", "coordinates": [121.0331314, 14.4295896]}, "properties": {"city": "Muntinlupa", "category": "outdoor", "osm_type": "way", "osm_id": 481806546, "name": null}}, {"type": "Feature", "geometry": {"type": "Point", "coordinates": [121.0360239, 14.4294721]}, "properties": {"city": "Muntinlupa", "category": "outdoor", "osm_type": "way", "osm_id": 486684774, "name": "Alabang Hills Phase 1 Basketball Court"}}, {"type": "Feature", "geometry": {"type": "Point", "coordinates": [121.0378956, 14.4035718]}, "properties": {"city": "Muntinlupa", "category": "outdoor", "osm_type": "way", "osm_id": 487362057, "name": "Camella Homes 2D Basketball Court"}}, {"type": "Feature", "geometry": {"type": "Point", "coordinates": [121.0360995, 14.4044912]}, "properties": {"city": "Muntinlupa", "category": "outdoor", "osm_type": "way", "osm_id": 487381066, "name": "Camella Homes 2 Basketball Court"}}, {"type": "Feature", "geometry": {"type": "Point", "coordinates": [121.0356635, 14.4059195]}, "properties": {"city": "Muntinlupa", "category": "outdoor", "osm_type": "way", "osm_id": 487381067, "name": "JRF Covered Court (Camella Homes 2D)"}}, {"type": "Feature", "geometry": {"type": "Point", "coordinates": [121.0140983, 14.3643391]}, "properties": {"city": "Muntinlupa", "category": "covered", "osm_type": "way", "osm_id": 505969941, "name": null}}, {"type": "Feature", "geometry": {"type": "Point", "coordinates": [121.0468347, 14.3948673]}, "properties": {"city": "Muntinlupa", "category": "covered", "osm_type": "way", "osm_id": 505987373, "name": "Bruger Basketball Court"}}, {"type": "Feature", "geometry": {"type": "Point", "coordinates": [121.0196357, 14.3869182]}, "properties": {"city": "Muntinlupa", "category": "outdoor", "osm_type": "way", "osm_id": 506001804, "name": "JRF Covered Court - Katarungan Village"}}, {"type": "Feature", "geometry": {"type": "Point", "coordinates": [121.0248807, 14.3891981]}, "properties": {"city": "Muntinlupa", "category": "outdoor", "osm_type": "way", "osm_id": 551897869, "name": null}}, {"type": "Feature", "geometry": {"type": "Point", "coordinates": [121.0141732, 14.3809831]}, "properties": {"city": "Muntinlupa", "category": "outdoor", "osm_type": "way", "osm_id": 555016105, "name": null}}, {"type": "Feature", "geometry": {"type": "Point", "coordinates": [121.0468831, 14.4409577]}, "properties": {"city": "Muntinlupa", "category": "outdoor", "osm_type": "way", "osm_id": 555076810, "name": null}}, {"type": "Feature", "geometry": {"type": "Point", "coordinates": [121.0483507, 14.4430617]}, "properties": {"city": "Muntinlupa", "category": "outdoor", "osm_type": "way", "osm_id": 556719990, "name": null}}, {"type": "Feature", "geometry": {"type": "Point", "coordinates": [121.0424863, 14.3984626]}, "properties": {"city": "Muntinlupa", "category": "outdoor", "osm_type": "way", "osm_id": 556874850, "name": null}}, {"type": "Feature", "geometry": {"type": "Point", "coordinates": [121.0126492, 14.3658993]}, "properties": {"city": "Muntinlupa", "category": "outdoor", "osm_type": "way", "osm_id": 574643232, "name": null}}, {"type": "Feature", "geometry": {"type": "Point", "coordinates": [121.0110109, 14.3600774]}, "properties": {"city": "Muntinlupa", "category": "covered", "osm_type": "way", "osm_id": 574644875, "name": null}}, {"type": "Feature", "geometry": {"type": "Point", "coordinates": [121.0314397, 14.4401524]}, "properties": {"city": "Muntinlupa", "category": "outdoor", "osm_type": "way", "osm_id": 575059761, "name": null}}, {"type": "Feature", "geometry": {"type": "Point", "coordinates": [121.0313448, 14.386443]}, "properties": {"city": "Muntinlupa", "category": "covered", "osm_type": "way", "osm_id": 575813386, "name": null}}, {"type": "Feature", "geometry": {"type": "Point", "coordinates": [121.0289653, 14.3866723]}, "properties": {"city": "Muntinlupa", "category": "outdoor", "osm_type": "way", "osm_id": 575813393, "name": null}}, {"type": "Feature", "geometry": {"type": "Point", "coordinates": [121.0546769, 14.4670506]}, "properties": {"city": "Muntinlupa", "category": "outdoor", "osm_type": "way", "osm_id": 579852200, "name": null}}, {"type": "Feature", "geometry": {"type": "Point", "coordinates": [121.0489472, 14.4614704]}, "properties": {"city": "Muntinlupa", "category": "outdoor", "osm_type": "way", "osm_id": 598383827, "name": null}}, {"type": "Feature", "geometry": {"type": "Point", "coordinates": [121.0538615, 14.4567209]}, "properties": {"city": "Muntinlupa", "category": "covered", "osm_type": "way", "osm_id": 598386669, "name": "Sucat Covered Court"}}, {"type": "Feature", "geometry": {"type": "Point", "coordinates": [121.042277, 14.4517472]}, "properties": {"city": "Muntinlupa", "category": "outdoor", "osm_type": "way", "osm_id": 598991181, "name": null}}, {"type": "Feature", "geometry": {"type": "Point", "coordinates": [121.0357003, 14.3998987]}, "properties": {"city": "Muntinlupa", "category": "covered", "osm_type": "way", "osm_id": 599315802, "name": null}}, {"type": "Feature", "geometry": {"type": "Point", "coordinates": [121.0432628, 14.4298458]}, "properties": {"city": "Muntinlupa", "category": "outdoor", "osm_type": "way", "osm_id": 600383025, "name": null}}, {"type": "Feature", "geometry": {"type": "Point", "coordinates": [121.0479999, 14.4302289]}, "properties": {"city": "Muntinlupa", "category": "outdoor", "osm_type": "way", "osm_id": 656680714, "name": null}}, {"type": "Feature", "geometry": {"type": "Point", "coordinates": [121.0202661, 14.4099056]}, "properties": {"city": "Muntinlupa", "category": "outdoor", "osm_type": "way", "osm_id": 673824104, "name": "Open Court"}}, {"type": "Feature", "geometry": {"type": "Point", "coordinates": [121.0481602, 14.3872434]}, "properties": {"city": "Muntinlupa", "category": "covered", "osm_type": "way", "osm_id": 753773443, "name": "Laguerta Multipurpose Court"}}, {"type": "Feature", "geometry": {"type": "Point", "coordinates": [121.0274673, 14.3839394]}, "properties": {"city": "Muntinlupa", "category": "outdoor", "osm_type": "way", "osm_id": 757783918, "name": "Basketball Court (San Jose Rd.)"}}, {"type": "Feature", "geometry": {"type": "Point", "coordinates": [121.0260969, 14.3843742]}, "properties": {"city": "Muntinlupa", "category": "outdoor", "osm_type": "way", "osm_id": 757783919, "name": "Basketball Court (New Compound)"}}, {"type": "Feature", "geometry": {"type": "Point", "coordinates": [121.0481937, 14.3949591]}, "properties": {"city": "Muntinlupa", "category": "covered", "osm_type": "way", "osm_id": 784149734, "name": "Barangay Putatan Covered Court"}}, {"type": "Feature", "geometry": {"type": "Point", "coordinates": [121.0473206, 14.4049377]}, "properties": {"city": "Muntinlupa", "category": "outdoor", "osm_type": "way", "osm_id": 784680697, "name": null}}, {"type": "Feature", "geometry": {"type": "Point", "coordinates": [121.0250043, 14.3849628]}, "properties": {"city": "Muntinlupa", "category": "outdoor", "osm_type": "way", "osm_id": 786352712, "name": "KVHAI Covered Court"}}, {"type": "Feature", "geometry": {"type": "Point", "coordinates": [121.0304136, 14.3865897]}, "properties": {"city": "Muntinlupa", "category": "outdoor", "osm_type": "way", "osm_id": 786352713, "name": "Teacher's Village Basketball Court"}}, {"type": "Feature", "geometry": {"type": "Point", "coordinates": [121.0452541, 14.3894788]}, "properties": {"city": "Muntinlupa", "category": "outdoor", "osm_type": "way", "osm_id": 796406599, "name": "Our Lady of Abandoned Basketball Court"}}, {"type": "Feature", "geometry": {"type": "Point", "coordinates": [121.0440574, 14.3882497]}, "properties": {"city": "Muntinlupa", "category": "covered", "osm_type": "way", "osm_id": 886766446, "name": null}}, {"type": "Feature", "geometry": {"type": "Point", "coordinates": [121.0436446, 14.4014136]}, "properties": {"city": "Muntinlupa", "category": "covered", "osm_type": "way", "osm_id": 886776566, "name": null}}, {"type": "Feature", "geometry": {"type": "Point", "coordinates": [121.0240865, 14.3729668]}, "properties": {"city": "Muntinlupa", "category": "covered", "osm_type": "way", "osm_id": 886942979, "name": null}}, {"type": "Feature", "geometry": {"type": "Point", "coordinates": [121.0240808, 14.3737697]}, "properties": {"city": "Muntinlupa", "category": "covered", "osm_type": "way", "osm_id": 886942986, "name": "Sourthville P1 Covered Court"}}, {"type": "Feature", "geometry": {"type": "Point", "coordinates": [121.0453038, 14.4071374]}, "properties": {"city": "Muntinlupa", "category": "covered", "osm_type": "way", "osm_id": 887048075, "name": null}}, {"type": "Feature", "geometry": {"type": "Point", "coordinates": [121.0255357, 14.4325597]}, "properties": {"city": "Muntinlupa", "category": "outdoor", "osm_type": "way", "osm_id": 891245389, "name": null}}, {"type": "Feature", "geometry": {"type": "Point", "coordinates": [121.0269301, 14.3824686]}, "properties": {"city": "Muntinlupa", "category": "outdoor", "osm_type": "way", "osm_id": 938648607, "name": null}}, {"type": "Feature", "geometry": {"type": "Point", "coordinates": [121.0374527, 14.3907407]}, "properties": {"city": "Muntinlupa", "category": "outdoor", "osm_type": "way", "osm_id": 961880961, "name": "Camella Homes 4 Basketball Court"}}, {"type": "Feature", "geometry": {"type": "Point", "coordinates": [121.0471268, 14.3878867]}, "properties": {"city": "Muntinlupa", "category": "covered", "osm_type": "way", "osm_id": 996829065, "name": null}}, {"type": "Feature", "geometry": {"type": "Point", "coordinates": [121.0417142, 14.3918746]}, "properties": {"city": "Muntinlupa", "category": "covered", "osm_type": "way", "osm_id": 996840591, "name": "Covered Court"}}, {"type": "Feature", "geometry": {"type": "Point", "coordinates": [121.0203865, 14.3691556]}, "properties": {"city": "Muntinlupa", "category": "covered", "osm_type": "way", "osm_id": 1075352907, "name": null}}, {"type": "Feature", "geometry": {"type": "Point", "coordinates": [121.0215467, 14.3845155]}, "properties": {"city": "Muntinlupa", "category": "outdoor", "osm_type": "way", "osm_id": 1078727738, "name": "KVHAI Outdoor Basketball Court"}}, {"type": "Feature", "geometry": {"type": "Point", "coordinates": [121.0435208, 14.4090396]}, "properties": {"city": "Muntinlupa", "category": "outdoor", "osm_type": "way", "osm_id": 1105553583, "name": null}}, {"type": "Feature", "geometry": {"type": "Point", "coordinates": [121.0132331, 14.3682104]}, "properties": {"city": "Muntinlupa", "category": "outdoor", "osm_type": "way", "osm_id": 1193309902, "name": null}}, {"type": "Feature", "geometry": {"type": "Point", "coordinates": [121.0480761, 14.3979156]}, "properties": {"city": "Muntinlupa", "category": "outdoor", "osm_type": "way", "osm_id": 1204193533, "name": null}}, {"type": "Feature", "geometry": {"type": "Point", "coordinates": [121.0374525, 14.3949735]}, "properties": {"city": "Muntinlupa", "category": "outdoor", "osm_type": "way", "osm_id": 1240346325, "name": null}}, {"type": "Feature", "geometry": {"type": "Point", "coordinates": [121.0544519, 14.3765912]}, "properties": {"city": "Muntinlupa", "category": "outdoor", "osm_type": "way", "osm_id": 1240441989, "name": null}}, {"type": "Feature", "geometry": {"type": "Point", "coordinates": [121.0206722, 14.4116394]}, "properties": {"city": "Muntinlupa", "category": "outdoor", "osm_type": "way", "osm_id": 1350318105, "name": null}}, {"type": "Feature", "geometry": {"type": "Point", "coordinates": [121.0161059, 14.3925191]}, "properties": {"city": "Muntinlupa", "category": "outdoor", "osm_type": "way", "osm_id": 1350322965, "name": null}}, {"type": "Feature", "geometry": {"type": "Point", "coordinates": [121.0494227, 14.4164388]}, "properties": {"city": "Muntinlupa", "category": "outdoor", "osm_type": "way", "osm_id": 1522865484, "name": null}}, {"type": "Feature", "geometry": {"type": "Point", "coordinates": [121.0422643, 14.3922977]}, "properties": {"city": "Muntinlupa", "category": "covered", "osm_type": "way", "osm_id": 1528452439, "name": "Open Court"}}, {"type": "Feature", "geometry": {"type": "Point", "coordinates": [121.0469319, 14.4791779]}, "properties": {"city": "Paranaque", "category": "outdoor", "osm_type": "node", "osm_id": 6335055889, "name": null}}, {"type": "Feature", "geometry": {"type": "Point", "coordinates": [121.0464614, 14.4677226]}, "properties": {"city": "Paranaque", "category": "outdoor", "osm_type": "node", "osm_id": 6349150239, "name": null}}, {"type": "Feature", "geometry": {"type": "Point", "coordinates": [121.0205117, 14.4400222]}, "properties": {"city": "Paranaque", "category": "outdoor", "osm_type": "node", "osm_id": 11193150819, "name": "BFHEVA Basketball Court"}}, {"type": "Feature", "geometry": {"type": "Point", "coordinates": [121.0409984, 14.4628767]}, "properties": {"city": "Paranaque", "category": "outdoor", "osm_type": "node", "osm_id": 11193158262, "name": "UPS IV Covered Court"}}, {"type": "Feature", "geometry": {"type": "Point", "coordinates": [121.0410431, 14.474223]}, "properties": {"city": "Paranaque", "category": "outdoor", "osm_type": "node", "osm_id": 11193160137, "name": null}}, {"type": "Feature", "geometry": {"type": "Point", "coordinates": [121.0284218, 14.4750932]}, "properties": {"city": "Paranaque", "category": "outdoor", "osm_type": "node", "osm_id": 11758005265, "name": "Basketball Court"}}, {"type": "Feature", "geometry": {"type": "Point", "coordinates": [120.9877304, 14.5267536]}, "properties": {"city": "Paranaque", "category": "covered", "osm_type": "node", "osm_id": 12832923568, "name": "Billiards Club"}}, {"type": "Feature", "geometry": {"type": "Point", "coordinates": [120.9862398, 14.5265608]}, "properties": {"city": "Paranaque", "category": "covered", "osm_type": "node", "osm_id": 12832923572, "name": "Global City Boxing"}}, {"type": "Feature", "geometry": {"type": "Point", "coordinates": [120.9946231, 14.5000087]}, "properties": {"city": "Paranaque", "category": "covered", "osm_type": "way", "osm_id": 24059853, "name": null}}, {"type": "Feature", "geometry": {"type": "Point", "coordinates": [121.028755, 14.5010043]}, "properties": {"city": "Paranaque", "category": "outdoor", "osm_type": "way", "osm_id": 28068677, "name": null}}, {"type": "Feature", "geometry": {"type": "Point", "coordinates": [121.0186714, 14.4733359]}, "properties": {"city": "Paranaque", "category": "covered", "osm_type": "way", "osm_id": 64490401, "name": "Greenheights Basketball Court"}}, {"type": "Feature", "geometry": {"type": "Point", "coordinates": [121.027183, 14.4903773]}, "properties": {"city": "Paranaque", "category": "outdoor", "osm_type": "way", "osm_id": 92829996, "name": null}}, {"type": "Feature", "geometry": {"type": "Point", "coordinates": [121.0319698, 14.5000415]}, "properties": {"city": "Paranaque", "category": "outdoor", "osm_type": "way", "osm_id": 92830090, "name": null}}, {"type": "Feature", "geometry": {"type": "Point", "coordinates": [121.0406407, 14.4884487]}, "properties": {"city": "Paranaque", "category": "outdoor", "osm_type": "way", "osm_id": 102652802, "name": null}}, {"type": "Feature", "geometry": {"type": "Point", "coordinates": [121.0348212, 14.5060904]}, "properties": {"city": "Paranaque", "category": "outdoor", "osm_type": "way", "osm_id": 127506908, "name": null}}, {"type": "Feature", "geometry": {"type": "Point", "coordinates": [121.0340379, 14.4535782]}, "properties": {"city": "Paranaque", "category": "outdoor", "osm_type": "way", "osm_id": 136027614, "name": null}}, {"type": "Feature", "geometry": {"type": "Point", "coordinates": [121.0311669, 14.4505012]}, "properties": {"city": "Paranaque", "category": "outdoor", "osm_type": "way", "osm_id": 136029650, "name": null}}, {"type": "Feature", "geometry": {"type": "Point", "coordinates": [120.9980566, 14.481054]}, "properties": {"city": "Paranaque", "category": "outdoor", "osm_type": "way", "osm_id": 137057372, "name": null}}, {"type": "Feature", "geometry": {"type": "Point", "coordinates": [121.0096767, 14.4568291]}, "properties": {"city": "Paranaque", "category": "covered", "osm_type": "way", "osm_id": 172479153, "name": null}}, {"type": "Feature", "geometry": {"type": "Point", "coordinates": [121.0103314, 14.4602077]}, "properties": {"city": "Paranaque", "category": "outdoor", "osm_type": "way", "osm_id": 172479156, "name": null}}, {"type": "Feature", "geometry": {"type": "Point", "coordinates": [121.0126557, 14.4594191]}, "properties": {"city": "Paranaque", "category": "outdoor", "osm_type": "way", "osm_id": 172479157, "name": null}}, {"type": "Feature", "geometry": {"type": "Point", "coordinates": [121.0031432, 14.457353]}, "properties": {"city": "Paranaque", "category": "outdoor", "osm_type": "way", "osm_id": 172876937, "name": null}}, {"type": "Feature", "geometry": {"type": "Point", "coordinates": [120.9899504, 14.4959232]}, "properties": {"city": "Paranaque", "category": "covered", "osm_type": "way", "osm_id": 174882288, "name": "San Dionisio Gymnasium"}}, {"type": "Feature", "geometry": {"type": "Point", "coordinates": [121.0156147, 14.4997985]}, "properties": {"city": "Paranaque", "category": "covered", "osm_type": "way", "osm_id": 176623058, "name": "Moonwalk Covered Court"}}, {"type": "Feature", "geometry": {"type": "Point", "coordinates": [120.9819875, 14.4897876]}, "properties": {"city": "Paranaque", "category": "outdoor", "osm_type": "way", "osm_id": 188334188, "name": null}}, {"type": "Feature", "geometry": {"type": "Point", "coordinates": [121.0296694, 14.5030402]}, "properties": {"city": "Paranaque", "category": "outdoor", "osm_type": "way", "osm_id": 228177534, "name": "Continental Basketball Court"}}, {"type": "Feature", "geometry": {"type": "Point", "coordinates": [120.9964352, 14.4785797]}, "properties": {"city": "Paranaque", "category": "covered", "osm_type": "way", "osm_id": 238820591, "name": "Olivarez Sport Complex"}}, {"type": "Feature", "geometry": {"type": "Point", "coordinates": [120.9905768, 14.5028938]}, "properties": {"city": "Paranaque", "category": "covered", "osm_type": "way", "osm_id": 240096286, "name": "Don Galo Gym"}}, {"type": "Feature", "geometry": {"type": "Point", "coordinates": [120.9893172, 14.4989656]}, "properties": {"city": "Paranaque", "category": "outdoor", "osm_type": "way", "osm_id": 240099902, "name": null}}, {"type": "Feature", "geometry": {"type": "Point", "coordinates": [120.9868437, 14.5301408]}, "properties": {"city": "Paranaque", "category": "outdoor", "osm_type": "way", "osm_id": 241127247, "name": null}}, {"type": "Feature", "geometry": {"type": "Point", "coordinates": [121.0420199, 14.5008241]}, "properties": {"city": "Paranaque", "category": "outdoor", "osm_type": "way", "osm_id": 264719096, "name": null}}, {"type": "Feature", "geometry": {"type": "Point", "coordinates": [121.013301, 14.4856914]}, "properties": {"city": "Paranaque", "category": "outdoor", "osm_type": "way", "osm_id": 272561815, "name": null}}, {"type": "Feature", "geometry": {"type": "Point", "coordinates": [121.0108715, 14.462214]}, "properties": {"city": "Paranaque", "category": "covered", "osm_type": "way", "osm_id": 272982276, "name": null}}, {"type": "Feature", "geometry": {"type": "Point", "coordinates": [121.0334075, 14.4636365]}, "properties": {"city": "Paranaque", "category": "outdoor", "osm_type": "way", "osm_id": 276458154, "name": null}}, {"type": "Feature", "geometry": {"type": "Point", "coordinates": [121.040729, 14.4863213]}, "properties": {"city": "Paranaque", "category": "outdoor", "osm_type": "way", "osm_id": 276458155, "name": null}}, {"type": "Feature", "geometry": {"type": "Point", "coordinates": [121.0062861, 14.508115]}, "properties": {"city": "Paranaque", "category": "covered", "osm_type": "way", "osm_id": 278042401, "name": null}}, {"type": "Feature", "geometry": {"type": "Point", "coordinates": [121.0140776, 14.4917183]}, "properties": {"city": "Paranaque", "category": "outdoor", "osm_type": "way", "osm_id": 296044129, "name": "San Agustin Covered Court"}}, {"type": "Feature", "geometry": {"type": "Point", "coordinates": [121.0100375, 14.4957734]}, "properties": {"city": "Paranaque", "category": "covered", "osm_type": "way", "osm_id": 296120704, "name": "ROMVI Basketball Court"}}, {"type": "Feature", "geometry": {"type": "Point", "coordinates": [121.019958, 14.4428768]}, "properties": {"city": "Paranaque", "category": "outdoor", "osm_type": "way", "osm_id": 301409412, "name": "NSHA Covered Courts"}}, {"type": "Feature", "geometry": {"type": "Point", "coordinates": [121.0250519, 14.4392325]}, "properties": {"city": "Paranaque", "category": "covered", "osm_type": "way", "osm_id": 307875766, "name": "Old Gymnasium"}}, {"type": "Feature", "geometry": {"type": "Point", "coordinates": [120.9951724, 14.5035071]}, "properties": {"city": "Paranaque", "category": "covered", "osm_type": "way", "osm_id": 308988675, "name": null}}, {"type": "Feature", "geometry": {"type": "Point", "coordinates": [121.0231136, 14.4701413]}, "properties": {"city": "Paranaque", "category": "covered", "osm_type": "way", "osm_id": 311105499, "name": null}}, {"type": "Feature", "geometry": {"type": "Point", "coordinates": [121.0182983, 14.4603709]}, "properties": {"city": "Paranaque", "category": "covered", "osm_type": "way", "osm_id": 311349235, "name": null}}, {"type": "Feature", "geometry": {"type": "Point", "coordinates": [121.0117072, 14.4590634]}, "properties": {"city": "Paranaque", "category": "covered", "osm_type": "way", "osm_id": 311349266, "name": null}}, {"type": "Feature", "geometry": {"type": "Point", "coordinates": [121.0258802, 14.4690041]}, "properties": {"city": "Paranaque", "category": "covered", "osm_type": "way", "osm_id": 311364478, "name": null}}, {"type": "Feature", "geometry": {"type": "Point", "coordinates": [121.0407876, 14.4765232]}, "properties": {"city": "Paranaque", "category": "covered", "osm_type": "way", "osm_id": 312047896, "name": null}}, {"type": "Feature", "geometry": {"type": "Point", "coordinates": [121.0104599, 14.4755136]}, "properties": {"city": "Paranaque", "category": "covered", "osm_type": "way", "osm_id": 315403392, "name": null}}, {"type": "Feature", "geometry": {"type": "Point", "coordinates": [121.0111809, 14.4561591]}, "properties": {"city": "Paranaque", "category": "covered", "osm_type": "way", "osm_id": 321069139, "name": null}}, {"type": "Feature", "geometry": {"type": "Point", "coordinates": [121.0372641, 14.467697]}, "properties": {"city": "Paranaque", "category": "outdoor", "osm_type": "way", "osm_id": 328516758, "name": "Severina Diamond Basketball Court"}}, {"type": "Feature", "geometry": {"type": "Point", "coordinates": [121.025032, 14.4389157]}, "properties": {"city": "Paranaque", "category": "covered", "osm_type": "way", "osm_id": 329241878, "name": "New Gymnasium"}}, {"type": "Feature", "geometry": {"type": "Point", "coordinates": [121.0075429, 14.5087441]}, "properties": {"city": "Paranaque", "category": "covered", "osm_type": "way", "osm_id": 396360903, "name": null}}, {"type": "Feature", "geometry": {"type": "Point", "coordinates": [120.9890607, 14.4971395]}, "properties": {"city": "Paranaque", "category": "outdoor", "osm_type": "way", "osm_id": 397227352, "name": null}}, {"type": "Feature", "geometry": {"type": "Point", "coordinates": [121.0063124, 14.4903761]}, "properties": {"city": "Paranaque", "category": "covered", "osm_type": "way", "osm_id": 397833805, "name": "Multi Covered Court"}}, {"type": "Feature", "geometry": {"type": "Point", "coordinates": [120.9957323, 14.5059777]}, "properties": {"city": "Paranaque", "category": "outdoor", "osm_type": "way", "osm_id": 423377021, "name": null}}, {"type": "Feature", "geometry": {"type": "Point", "coordinates": [121.0383732, 14.4737913]}, "properties": {"city": "Paranaque", "category": "outdoor", "osm_type": "way", "osm_id": 439989362, "name": null}}, {"type": "Feature", "geometry": {"type": "Point", "coordinates": [121.0310499, 14.502403]}, "properties": {"city": "Paranaque", "category": "outdoor", "osm_type": "way", "osm_id": 439997437, "name": null}}, {"type": "Feature", "geometry": {"type": "Point", "coordinates": [121.0193421, 14.4703083]}, "properties": {"city": "Paranaque", "category": "covered", "osm_type": "way", "osm_id": 471877148, "name": "Circon Basketball Court"}}, {"type": "Feature", "geometry": {"type": "Point", "coordinates": [121.0227341, 14.4665702]}, "properties": {"city": "Paranaque", "category": "covered", "osm_type": "way", "osm_id": 486145175, "name": "Golezium Court"}}, {"type": "Feature", "geometry": {"type": "Point", "coordinates": [121.0014993, 14.4790285]}, "properties": {"city": "Paranaque", "category": "outdoor", "osm_type": "way", "osm_id": 503642428, "name": null}}, {"type": "Feature", "geometry": {"type": "Point", "coordinates": [121.0276189, 14.4949532]}, "properties": {"city": "Paranaque", "category": "outdoor", "osm_type": "way", "osm_id": 505961847, "name": null}}, {"type": "Feature", "geometry": {"type": "Point", "coordinates": [121.0286363, 14.4952895]}, "properties": {"city": "Paranaque", "category": "outdoor", "osm_type": "way", "osm_id": 505961947, "name": null}}, {"type": "Feature", "geometry": {"type": "Point", "coordinates": [121.0269166, 14.4956451]}, "properties": {"city": "Paranaque", "category": "covered", "osm_type": "way", "osm_id": 505964485, "name": null}}, {"type": "Feature", "geometry": {"type": "Point", "coordinates": [121.0069406, 14.4640036]}, "properties": {"city": "Paranaque", "category": "covered", "osm_type": "way", "osm_id": 505966175, "name": "San Antonio Valley 14 Covered Court"}}, {"type": "Feature", "geometry": {"type": "Point", "coordinates": [121.0284802, 14.4978118]}, "properties": {"city": "Paranaque", "category": "covered", "osm_type": "way", "osm_id": 505970336, "name": null}}, {"type": "Feature", "geometry": {"type": "Point", "coordinates": [120.9954656, 14.5010756]}, "properties": {"city": "Paranaque", "category": "outdoor", "osm_type": "way", "osm_id": 506000320, "name": null}}, {"type": "Feature", "geometry": {"type": "Point", "coordinates": [121.040582, 14.4689794]}, "properties": {"city": "Paranaque", "category": "covered", "osm_type": "way", "osm_id": 506004730, "name": null}}, {"type": "Feature", "geometry": {"type": "Point", "coordinates": [121.0020033, 14.4645462]}, "properties": {"city": "Paranaque", "category": "covered", "osm_type": "way", "osm_id": 506009434, "name": "SAV 6 Covered Court"}}, {"type": "Feature", "geometry": {"type": "Point", "coordinates": [121.0399351, 14.488976]}, "properties": {"city": "Paranaque", "category": "covered", "osm_type": "way", "osm_id": 506208024, "name": null}}, {"type": "Feature", "geometry": {"type": "Point", "coordinates": [121.0130638, 14.4811678]}, "properties": {"city": "Paranaque", "category": "outdoor", "osm_type": "way", "osm_id": 513079293, "name": null}}, {"type": "Feature", "geometry": {"type": "Point", "coordinates": [121.0150261, 14.4830647]}, "properties": {"city": "Paranaque", "category": "outdoor", "osm_type": "way", "osm_id": 513079294, "name": null}}, {"type": "Feature", "geometry": {"type": "Point", "coordinates": [121.0358249, 14.4803193]}, "properties": {"city": "Paranaque", "category": "outdoor", "osm_type": "way", "osm_id": 544371133, "name": null}}, {"type": "Feature", "geometry": {"type": "Point", "coordinates": [121.0139777, 14.4957932]}, "properties": {"city": "Paranaque", "category": "covered", "osm_type": "way", "osm_id": 552992407, "name": null}}, {"type": "Feature", "geometry": {"type": "Point", "coordinates": [121.0387548, 14.4653073]}, "properties": {"city": "Paranaque", "category": "outdoor", "osm_type": "way", "osm_id": 553571682, "name": null}}, {"type": "Feature", "geometry": {"type": "Point", "coordinates": [121.0421147, 14.4642415]}, "properties": {"city": "Paranaque", "category": "covered", "osm_type": "way", "osm_id": 553571688, "name": null}}, {"type": "Feature", "geometry": {"type": "Point", "coordinates": [121.0430403, 14.4637165]}, "properties": {"city": "Paranaque", "category": "outdoor", "osm_type": "way", "osm_id": 553571733, "name": null}}, {"type": "Feature", "geometry": {"type": "Point", "coordinates": [121.0316735, 14.465587]}, "properties": {"city": "Paranaque", "category": "covered", "osm_type": "way", "osm_id": 553651208, "name": null}}, {"type": "Feature", "geometry": {"type": "Point", "coordinates": [121.0384869, 14.4607667]}, "properties": {"city": "Paranaque", "category": "covered", "osm_type": "way", "osm_id": 553651216, "name": null}}, {"type": "Feature", "geometry": {"type": "Point", "coordinates": [121.03867, 14.4597554]}, "properties": {"city": "Paranaque", "category": "covered", "osm_type": "way", "osm_id": 553651217, "name": null}}, {"type": "Feature", "geometry": {"type": "Point", "coordinates": [121.0337363, 14.4690427]}, "properties": {"city": "Paranaque", "category": "outdoor", "osm_type": "way", "osm_id": 553651252, "name": null}}, {"type": "Feature", "geometry": {"type": "Point", "coordinates": [121.031571, 14.4680324]}, "properties": {"city": "Paranaque", "category": "covered", "osm_type": "way", "osm_id": 553651254, "name": null}}, {"type": "Feature", "geometry": {"type": "Point", "coordinates": [121.0369432, 14.4594031]}, "properties": {"city": "Paranaque", "category": "covered", "osm_type": "way", "osm_id": 553651341, "name": "Garcia Heights Gymnasium"}}, {"type": "Feature", "geometry": {"type": "Point", "coordinates": [121.034913, 14.4599248]}, "properties": {"city": "Paranaque", "category": "covered", "osm_type": "way", "osm_id": 553651369, "name": null}}, {"type": "Feature", "geometry": {"type": "Point", "coordinates": [121.0389541, 14.4610548]}, "properties": {"city": "Paranaque", "category": "covered", "osm_type": "way", "osm_id": 553651372, "name": null}}, {"type": "Feature", "geometry": {"type": "Point", "coordinates": [121.0264729, 14.4968318]}, "properties": {"city": "Paranaque", "category": "outdoor", "osm_type": "way", "osm_id": 553904379, "name": null}}, {"type": "Feature", "geometry": {"type": "Point", "coordinates": [121.0251942, 14.4968547]}, "properties": {"city": "Paranaque", "category": "outdoor", "osm_type": "way", "osm_id": 553908151, "name": null}}, {"type": "Feature", "geometry": {"type": "Point", "coordinates": [121.0240409, 14.495458]}, "properties": {"city": "Paranaque", "category": "outdoor", "osm_type": "way", "osm_id": 553908152, "name": null}}, {"type": "Feature", "geometry": {"type": "Point", "coordinates": [121.0213148, 14.4890995]}, "properties": {"city": "Paranaque", "category": "outdoor", "osm_type": "way", "osm_id": 553965754, "name": null}}, {"type": "Feature", "geometry": {"type": "Point", "coordinates": [121.023097, 14.4822986]}, "properties": {"city": "Paranaque", "category": "outdoor", "osm_type": "way", "osm_id": 554045829, "name": null}}, {"type": "Feature", "geometry": {"type": "Point", "coordinates": [121.0200059, 14.4884024]}, "properties": {"city": "Paranaque", "category": "covered", "osm_type": "way", "osm_id": 554045836, "name": null}}, {"type": "Feature", "geometry": {"type": "Point", "coordinates": [121.0194163, 14.4994267]}, "properties": {"city": "Paranaque", "category": "outdoor", "osm_type": "way", "osm_id": 554045897, "name": null}}, {"type": "Feature", "geometry": {"type": "Point", "coordinates": [121.0220322, 14.4916409]}, "properties": {"city": "Paranaque", "category": "outdoor", "osm_type": "way", "osm_id": 554045914, "name": "Guadalajara Basketball court"}}, {"type": "Feature", "geometry": {"type": "Point", "coordinates": [121.0238139, 14.4998784]}, "properties": {"city": "Paranaque", "category": "outdoor", "osm_type": "way", "osm_id": 554045935, "name": null}}, {"type": "Feature", "geometry": {"type": "Point", "coordinates": [121.0146572, 14.4964098]}, "properties": {"city": "Paranaque", "category": "outdoor", "osm_type": "way", "osm_id": 554171020, "name": null}}, {"type": "Feature", "geometry": {"type": "Point", "coordinates": [121.0152277, 14.4956276]}, "properties": {"city": "Paranaque", "category": "outdoor", "osm_type": "way", "osm_id": 554186847, "name": null}}, {"type": "Feature", "geometry": {"type": "Point", "coordinates": [121.0368195, 14.4953978]}, "properties": {"city": "Paranaque", "category": "outdoor", "osm_type": "way", "osm_id": 554773170, "name": "Culdesac Golezeum basketball court"}}, {"type": "Feature", "geometry": {"type": "Point", "coordinates": [121.0206367, 14.4914621]}, "properties": {"city": "Paranaque", "category": "outdoor", "osm_type": "way", "osm_id": 554909785, "name": null}}, {"type": "Feature", "geometry": {"type": "Point", "coordinates": [121.0397417, 14.4828735]}, "properties": {"city": "Paranaque", "category": "outdoor", "osm_type": "way", "osm_id": 555338705, "name": null}}, {"type": "Feature", "geometry": {"type": "Point", "coordinates": [121.0423899, 14.4797915]}, "properties": {"city": "Paranaque", "category": "outdoor", "osm_type": "way", "osm_id": 555338722, "name": null}}, {"type": "Feature", "geometry": {"type": "Point", "coordinates": [121.0304105, 14.5007063]}, "properties": {"city": "Paranaque", "category": "outdoor", "osm_type": "way", "osm_id": 562645786, "name": null}}, {"type": "Feature", "geometry": {"type": "Point", "coordinates": [121.0185782, 14.5004223]}, "properties": {"city": "Paranaque", "category": "outdoor", "osm_type": "way", "osm_id": 564729015, "name": null}}, {"type": "Feature", "geometry": {"type": "Point", "coordinates": [121.0172153, 14.5022113]}, "properties": {"city": "Paranaque", "category": "outdoor", "osm_type": "way", "osm_id": 564729018, "name": null}}, {"type": "Feature", "geometry": {"type": "Point", "coordinates": [121.017569, 14.4934608]}, "properties": {"city": "Paranaque", "category": "outdoor", "osm_type": "way", "osm_id": 564761410, "name": null}}, {"type": "Feature", "geometry": {"type": "Point", "coordinates": [121.0180955, 14.4883831]}, "properties": {"city": "Paranaque", "category": "covered", "osm_type": "way", "osm_id": 569333483, "name": "Triple S Golizeum"}}, {"type": "Feature", "geometry": {"type": "Point", "coordinates": [121.027564, 14.4721602]}, "properties": {"city": "Paranaque", "category": "outdoor", "osm_type": "way", "osm_id": 575286688, "name": null}}, {"type": "Feature", "geometry": {"type": "Point", "coordinates": [121.0272959, 14.4723198]}, "properties": {"city": "Paranaque", "category": "covered", "osm_type": "way", "osm_id": 575286690, "name": null}}, {"type": "Feature", "geometry": {"type": "Point", "coordinates": [121.0258672, 14.474247]}, "properties": {"city": "Paranaque", "category": "covered", "osm_type": "way", "osm_id": 575290384, "name": "Malacanang Park Basketball Court"}}, {"type": "Feature", "geometry": {"type": "Point", "coordinates": [121.0286093, 14.4743884]}, "properties": {"city": "Paranaque", "category": "covered", "osm_type": "way", "osm_id": 575290386, "name": null}}, {"type": "Feature", "geometry": {"type": "Point", "coordinates": [121.0237018, 14.4787591]}, "properties": {"city": "Paranaque", "category": "outdoor", "osm_type": "way", "osm_id": 575300970, "name": null}}, {"type": "Feature", "geometry": {"type": "Point", "coordinates": [121.0269281, 14.4799643]}, "properties": {"city": "Paranaque", "category": "covered", "osm_type": "way", "osm_id": 575304739, "name": null}}, {"type": "Feature", "geometry": {"type": "Point", "coordinates": [121.0303186, 14.4764673]}, "properties": {"city": "Paranaque", "category": "outdoor", "osm_type": "way", "osm_id": 575306176, "name": null}}, {"type": "Feature", "geometry": {"type": "Point", "coordinates": [121.030473, 14.473674]}, "properties": {"city": "Paranaque", "category": "outdoor", "osm_type": "way", "osm_id": 575309926, "name": null}}, {"type": "Feature", "geometry": {"type": "Point", "coordinates": [121.0273969, 14.4836472]}, "properties": {"city": "Paranaque", "category": "covered", "osm_type": "way", "osm_id": 575329874, "name": null}}, {"type": "Feature", "geometry": {"type": "Point", "coordinates": [121.0272203, 14.4695954]}, "properties": {"city": "Paranaque", "category": "covered", "osm_type": "way", "osm_id": 575346226, "name": null}}, {"type": "Feature", "geometry": {"type": "Point", "coordinates": [121.0134027, 14.4756469]}, "properties": {"city": "Paranaque", "category": "covered", "osm_type": "way", "osm_id": 579520408, "name": null}}, {"type": "Feature", "geometry": {"type": "Point", "coordinates": [121.0088574, 14.4683517]}, "properties": {"city": "Paranaque", "category": "covered", "osm_type": "way", "osm_id": 579536276, "name": "Lopez Covered Court"}}, {"type": "Feature", "geometry": {"type": "Point", "coordinates": [121.0144487, 14.4738519]}, "properties": {"city": "Paranaque", "category": "covered", "osm_type": "way", "osm_id": 579555557, "name": null}}, {"type": "Feature", "geometry": {"type": "Point", "coordinates": [121.0146062, 14.4705561]}, "properties": {"city": "Paranaque", "category": "outdoor", "osm_type": "way", "osm_id": 579555560, "name": null}}, {"type": "Feature", "geometry": {"type": "Point", "coordinates": [121.0148127, 14.4707123]}, "properties": {"city": "Paranaque", "category": "outdoor", "osm_type": "way", "osm_id": 579555561, "name": null}}, {"type": "Feature", "geometry": {"type": "Point", "coordinates": [121.0162318, 14.4750855]}, "properties": {"city": "Paranaque", "category": "outdoor", "osm_type": "way", "osm_id": 579555563, "name": null}}, {"type": "Feature", "geometry": {"type": "Point", "coordinates": [121.0149929, 14.4643423]}, "properties": {"city": "Paranaque", "category": "outdoor", "osm_type": "way", "osm_id": 579600445, "name": null}}, {"type": "Feature", "geometry": {"type": "Point", "coordinates": [121.0183169, 14.4670046]}, "properties": {"city": "Paranaque", "category": "outdoor", "osm_type": "way", "osm_id": 579600451, "name": null}}, {"type": "Feature", "geometry": {"type": "Point", "coordinates": [121.0210109, 14.4769318]}, "properties": {"city": "Paranaque", "category": "outdoor", "osm_type": "way", "osm_id": 579600458, "name": null}}, {"type": "Feature", "geometry": {"type": "Point", "coordinates": [121.0186985, 14.4704229]}, "properties": {"city": "Paranaque", "category": "covered", "osm_type": "way", "osm_id": 579600468, "name": null}}, {"type": "Feature", "geometry": {"type": "Point", "coordinates": [121.0192134, 14.4691001]}, "properties": {"city": "Paranaque", "category": "covered", "osm_type": "way", "osm_id": 579600473, "name": null}}, {"type": "Feature", "geometry": {"type": "Point", "coordinates": [121.0122074, 14.4740828]}, "properties": {"city": "Paranaque", "category": "covered", "osm_type": "way", "osm_id": 579750956, "name": null}}, {"type": "Feature", "geometry": {"type": "Point", "coordinates": [121.0274871, 14.4689295]}, "properties": {"city": "Paranaque", "category": "covered", "osm_type": "way", "osm_id": 579869062, "name": null}}, {"type": "Feature", "geometry": {"type": "Point", "coordinates": [121.0317255, 14.4688243]}, "properties": {"city": "Paranaque", "category": "covered", "osm_type": "way", "osm_id": 579874731, "name": null}}, {"type": "Feature", "geometry": {"type": "Point", "coordinates": [121.0218801, 14.4823665]}, "properties": {"city": "Paranaque", "category": "covered", "osm_type": "way", "osm_id": 579891422, "name": "Golezeum"}}, {"type": "Feature", "geometry": {"type": "Point", "coordinates": [121.0161112, 14.4808952]}, "properties": {"city": "Paranaque", "category": "outdoor", "osm_type": "way", "osm_id": 580456561, "name": null}}, {"type": "Feature", "geometry": {"type": "Point", "coordinates": [121.0163122, 14.4799517]}, "properties": {"city": "Paranaque", "category": "outdoor", "osm_type": "way", "osm_id": 580456564, "name": null}}, {"type": "Feature", "geometry": {"type": "Point", "coordinates": [121.016078, 14.4796973]}, "properties": {"city": "Paranaque", "category": "outdoor", "osm_type": "way", "osm_id": 580456565, "name": null}}, {"type": "Feature", "geometry": {"type": "Point", "coordinates": [121.0191907, 14.4824461]}, "properties": {"city": "Paranaque", "category": "outdoor", "osm_type": "way", "osm_id": 580473001, "name": null}}, {"type": "Feature", "geometry": {"type": "Point", "coordinates": [121.0148533, 14.4857959]}, "properties": {"city": "Paranaque", "category": "covered", "osm_type": "way", "osm_id": 580549027, "name": null}}, {"type": "Feature", "geometry": {"type": "Point", "coordinates": [121.0097916, 14.4920207]}, "properties": {"city": "Paranaque", "category": "outdoor", "osm_type": "way", "osm_id": 580686354, "name": null}}, {"type": "Feature", "geometry": {"type": "Point", "coordinates": [121.0315222, 14.4612117]}, "properties": {"city": "Paranaque", "category": "outdoor", "osm_type": "way", "osm_id": 581257225, "name": null}}, {"type": "Feature", "geometry": {"type": "Point", "coordinates": [121.0321436, 14.4615316]}, "properties": {"city": "Paranaque", "category": "covered", "osm_type": "way", "osm_id": 581257228, "name": null}}, {"type": "Feature", "geometry": {"type": "Point", "coordinates": [121.0326697, 14.463222]}, "properties": {"city": "Paranaque", "category": "covered", "osm_type": "way", "osm_id": 581267735, "name": null}}, {"type": "Feature", "geometry": {"type": "Point", "coordinates": [121.0308257, 14.4677654]}, "properties": {"city": "Paranaque", "category": "outdoor", "osm_type": "way", "osm_id": 581270856, "name": null}}, {"type": "Feature", "geometry": {"type": "Point", "coordinates": [121.0347033, 14.4731689]}, "properties": {"city": "Paranaque", "category": "outdoor", "osm_type": "way", "osm_id": 581301844, "name": "MGV Phase 4 Basketball Court"}}, {"type": "Feature", "geometry": {"type": "Point", "coordinates": [121.0392798, 14.4707205]}, "properties": {"city": "Paranaque", "category": "outdoor", "osm_type": "way", "osm_id": 581308823, "name": "BLS Annex 31 Basketball Court"}}, {"type": "Feature", "geometry": {"type": "Point", "coordinates": [121.0393394, 14.4704712]}, "properties": {"city": "Paranaque", "category": "covered", "osm_type": "way", "osm_id": 581308825, "name": null}}, {"type": "Feature", "geometry": {"type": "Point", "coordinates": [121.0415044, 14.4751557]}, "properties": {"city": "Paranaque", "category": "outdoor", "osm_type": "way", "osm_id": 581308833, "name": null}}, {"type": "Feature", "geometry": {"type": "Point", "coordinates": [121.0372053, 14.4614102]}, "properties": {"city": "Paranaque", "category": "outdoor", "osm_type": "way", "osm_id": 581342380, "name": null}}, {"type": "Feature", "geometry": {"type": "Point", "coordinates": [121.0346467, 14.4936125]}, "properties": {"city": "Paranaque", "category": "covered", "osm_type": "way", "osm_id": 581423345, "name": null}}, {"type": "Feature", "geometry": {"type": "Point", "coordinates": [121.0394477, 14.5040245]}, "properties": {"city": "Paranaque", "category": "outdoor", "osm_type": "way", "osm_id": 597857784, "name": null}}, {"type": "Feature", "geometry": {"type": "Point", "coordinates": [121.0465569, 14.4668972]}, "properties": {"city": "Paranaque", "category": "outdoor", "osm_type": "way", "osm_id": 598383836, "name": null}}, {"type": "Feature", "geometry": {"type": "Point", "coordinates": [121.0190008, 14.4872213]}, "properties": {"city": "Paranaque", "category": "covered", "osm_type": "way", "osm_id": 603572893, "name": null}}, {"type": "Feature", "geometry": {"type": "Point", "coordinates": [121.0442211, 14.4836926]}, "properties": {"city": "Paranaque", "category": "outdoor", "osm_type": "way", "osm_id": 664779773, "name": null}}, {"type": "Feature", "geometry": {"type": "Point", "coordinates": [120.9915601, 14.4867623]}, "properties": {"city": "Paranaque", "category": "covered", "osm_type": "way", "osm_id": 772156533, "name": "New Barangay San Dionisio Sports Complex"}}, {"type": "Feature", "geometry": {"type": "Point", "coordinates": [120.9900312, 14.4908287]}, "properties": {"city": "Paranaque", "category": "covered", "osm_type": "way", "osm_id": 774894648, "name": null}}, {"type": "Feature", "geometry": {"type": "Point", "coordinates": [120.9930844, 14.5135242]}, "properties": {"city": "Paranaque", "category": "outdoor", "osm_type": "way", "osm_id": 856827344, "name": null}}, {"type": "Feature", "geometry": {"type": "Point", "coordinates": [121.0262752, 14.4568985]}, "properties": {"city": "Paranaque", "category": "covered", "osm_type": "way", "osm_id": 867312822, "name": "Purok 6 Covered Court"}}, {"type": "Feature", "geometry": {"type": "Point", "coordinates": [121.0331189, 14.4548043]}, "properties": {"city": "Paranaque", "category": "covered", "osm_type": "way", "osm_id": 890836515, "name": null}}, {"type": "Feature", "geometry": {"type": "Point", "coordinates": [121.0018158, 14.4681185]}, "properties": {"city": "Paranaque", "category": "covered", "osm_type": "way", "osm_id": 891031578, "name": null}}, {"type": "Feature", "geometry": {"type": "Point", "coordinates": [121.0057348, 14.4700381]}, "properties": {"city": "Paranaque", "category": "covered", "osm_type": "way", "osm_id": 891429714, "name": null}}, {"type": "Feature", "geometry": {"type": "Point", "coordinates": [121.0272794, 14.4574269]}, "properties": {"city": "Paranaque", "category": "covered", "osm_type": "way", "osm_id": 901210492, "name": "Golezeum"}}, {"type": "Feature", "geometry": {"type": "Point", "coordinates": [121.0207884, 14.4798105]}, "properties": {"city": "Paranaque", "category": "covered", "osm_type": "way", "osm_id": 914008990, "name": null}}, {"type": "Feature", "geometry": {"type": "Point", "coordinates": [121.0183366, 14.469974]}, "properties": {"city": "Paranaque", "category": "covered", "osm_type": "way", "osm_id": 929965023, "name": "Pamintuan Basketball Court"}}, {"type": "Feature", "geometry": {"type": "Point", "coordinates": [120.9999091, 14.4944851]}, "properties": {"city": "Paranaque", "category": "covered", "osm_type": "way", "osm_id": 1051965659, "name": null}}, {"type": "Feature", "geometry": {"type": "Point", "coordinates": [120.9874861, 14.521541]}, "properties": {"city": "Paranaque", "category": "outdoor", "osm_type": "way", "osm_id": 1066645520, "name": null}}, {"type": "Feature", "geometry": {"type": "Point", "coordinates": [121.0119772, 14.480936]}, "properties": {"city": "Paranaque", "category": "covered", "osm_type": "way", "osm_id": 1094025098, "name": null}}, {"type": "Feature", "geometry": {"type": "Point", "coordinates": [121.0263444, 14.4638325]}, "properties": {"city": "Paranaque", "category": "covered", "osm_type": "way", "osm_id": 1100606037, "name": null}}, {"type": "Feature", "geometry": {"type": "Point", "coordinates": [121.021037, 14.481477]}, "properties": {"city": "Paranaque", "category": "covered", "osm_type": "way", "osm_id": 1108104365, "name": null}}, {"type": "Feature", "geometry": {"type": "Point", "coordinates": [121.0224275, 14.4655508]}, "properties": {"city": "Paranaque", "category": "outdoor", "osm_type": "way", "osm_id": 1124033619, "name": null}}, {"type": "Feature", "geometry": {"type": "Point", "coordinates": [121.0021568, 14.4715782]}, "properties": {"city": "Paranaque", "category": "covered", "osm_type": "way", "osm_id": 1124314021, "name": null}}, {"type": "Feature", "geometry": {"type": "Point", "coordinates": [121.0034473, 14.4708068]}, "properties": {"city": "Paranaque", "category": "covered", "osm_type": "way", "osm_id": 1124314318, "name": null}}, {"type": "Feature", "geometry": {"type": "Point", "coordinates": [121.0199368, 14.4515334]}, "properties": {"city": "Paranaque", "category": "covered", "osm_type": "way", "osm_id": 1155700345, "name": null}}, {"type": "Feature", "geometry": {"type": "Point", "coordinates": [121.0167463, 14.4608022]}, "properties": {"city": "Paranaque", "category": "outdoor", "osm_type": "way", "osm_id": 1156492284, "name": null}}, {"type": "Feature", "geometry": {"type": "Point", "coordinates": [121.0410547, 14.4741961]}, "properties": {"city": "Paranaque", "category": "outdoor", "osm_type": "way", "osm_id": 1208003971, "name": null}}, {"type": "Feature", "geometry": {"type": "Point", "coordinates": [121.0425772, 14.4786649]}, "properties": {"city": "Paranaque", "category": "outdoor", "osm_type": "way", "osm_id": 1214014823, "name": null}}, {"type": "Feature", "geometry": {"type": "Point", "coordinates": [120.9924786, 14.5282174]}, "properties": {"city": "Paranaque", "category": "outdoor", "osm_type": "way", "osm_id": 1382197314, "name": null}}, {"type": "Feature", "geometry": {"type": "Point", "coordinates": [120.9854263, 14.5264448]}, "properties": {"city": "Paranaque", "category": "outdoor", "osm_type": "way", "osm_id": 1386036906, "name": null}}, {"type": "Feature", "geometry": {"type": "Point", "coordinates": [121.0470882, 14.4660902]}, "properties": {"city": "Paranaque", "category": "outdoor", "osm_type": "way", "osm_id": 1454342626, "name": "Zone 1B Sitio Pagkakaisa Basketball Court"}}, {"type": "Feature", "geometry": {"type": "Point", "coordinates": [120.997584, 14.4749328]}, "properties": {"city": "Paranaque", "category": "covered", "osm_type": "way", "osm_id": 1454688036, "name": null}}, {"type": "Feature", "geometry": {"type": "Point", "coordinates": [121.0181845, 14.4638988]}, "properties": {"city": "Paranaque", "category": "covered", "osm_type": "way", "osm_id": 1503650706, "name": null}}, {"type": "Feature", "geometry": {"type": "Point", "coordinates": [121.0090434, 14.4853312]}, "properties": {"city": "Paranaque", "category": "covered", "osm_type": "way", "osm_id": 1503666814, "name": null}}, {"type": "Feature", "geometry": {"type": "Point", "coordinates": [120.9760098, 14.7188111]}, "properties": {"city": "Valenzuela", "category": "covered", "osm_type": "node", "osm_id": 11026946087, "name": null}}, {"type": "Feature", "geometry": {"type": "Point", "coordinates": [120.9849877, 14.6726363]}, "properties": {"city": "Valenzuela", "category": "covered", "osm_type": "way", "osm_id": 50982896, "name": null}}, {"type": "Feature", "geometry": {"type": "Point", "coordinates": [120.9808515, 14.6878057]}, "properties": {"city": "Valenzuela", "category": "outdoor", "osm_type": "way", "osm_id": 52052873, "name": null}}, {"type": "Feature", "geometry": {"type": "Point", "coordinates": [120.988046, 14.6827834]}, "properties": {"city": "Valenzuela", "category": "outdoor", "osm_type": "way", "osm_id": 54719543, "name": "Tanada Home Owner's Association Covered Court"}}, {"type": "Feature", "geometry": {"type": "Point", "coordinates": [120.9955913, 14.7022144]}, "properties": {"city": "Valenzuela", "category": "outdoor", "osm_type": "way", "osm_id": 82869500, "name": null}}, {"type": "Feature", "geometry": {"type": "Point", "coordinates": [120.9958565, 14.6991084]}, "properties": {"city": "Valenzuela", "category": "outdoor", "osm_type": "way", "osm_id": 119128998, "name": null}}, {"type": "Feature", "geometry": {"type": "Point", "coordinates": [120.9675905, 14.7231765]}, "properties": {"city": "Valenzuela", "category": "covered", "osm_type": "way", "osm_id": 131873687, "name": null}}, {"type": "Feature", "geometry": {"type": "Point", "coordinates": [120.9770229, 14.7190256]}, "properties": {"city": "Valenzuela", "category": "outdoor", "osm_type": "way", "osm_id": 131873689, "name": null}}, {"type": "Feature", "geometry": {"type": "Point", "coordinates": [120.9748958, 14.6785573]}, "properties": {"city": "Valenzuela", "category": "outdoor", "osm_type": "way", "osm_id": 175024299, "name": null}}, {"type": "Feature", "geometry": {"type": "Point", "coordinates": [120.9693944, 14.688168]}, "properties": {"city": "Valenzuela", "category": "outdoor", "osm_type": "way", "osm_id": 237756997, "name": null}}, {"type": "Feature", "geometry": {"type": "Point", "coordinates": [120.9865601, 14.7128426]}, "properties": {"city": "Valenzuela", "category": "covered", "osm_type": "way", "osm_id": 237764188, "name": "Canumay West Covered Court"}}, {"type": "Feature", "geometry": {"type": "Point", "coordinates": [120.9779052, 14.6803851]}, "properties": {"city": "Valenzuela", "category": "outdoor", "osm_type": "way", "osm_id": 283106059, "name": null}}, {"type": "Feature", "geometry": {"type": "Point", "coordinates": [120.9569033, 14.7093109]}, "properties": {"city": "Valenzuela", "category": "covered", "osm_type": "way", "osm_id": 287240432, "name": null}}, {"type": "Feature", "geometry": {"type": "Point", "coordinates": [120.9628537, 14.7075434]}, "properties": {"city": "Valenzuela", "category": "covered", "osm_type": "way", "osm_id": 288185171, "name": null}}, {"type": "Feature", "geometry": {"type": "Point", "coordinates": [120.9542499, 14.705756]}, "properties": {"city": "Valenzuela", "category": "covered", "osm_type": "way", "osm_id": 288442539, "name": null}}, {"type": "Feature", "geometry": {"type": "Point", "coordinates": [120.9643926, 14.7091208]}, "properties": {"city": "Valenzuela", "category": "covered", "osm_type": "way", "osm_id": 288442540, "name": null}}, {"type": "Feature", "geometry": {"type": "Point", "coordinates": [120.9674825, 14.6954416]}, "properties": {"city": "Valenzuela", "category": "covered", "osm_type": "way", "osm_id": 288442569, "name": "Gym"}}, {"type": "Feature", "geometry": {"type": "Point", "coordinates": [120.9420259, 14.7105362]}, "properties": {"city": "Valenzuela", "category": "covered", "osm_type": "way", "osm_id": 288602707, "name": "Balangkas Covered Court"}}, {"type": "Feature", "geometry": {"type": "Point", "coordinates": [120.9458025, 14.7060905]}, "properties": {"city": "Valenzuela", "category": "outdoor", "osm_type": "way", "osm_id": 288602744, "name": null}}, {"type": "Feature", "geometry": {"type": "Point", "coordinates": [120.9642793, 14.7024913]}, "properties": {"city": "Valenzuela", "category": "covered", "osm_type": "way", "osm_id": 288877712, "name": null}}, {"type": "Feature", "geometry": {"type": "Point", "coordinates": [120.9529981, 14.7214376]}, "properties": {"city": "Valenzuela", "category": "outdoor", "osm_type": "way", "osm_id": 291112081, "name": "Lingahan Covered Court"}}, {"type": "Feature", "geometry": {"type": "Point", "coordinates": [120.967591, 14.7185864]}, "properties": {"city": "Valenzuela", "category": "covered", "osm_type": "way", "osm_id": 292039020, "name": null}}, {"type": "Feature", "geometry": {"type": "Point", "coordinates": [120.9927251, 14.6862121]}, "properties": {"city": "Valenzuela", "category": "covered", "osm_type": "way", "osm_id": 292257664, "name": null}}, {"type": "Feature", "geometry": {"type": "Point", "coordinates": [120.9862596, 14.7244478]}, "properties": {"city": "Valenzuela", "category": "covered", "osm_type": "way", "osm_id": 292406624, "name": null}}, {"type": "Feature", "geometry": {"type": "Point", "coordinates": [120.9648461, 14.7213021]}, "properties": {"city": "Valenzuela", "category": "covered", "osm_type": "way", "osm_id": 292446421, "name": null}}, {"type": "Feature", "geometry": {"type": "Point", "coordinates": [120.9279669, 14.7336981]}, "properties": {"city": "Valenzuela", "category": "covered", "osm_type": "way", "osm_id": 292514706, "name": "Wawang Pulo Covered Court"}}, {"type": "Feature", "geometry": {"type": "Point", "coordinates": [120.9379738, 14.7274844]}, "properties": {"city": "Valenzuela", "category": "covered", "osm_type": "way", "osm_id": 292584014, "name": null}}, {"type": "Feature", "geometry": {"type": "Point", "coordinates": [120.9788931, 14.7189612]}, "properties": {"city": "Valenzuela", "category": "covered", "osm_type": "way", "osm_id": 301031692, "name": null}}, {"type": "Feature", "geometry": {"type": "Point", "coordinates": [121.0040438, 14.6882201]}, "properties": {"city": "Valenzuela", "category": "covered", "osm_type": "way", "osm_id": 344375677, "name": "Sitio Cabatuhan Covered Court"}}, {"type": "Feature", "geometry": {"type": "Point", "coordinates": [120.9918103, 14.6786767]}, "properties": {"city": "Valenzuela", "category": "covered", "osm_type": "way", "osm_id": 353765463, "name": "Liwayway Basketball court"}}, {"type": "Feature", "geometry": {"type": "Point", "coordinates": [120.9595143, 14.7007794]}, "properties": {"city": "Valenzuela", "category": "outdoor", "osm_type": "way", "osm_id": 353781722, "name": "PX25+8R6 San Simon, Valenzuela, NCR"}}, {"type": "Feature", "geometry": {"type": "Point", "coordinates": [120.9897572, 14.6873689]}, "properties": {"city": "Valenzuela", "category": "outdoor", "osm_type": "way", "osm_id": 354776972, "name": null}}, {"type": "Feature", "geometry": {"type": "Point", "coordinates": [120.9985179, 14.7058364]}, "properties": {"city": "Valenzuela", "category": "covered", "osm_type": "way", "osm_id": 430000042, "name": null}}, {"type": "Feature", "geometry": {"type": "Point", "coordinates": [121.0048373, 14.7005675]}, "properties": {"city": "Valenzuela", "category": "covered", "osm_type": "way", "osm_id": 430138694, "name": null}}, {"type": "Feature", "geometry": {"type": "Point", "coordinates": [121.0005135, 14.7017548]}, "properties": {"city": "Valenzuela", "category": "covered", "osm_type": "way", "osm_id": 430138703, "name": null}}, {"type": "Feature", "geometry": {"type": "Point", "coordinates": [120.9920585, 14.6851276]}, "properties": {"city": "Valenzuela", "category": "outdoor", "osm_type": "way", "osm_id": 432063152, "name": null}}, {"type": "Feature", "geometry": {"type": "Point", "coordinates": [120.993369, 14.7197356]}, "properties": {"city": "Valenzuela", "category": "covered", "osm_type": "way", "osm_id": 432733911, "name": null}}, {"type": "Feature", "geometry": {"type": "Point", "coordinates": [120.9539841, 14.7155305]}, "properties": {"city": "Valenzuela", "category": "outdoor", "osm_type": "way", "osm_id": 511077395, "name": "Malanday Covered Court"}}, {"type": "Feature", "geometry": {"type": "Point", "coordinates": [120.9816501, 14.6903045]}, "properties": {"city": "Valenzuela", "category": "outdoor", "osm_type": "way", "osm_id": 514067147, "name": null}}, {"type": "Feature", "geometry": {"type": "Point", "coordinates": [120.952174, 14.7156124]}, "properties": {"city": "Valenzuela", "category": "outdoor", "osm_type": "way", "osm_id": 517155534, "name": null}}, {"type": "Feature", "geometry": {"type": "Point", "coordinates": [120.9883283, 14.67771]}, "properties": {"city": "Valenzuela", "category": "covered", "osm_type": "way", "osm_id": 542824370, "name": null}}, {"type": "Feature", "geometry": {"type": "Point", "coordinates": [120.9846558, 14.6753728]}, "properties": {"city": "Valenzuela", "category": "covered", "osm_type": "way", "osm_id": 542826150, "name": null}}, {"type": "Feature", "geometry": {"type": "Point", "coordinates": [120.9806011, 14.6817641]}, "properties": {"city": "Valenzuela", "category": "covered", "osm_type": "way", "osm_id": 544186352, "name": null}}, {"type": "Feature", "geometry": {"type": "Point", "coordinates": [120.9983262, 14.6821885]}, "properties": {"city": "Valenzuela", "category": "covered", "osm_type": "way", "osm_id": 544269642, "name": "Azicate Homes Covered Court"}}, {"type": "Feature", "geometry": {"type": "Point", "coordinates": [120.9893816, 14.7123372]}, "properties": {"city": "Valenzuela", "category": "covered", "osm_type": "way", "osm_id": 552938976, "name": null}}, {"type": "Feature", "geometry": {"type": "Point", "coordinates": [120.9862903, 14.7092905]}, "properties": {"city": "Valenzuela", "category": "outdoor", "osm_type": "way", "osm_id": 553033769, "name": null}}, {"type": "Feature", "geometry": {"type": "Point", "coordinates": [120.9886789, 14.703566]}, "properties": {"city": "Valenzuela", "category": "outdoor", "osm_type": "way", "osm_id": 553095941, "name": null}}, {"type": "Feature", "geometry": {"type": "Point", "coordinates": [120.9854877, 14.6703849]}, "properties": {"city": "Valenzuela", "category": "outdoor", "osm_type": "way", "osm_id": 553290575, "name": null}}, {"type": "Feature", "geometry": {"type": "Point", "coordinates": [120.9795788, 14.6741534]}, "properties": {"city": "Valenzuela", "category": "outdoor", "osm_type": "way", "osm_id": 553301852, "name": null}}, {"type": "Feature", "geometry": {"type": "Point", "coordinates": [120.9659837, 14.6888725]}, "properties": {"city": "Valenzuela", "category": "outdoor", "osm_type": "way", "osm_id": 554808524, "name": null}}, {"type": "Feature", "geometry": {"type": "Point", "coordinates": [120.9867852, 14.6724823]}, "properties": {"city": "Valenzuela", "category": "outdoor", "osm_type": "way", "osm_id": 555451107, "name": null}}, {"type": "Feature", "geometry": {"type": "Point", "coordinates": [120.9608609, 14.6959124]}, "properties": {"city": "Valenzuela", "category": "outdoor", "osm_type": "way", "osm_id": 556157115, "name": null}}, {"type": "Feature", "geometry": {"type": "Point", "coordinates": [120.9978939, 14.7482521]}, "properties": {"city": "Valenzuela", "category": "outdoor", "osm_type": "way", "osm_id": 560640073, "name": null}}, {"type": "Feature", "geometry": {"type": "Point", "coordinates": [120.9962584, 14.748378]}, "properties": {"city": "Valenzuela", "category": "outdoor", "osm_type": "way", "osm_id": 560640128, "name": null}}, {"type": "Feature", "geometry": {"type": "Point", "coordinates": [121.0128771, 14.6951158]}, "properties": {"city": "Valenzuela", "category": "outdoor", "osm_type": "way", "osm_id": 569041068, "name": "Ugong Centro Basketball Court"}}, {"type": "Feature", "geometry": {"type": "Point", "coordinates": [121.0112899, 14.694945]}, "properties": {"city": "Valenzuela", "category": "covered", "osm_type": "way", "osm_id": 569041077, "name": null}}, {"type": "Feature", "geometry": {"type": "Point", "coordinates": [120.9862331, 14.6884193]}, "properties": {"city": "Valenzuela", "category": "outdoor", "osm_type": "way", "osm_id": 574920926, "name": "Fortune 1 Basketball Court"}}, {"type": "Feature", "geometry": {"type": "Point", "coordinates": [120.9535433, 14.719684]}, "properties": {"city": "Valenzuela", "category": "outdoor", "osm_type": "way", "osm_id": 585574778, "name": null}}, {"type": "Feature", "geometry": {"type": "Point", "coordinates": [120.9743584, 14.6813383]}, "properties": {"city": "Valenzuela", "category": "covered", "osm_type": "way", "osm_id": 647635094, "name": null}}, {"type": "Feature", "geometry": {"type": "Point", "coordinates": [120.9742395, 14.6808199]}, "properties": {"city": "Valenzuela", "category": "covered", "osm_type": "way", "osm_id": 647635098, "name": null}}, {"type": "Feature", "geometry": {"type": "Point", "coordinates": [121.0090386, 14.6899423]}, "properties": {"city": "Valenzuela", "category": "covered", "osm_type": "way", "osm_id": 649013192, "name": null}}, {"type": "Feature", "geometry": {"type": "Point", "coordinates": [120.9438907, 14.7118885]}, "properties": {"city": "Valenzuela", "category": "outdoor", "osm_type": "way", "osm_id": 687479640, "name": "Nuestra Se\u00f1ora Basketball Court"}}, {"type": "Feature", "geometry": {"type": "Point", "coordinates": [120.9846253, 14.7131701]}, "properties": {"city": "Valenzuela", "category": "covered", "osm_type": "way", "osm_id": 698248388, "name": "Filrezam Subdivision Basketball Court"}}, {"type": "Feature", "geometry": {"type": "Point", "coordinates": [120.9644407, 14.7131851]}, "properties": {"city": "Valenzuela", "category": "outdoor", "osm_type": "way", "osm_id": 778258298, "name": "D. E. V. Basketball Court"}}, {"type": "Feature", "geometry": {"type": "Point", "coordinates": [120.9913038, 14.7325677]}, "properties": {"city": "Valenzuela", "category": "covered", "osm_type": "way", "osm_id": 790251002, "name": null}}, {"type": "Feature", "geometry": {"type": "Point", "coordinates": [120.9894855, 14.7406475]}, "properties": {"city": "Valenzuela", "category": "covered", "osm_type": "way", "osm_id": 792758627, "name": null}}, {"type": "Feature", "geometry": {"type": "Point", "coordinates": [120.9953464, 14.7484275]}, "properties": {"city": "Valenzuela", "category": "covered", "osm_type": "way", "osm_id": 797792833, "name": null}}, {"type": "Feature", "geometry": {"type": "Point", "coordinates": [120.9958735, 14.7489715]}, "properties": {"city": "Valenzuela", "category": "outdoor", "osm_type": "way", "osm_id": 797792837, "name": null}}, {"type": "Feature", "geometry": {"type": "Point", "coordinates": [121.0032698, 14.7454709]}, "properties": {"city": "Valenzuela", "category": "covered", "osm_type": "way", "osm_id": 797792856, "name": null}}, {"type": "Feature", "geometry": {"type": "Point", "coordinates": [121.0053734, 14.7034613]}, "properties": {"city": "Valenzuela", "category": "outdoor", "osm_type": "way", "osm_id": 803539468, "name": null}}, {"type": "Feature", "geometry": {"type": "Point", "coordinates": [121.0008585, 14.7136334]}, "properties": {"city": "Valenzuela", "category": "outdoor", "osm_type": "way", "osm_id": 810644556, "name": null}}, {"type": "Feature", "geometry": {"type": "Point", "coordinates": [120.9349704, 14.7207255]}, "properties": {"city": "Valenzuela", "category": "covered", "osm_type": "way", "osm_id": 930619447, "name": "Bilog Basketball Court"}}, {"type": "Feature", "geometry": {"type": "Point", "coordinates": [120.9963131, 14.7419808]}, "properties": {"city": "Valenzuela", "category": "outdoor", "osm_type": "way", "osm_id": 943408822, "name": null}}, {"type": "Feature", "geometry": {"type": "Point", "coordinates": [120.9976352, 14.7421068]}, "properties": {"city": "Valenzuela", "category": "outdoor", "osm_type": "way", "osm_id": 943408823, "name": null}}, {"type": "Feature", "geometry": {"type": "Point", "coordinates": [120.989621, 14.7413143]}, "properties": {"city": "Valenzuela", "category": "covered", "osm_type": "way", "osm_id": 943408824, "name": null}}, {"type": "Feature", "geometry": {"type": "Point", "coordinates": [120.9971762, 14.7478549]}, "properties": {"city": "Valenzuela", "category": "outdoor", "osm_type": "way", "osm_id": 943412028, "name": null}}, {"type": "Feature", "geometry": {"type": "Point", "coordinates": [120.9868355, 14.7044479]}, "properties": {"city": "Valenzuela", "category": "covered", "osm_type": "way", "osm_id": 944138830, "name": null}}, {"type": "Feature", "geometry": {"type": "Point", "coordinates": [120.9662137, 14.7212851]}, "properties": {"city": "Valenzuela", "category": "covered", "osm_type": "way", "osm_id": 1063796242, "name": null}}, {"type": "Feature", "geometry": {"type": "Point", "coordinates": [120.9996639, 14.7442658]}, "properties": {"city": "Valenzuela", "category": "covered", "osm_type": "way", "osm_id": 1066135951, "name": null}}, {"type": "Feature", "geometry": {"type": "Point", "coordinates": [121.0060951, 14.6888068]}, "properties": {"city": "Valenzuela", "category": "covered", "osm_type": "way", "osm_id": 1066141894, "name": null}}, {"type": "Feature", "geometry": {"type": "Point", "coordinates": [120.9383814, 14.7246601]}, "properties": {"city": "Valenzuela", "category": "covered", "osm_type": "way", "osm_id": 1067815813, "name": null}}, {"type": "Feature", "geometry": {"type": "Point", "coordinates": [120.9786898, 14.7142151]}, "properties": {"city": "Valenzuela", "category": "covered", "osm_type": "way", "osm_id": 1074969016, "name": null}}, {"type": "Feature", "geometry": {"type": "Point", "coordinates": [120.998994, 14.7456499]}, "properties": {"city": "Valenzuela", "category": "covered", "osm_type": "way", "osm_id": 1088864692, "name": null}}, {"type": "Feature", "geometry": {"type": "Point", "coordinates": [120.9674505, 14.6937387]}, "properties": {"city": "Valenzuela", "category": "outdoor", "osm_type": "way", "osm_id": 1089701955, "name": null}}, {"type": "Feature", "geometry": {"type": "Point", "coordinates": [120.9947122, 14.7457355]}, "properties": {"city": "Valenzuela", "category": "outdoor", "osm_type": "way", "osm_id": 1111957944, "name": null}}, {"type": "Feature", "geometry": {"type": "Point", "coordinates": [121.0117121, 14.6952494]}, "properties": {"city": "Valenzuela", "category": "covered", "osm_type": "way", "osm_id": 1116182647, "name": null}}, {"type": "Feature", "geometry": {"type": "Point", "coordinates": [120.9555758, 14.7048542]}, "properties": {"city": "Valenzuela", "category": "covered", "osm_type": "way", "osm_id": 1117970325, "name": null}}, {"type": "Feature", "geometry": {"type": "Point", "coordinates": [120.9657792, 14.686169]}, "properties": {"city": "Valenzuela", "category": "covered", "osm_type": "way", "osm_id": 1121554804, "name": null}}, {"type": "Feature", "geometry": {"type": "Point", "coordinates": [120.9642408, 14.7045733]}, "properties": {"city": "Valenzuela", "category": "covered", "osm_type": "way", "osm_id": 1121563078, "name": null}}, {"type": "Feature", "geometry": {"type": "Point", "coordinates": [120.9788913, 14.7226274]}, "properties": {"city": "Valenzuela", "category": "covered", "osm_type": "way", "osm_id": 1121609234, "name": null}}, {"type": "Feature", "geometry": {"type": "Point", "coordinates": [120.9634513, 14.7202252]}, "properties": {"city": "Valenzuela", "category": "covered", "osm_type": "way", "osm_id": 1121641065, "name": null}}, {"type": "Feature", "geometry": {"type": "Point", "coordinates": [121.0121436, 14.6899518]}, "properties": {"city": "Valenzuela", "category": "covered", "osm_type": "way", "osm_id": 1126618624, "name": null}}, {"type": "Feature", "geometry": {"type": "Point", "coordinates": [120.9688808, 14.680579]}, "properties": {"city": "Valenzuela", "category": "covered", "osm_type": "way", "osm_id": 1204595107, "name": null}}, {"type": "Feature", "geometry": {"type": "Point", "coordinates": [120.9500853, 14.7003073]}, "properties": {"city": "Valenzuela", "category": "covered", "osm_type": "way", "osm_id": 1231168004, "name": null}}, {"type": "Feature", "geometry": {"type": "Point", "coordinates": [120.9966997, 14.7559516]}, "properties": {"city": "Valenzuela", "category": "covered", "osm_type": "way", "osm_id": 1236186306, "name": null}}, {"type": "Feature", "geometry": {"type": "Point", "coordinates": [121.000874, 14.7457594]}, "properties": {"city": "Valenzuela", "category": "outdoor", "osm_type": "way", "osm_id": 1236241510, "name": null}}, {"type": "Feature", "geometry": {"type": "Point", "coordinates": [120.9908282, 14.7446804]}, "properties": {"city": "Valenzuela", "category": "covered", "osm_type": "way", "osm_id": 1238800307, "name": null}}, {"type": "Feature", "geometry": {"type": "Point", "coordinates": [120.9893477, 14.7431183]}, "properties": {"city": "Valenzuela", "category": "covered", "osm_type": "way", "osm_id": 1238808267, "name": null}}, {"type": "Feature", "geometry": {"type": "Point", "coordinates": [121.0010858, 14.7025631]}, "properties": {"city": "Valenzuela", "category": "covered", "osm_type": "way", "osm_id": 1240987004, "name": null}}, {"type": "Feature", "geometry": {"type": "Point", "coordinates": [120.9777855, 14.6865414]}, "properties": {"city": "Valenzuela", "category": "outdoor", "osm_type": "way", "osm_id": 1241004976, "name": "Pag-asa Subdivision Basketball Court"}}, {"type": "Feature", "geometry": {"type": "Point", "coordinates": [120.9482696, 14.7029943]}, "properties": {"city": "Valenzuela", "category": "covered", "osm_type": "way", "osm_id": 1300829591, "name": "Palasan Covered Court"}}, {"type": "Feature", "geometry": {"type": "Point", "coordinates": [120.9692728, 14.6948682]}, "properties": {"city": "Valenzuela", "category": "outdoor", "osm_type": "way", "osm_id": 1301027883, "name": null}}, {"type": "Feature", "geometry": {"type": "Point", "coordinates": [120.9990106, 14.7489422]}, "properties": {"city": "Valenzuela", "category": "outdoor", "osm_type": "way", "osm_id": 1350695707, "name": null}}, {"type": "Feature", "geometry": {"type": "Point", "coordinates": [120.9865973, 14.7333329]}, "properties": {"city": "Valenzuela", "category": "covered", "osm_type": "way", "osm_id": 1381617250, "name": null}}, {"type": "Feature", "geometry": {"type": "Point", "coordinates": [120.9901798, 14.6979551]}, "properties": {"city": "Valenzuela", "category": "outdoor", "osm_type": "way", "osm_id": 1391544677, "name": null}}, {"type": "Feature", "geometry": {"type": "Point", "coordinates": [120.9896678, 14.6922926]}, "properties": {"city": "Valenzuela", "category": "covered", "osm_type": "way", "osm_id": 1427406213, "name": null}}, {"type": "Feature", "geometry": {"type": "Point", "coordinates": [120.9670732, 14.6918433]}, "properties": {"city": "Valenzuela", "category": "covered", "osm_type": "way", "osm_id": 1443971321, "name": null}}, {"type": "Feature", "geometry": {"type": "Point", "coordinates": [120.9894761, 14.7113371]}, "properties": {"city": "Valenzuela", "category": "covered", "osm_type": "way", "osm_id": 1444011844, "name": null}}, {"type": "Feature", "geometry": {"type": "Point", "coordinates": [121.0041982, 14.707983]}, "properties": {"city": "Valenzuela", "category": "covered", "osm_type": "way", "osm_id": 1449871826, "name": null}}, {"type": "Feature", "geometry": {"type": "Point", "coordinates": [120.9852621, 14.7369489]}, "properties": {"city": "Valenzuela", "category": "covered", "osm_type": "way", "osm_id": 1450071870, "name": null}}, {"type": "Feature", "geometry": {"type": "Point", "coordinates": [120.9968236, 14.7134821]}, "properties": {"city": "Valenzuela", "category": "outdoor", "osm_type": "way", "osm_id": 1463646652, "name": "Bonifacio Court"}}, {"type": "Feature", "geometry": {"type": "Point", "coordinates": [120.9291451, 14.6979081]}, "properties": {"city": "Malabon", "category": "outdoor", "osm_type": "node", "osm_id": 5564226230, "name": "Dampalit Basketball Court"}}, {"type": "Feature", "geometry": {"type": "Point", "coordinates": [120.9689004, 14.6598669]}, "properties": {"city": "Malabon", "category": "outdoor", "osm_type": "node", "osm_id": 7276477325, "name": null}}, {"type": "Feature", "geometry": {"type": "Point", "coordinates": [120.9600626, 14.670809]}, "properties": {"city": "Malabon", "category": "covered", "osm_type": "way", "osm_id": 266394978, "name": "Catmon Covered Court"}}, {"type": "Feature", "geometry": {"type": "Point", "coordinates": [120.9528202, 14.6544593]}, "properties": {"city": "Malabon", "category": "covered", "osm_type": "way", "osm_id": 288600037, "name": null}}, {"type": "Feature", "geometry": {"type": "Point", "coordinates": [120.9291303, 14.6979303]}, "properties": {"city": "Malabon", "category": "covered", "osm_type": "way", "osm_id": 288605836, "name": null}}, {"type": "Feature", "geometry": {"type": "Point", "coordinates": [120.9521515, 14.6734308]}, "properties": {"city": "Malabon", "category": "covered", "osm_type": "way", "osm_id": 288615564, "name": "Tuazon Covered Court"}}, {"type": "Feature", "geometry": {"type": "Point", "coordinates": [120.9506736, 14.6759961]}, "properties": {"city": "Malabon", "category": "covered", "osm_type": "way", "osm_id": 288615565, "name": null}}, {"type": "Feature", "geometry": {"type": "Point", "coordinates": [120.9538559, 14.6871689]}, "properties": {"city": "Malabon", "category": "covered", "osm_type": "way", "osm_id": 288877549, "name": null}}, {"type": "Feature", "geometry": {"type": "Point", "coordinates": [120.9621824, 14.6474676]}, "properties": {"city": "Malabon", "category": "covered", "osm_type": "way", "osm_id": 313322108, "name": null}}, {"type": "Feature", "geometry": {"type": "Point", "coordinates": [120.960167, 14.6491806]}, "properties": {"city": "Malabon", "category": "covered", "osm_type": "way", "osm_id": 313332074, "name": null}}, {"type": "Feature", "geometry": {"type": "Point", "coordinates": [120.9695751, 14.6644211]}, "properties": {"city": "Malabon", "category": "covered", "osm_type": "way", "osm_id": 324129429, "name": "Tugatog Covered Court"}}, {"type": "Feature", "geometry": {"type": "Point", "coordinates": [120.9983326, 14.6708865]}, "properties": {"city": "Malabon", "category": "outdoor", "osm_type": "way", "osm_id": 351594895, "name": null}}, {"type": "Feature", "geometry": {"type": "Point", "coordinates": [120.9423629, 14.6763146]}, "properties": {"city": "Malabon", "category": "covered", "osm_type": "way", "osm_id": 353781114, "name": null}}, {"type": "Feature", "geometry": {"type": "Point", "coordinates": [120.9469811, 14.6734256]}, "properties": {"city": "Malabon", "category": "covered", "osm_type": "way", "osm_id": 549861542, "name": "Baritan Sports Complex"}}, {"type": "Feature", "geometry": {"type": "Point", "coordinates": [120.9509168, 14.6658142]}, "properties": {"city": "Malabon", "category": "covered", "osm_type": "way", "osm_id": 549880352, "name": null}}, {"type": "Feature", "geometry": {"type": "Point", "coordinates": [120.9496965, 14.6681644]}, "properties": {"city": "Malabon", "category": "covered", "osm_type": "way", "osm_id": 549962395, "name": null}}, {"type": "Feature", "geometry": {"type": "Point", "coordinates": [120.9621118, 14.6608592]}, "properties": {"city": "Malabon", "category": "outdoor", "osm_type": "way", "osm_id": 554895272, "name": null}}, {"type": "Feature", "geometry": {"type": "Point", "coordinates": [120.9617966, 14.6553003]}, "properties": {"city": "Malabon", "category": "outdoor", "osm_type": "way", "osm_id": 554895301, "name": null}}, {"type": "Feature", "geometry": {"type": "Point", "coordinates": [120.9571343, 14.6629068]}, "properties": {"city": "Malabon", "category": "outdoor", "osm_type": "way", "osm_id": 554895385, "name": "Templo Ng Katotohanan basketball"}}, {"type": "Feature", "geometry": {"type": "Point", "coordinates": [120.9627604, 14.6595836]}, "properties": {"city": "Malabon", "category": "outdoor", "osm_type": "way", "osm_id": 554895396, "name": null}}, {"type": "Feature", "geometry": {"type": "Point", "coordinates": [120.9616738, 14.660298]}, "properties": {"city": "Malabon", "category": "outdoor", "osm_type": "way", "osm_id": 554895399, "name": null}}, {"type": "Feature", "geometry": {"type": "Point", "coordinates": [120.9694734, 14.6736027]}, "properties": {"city": "Malabon", "category": "outdoor", "osm_type": "way", "osm_id": 555229974, "name": null}}, {"type": "Feature", "geometry": {"type": "Point", "coordinates": [120.9886288, 14.6683244]}, "properties": {"city": "Malabon", "category": "outdoor", "osm_type": "way", "osm_id": 555466295, "name": null}}, {"type": "Feature", "geometry": {"type": "Point", "coordinates": [120.9531884, 14.6836972]}, "properties": {"city": "Malabon", "category": "outdoor", "osm_type": "way", "osm_id": 563537965, "name": null}}, {"type": "Feature", "geometry": {"type": "Point", "coordinates": [120.9590006, 14.6857558]}, "properties": {"city": "Malabon", "category": "outdoor", "osm_type": "way", "osm_id": 571902611, "name": null}}, {"type": "Feature", "geometry": {"type": "Point", "coordinates": [120.9534319, 14.6673562]}, "properties": {"city": "Malabon", "category": "outdoor", "osm_type": "way", "osm_id": 574921001, "name": null}}, {"type": "Feature", "geometry": {"type": "Point", "coordinates": [120.9603211, 14.6603359]}, "properties": {"city": "Malabon", "category": "outdoor", "osm_type": "way", "osm_id": 598743369, "name": null}}, {"type": "Feature", "geometry": {"type": "Point", "coordinates": [120.9837544, 14.6631366]}, "properties": {"city": "Malabon", "category": "covered", "osm_type": "way", "osm_id": 601747058, "name": null}}, {"type": "Feature", "geometry": {"type": "Point", "coordinates": [120.966879, 14.6607126]}, "properties": {"city": "Malabon", "category": "covered", "osm_type": "way", "osm_id": 603476222, "name": null}}, {"type": "Feature", "geometry": {"type": "Point", "coordinates": [120.9582694, 14.6628176]}, "properties": {"city": "Malabon", "category": "outdoor", "osm_type": "way", "osm_id": 607746960, "name": "Tonsuya Covered Court"}}, {"type": "Feature", "geometry": {"type": "Point", "coordinates": [120.9505848, 14.6635297]}, "properties": {"city": "Malabon", "category": "covered", "osm_type": "way", "osm_id": 608977005, "name": null}}, {"type": "Feature", "geometry": {"type": "Point", "coordinates": [120.9579263, 14.6842287]}, "properties": {"city": "Malabon", "category": "covered", "osm_type": "way", "osm_id": 930599586, "name": null}}, {"type": "Feature", "geometry": {"type": "Point", "coordinates": [120.9492854, 14.6615133]}, "properties": {"city": "Malabon", "category": "covered", "osm_type": "way", "osm_id": 1093687193, "name": null}}, {"type": "Feature", "geometry": {"type": "Point", "coordinates": [120.9528934, 14.6535563]}, "properties": {"city": "Malabon", "category": "covered", "osm_type": "way", "osm_id": 1203381586, "name": null}}, {"type": "Feature", "geometry": {"type": "Point", "coordinates": [120.9535264, 14.6556601]}, "properties": {"city": "Malabon", "category": "outdoor", "osm_type": "way", "osm_id": 1203384425, "name": "Basketball Court"}}, {"type": "Feature", "geometry": {"type": "Point", "coordinates": [120.952602, 14.6621858]}, "properties": {"city": "Malabon", "category": "covered", "osm_type": "way", "osm_id": 1204344532, "name": null}}, {"type": "Feature", "geometry": {"type": "Point", "coordinates": [120.968248, 14.6642145]}, "properties": {"city": "Malabon", "category": "outdoor", "osm_type": "way", "osm_id": 1240926403, "name": "Lawang Bato Covered Court"}}, {"type": "Feature", "geometry": {"type": "Point", "coordinates": [120.9693693, 14.6662917]}, "properties": {"city": "Malabon", "category": "outdoor", "osm_type": "way", "osm_id": 1241264880, "name": null}}, {"type": "Feature", "geometry": {"type": "Point", "coordinates": [120.9708271, 14.6700697]}, "properties": {"city": "Malabon", "category": "outdoor", "osm_type": "way", "osm_id": 1241264919, "name": null}}, {"type": "Feature", "geometry": {"type": "Point", "coordinates": [120.9562699, 14.6609628]}, "properties": {"city": "Malabon", "category": "outdoor", "osm_type": "way", "osm_id": 1317517932, "name": "AZF SPORTS CENTER"}}, {"type": "Feature", "geometry": {"type": "Point", "coordinates": [120.9611778, 14.66364]}, "properties": {"city": "Malabon", "category": "outdoor", "osm_type": "way", "osm_id": 1317732027, "name": null}}, {"type": "Feature", "geometry": {"type": "Point", "coordinates": [120.9609048, 14.6642135]}, "properties": {"city": "Malabon", "category": "outdoor", "osm_type": "way", "osm_id": 1317732041, "name": null}}, {"type": "Feature", "geometry": {"type": "Point", "coordinates": [120.9553055, 14.6843314]}, "properties": {"city": "Malabon", "category": "outdoor", "osm_type": "way", "osm_id": 1348455787, "name": null}}, {"type": "Feature", "geometry": {"type": "Point", "coordinates": [120.9606589, 14.6546395]}, "properties": {"city": "Malabon", "category": "covered", "osm_type": "way", "osm_id": 1381625319, "name": null}}, {"type": "Feature", "geometry": {"type": "Point", "coordinates": [120.9627915, 14.6506385]}, "properties": {"city": "Malabon", "category": "outdoor", "osm_type": "way", "osm_id": 1430026277, "name": null}}, {"type": "Feature", "geometry": {"type": "Point", "coordinates": [120.9558774, 14.6466084]}, "properties": {"city": "Navotas", "category": "covered", "osm_type": "way", "osm_id": 266499987, "name": "Kapitbahayan Covered Court"}}, {"type": "Feature", "geometry": {"type": "Point", "coordinates": [120.9507821, 14.6473843]}, "properties": {"city": "Navotas", "category": "covered", "osm_type": "way", "osm_id": 266761977, "name": null}}, {"type": "Feature", "geometry": {"type": "Point", "coordinates": [120.9349369, 14.6800491]}, "properties": {"city": "Navotas", "category": "covered", "osm_type": "way", "osm_id": 527662442, "name": null}}, {"type": "Feature", "geometry": {"type": "Point", "coordinates": [120.9570782, 14.6449959]}, "properties": {"city": "Navotas", "category": "outdoor", "osm_type": "way", "osm_id": 554811978, "name": null}}, {"type": "Feature", "geometry": {"type": "Point", "coordinates": [120.9537956, 14.6492527]}, "properties": {"city": "Navotas", "category": "outdoor", "osm_type": "way", "osm_id": 602684142, "name": "Bangculasi Basketball Court"}}, {"type": "Feature", "geometry": {"type": "Point", "coordinates": [120.9324202, 14.6725525]}, "properties": {"city": "Navotas", "category": "outdoor", "osm_type": "way", "osm_id": 608676195, "name": "Roldan's Baketball Court"}}, {"type": "Feature", "geometry": {"type": "Point", "coordinates": [120.9329295, 14.6718691]}, "properties": {"city": "Navotas", "category": "outdoor", "osm_type": "way", "osm_id": 608676196, "name": "Pantay-pantay Basketball Court"}}, {"type": "Feature", "geometry": {"type": "Point", "coordinates": [120.9345479, 14.669799]}, "properties": {"city": "Navotas", "category": "outdoor", "osm_type": "way", "osm_id": 608676197, "name": "Wawa Basketball Court"}}, {"type": "Feature", "geometry": {"type": "Point", "coordinates": [120.9350101, 14.6738789]}, "properties": {"city": "Navotas", "category": "covered", "osm_type": "way", "osm_id": 608949498, "name": "Sablan Covered Court"}}, {"type": "Feature", "geometry": {"type": "Point", "coordinates": [120.9360021, 14.6855341]}, "properties": {"city": "Navotas", "category": "covered", "osm_type": "way", "osm_id": 1067797940, "name": null}}, {"type": "Feature", "geometry": {"type": "Point", "coordinates": [120.950382, 14.6480895]}, "properties": {"city": "Navotas", "category": "covered", "osm_type": "way", "osm_id": 1301404294, "name": null}}, {"type": "Feature", "geometry": {"type": "Point", "coordinates": [121.0299352, 14.5980284]}, "properties": {"city": "San Juan", "category": "outdoor", "osm_type": "node", "osm_id": 1637353087, "name": null}}, {"type": "Feature", "geometry": {"type": "Point", "coordinates": [121.0228003, 14.6066218]}, "properties": {"city": "San Juan", "category": "covered", "osm_type": "node", "osm_id": 12537606592, "name": "San Juan Elementary School Gymnasium"}}, {"type": "Feature", "geometry": {"type": "Point", "coordinates": [121.0304986, 14.5977211]}, "properties": {"city": "San Juan", "category": "outdoor", "osm_type": "way", "osm_id": 150867940, "name": null}}, {"type": "Feature", "geometry": {"type": "Point", "coordinates": [121.0294651, 14.6039313]}, "properties": {"city": "San Juan", "category": "covered", "osm_type": "way", "osm_id": 243039656, "name": null}}, {"type": "Feature", "geometry": {"type": "Point", "coordinates": [121.0198011, 14.6024625]}, "properties": {"city": "San Juan", "category": "covered", "osm_type": "way", "osm_id": 262309764, "name": "Progreso Basketball Court"}}, {"type": "Feature", "geometry": {"type": "Point", "coordinates": [121.0300264, 14.6012574]}, "properties": {"city": "San Juan", "category": "covered", "osm_type": "way", "osm_id": 310621873, "name": "Tibagan Court"}}, {"type": "Feature", "geometry": {"type": "Point", "coordinates": [121.031601, 14.6057406]}, "properties": {"city": "San Juan", "category": "covered", "osm_type": "way", "osm_id": 328287117, "name": null}}, {"type": "Feature", "geometry": {"type": "Point", "coordinates": [121.0236489, 14.6049363]}, "properties": {"city": "San Juan", "category": "outdoor", "osm_type": "way", "osm_id": 351577156, "name": "Barangay Pedro Cruz Basketball Court"}}, {"type": "Feature", "geometry": {"type": "Point", "coordinates": [121.0379244, 14.6060905]}, "properties": {"city": "San Juan", "category": "covered", "osm_type": "way", "osm_id": 357569988, "name": null}}, {"type": "Feature", "geometry": {"type": "Point", "coordinates": [121.0433575, 14.6040072]}, "properties": {"city": "San Juan", "category": "outdoor", "osm_type": "way", "osm_id": 357570103, "name": null}}, {"type": "Feature", "geometry": {"type": "Point", "coordinates": [121.0404242, 14.594347]}, "properties": {"city": "San Juan", "category": "outdoor", "osm_type": "way", "osm_id": 457657162, "name": null}}, {"type": "Feature", "geometry": {"type": "Point", "coordinates": [121.0289503, 14.6082665]}, "properties": {"city": "San Juan", "category": "outdoor", "osm_type": "way", "osm_id": 457770020, "name": null}}, {"type": "Feature", "geometry": {"type": "Point", "coordinates": [121.0295708, 14.6082293]}, "properties": {"city": "San Juan", "category": "outdoor", "osm_type": "way", "osm_id": 457770040, "name": null}}, {"type": "Feature", "geometry": {"type": "Point", "coordinates": [121.0297284, 14.6027013]}, "properties": {"city": "San Juan", "category": "outdoor", "osm_type": "way", "osm_id": 496625306, "name": null}}, {"type": "Feature", "geometry": {"type": "Point", "coordinates": [121.0296702, 14.6028317]}, "properties": {"city": "San Juan", "category": "outdoor", "osm_type": "way", "osm_id": 496625308, "name": null}}, {"type": "Feature", "geometry": {"type": "Point", "coordinates": [121.0224563, 14.6064876]}, "properties": {"city": "San Juan", "category": "covered", "osm_type": "way", "osm_id": 499443902, "name": "San Juan Gymnasium - Covered Court"}}, {"type": "Feature", "geometry": {"type": "Point", "coordinates": [121.0229211, 14.6027476]}, "properties": {"city": "San Juan", "category": "outdoor", "osm_type": "way", "osm_id": 500059979, "name": null}}, {"type": "Feature", "geometry": {"type": "Point", "coordinates": [121.0491368, 14.6086181]}, "properties": {"city": "San Juan", "category": "outdoor", "osm_type": "way", "osm_id": 500097068, "name": null}}, {"type": "Feature", "geometry": {"type": "Point", "coordinates": [121.0355985, 14.6063332]}, "properties": {"city": "San Juan", "category": "outdoor", "osm_type": "way", "osm_id": 550766281, "name": null}}, {"type": "Feature", "geometry": {"type": "Point", "coordinates": [121.0475759, 14.6034766]}, "properties": {"city": "San Juan", "category": "outdoor", "osm_type": "way", "osm_id": 566744677, "name": null}}, {"type": "Feature", "geometry": {"type": "Point", "coordinates": [121.0250423, 14.6031431]}, "properties": {"city": "San Juan", "category": "outdoor", "osm_type": "way", "osm_id": 619103457, "name": null}}, {"type": "Feature", "geometry": {"type": "Point", "coordinates": [121.0214709, 14.605914]}, "properties": {"city": "San Juan", "category": "outdoor", "osm_type": "way", "osm_id": 621210095, "name": null}}, {"type": "Feature", "geometry": {"type": "Point", "coordinates": [121.0362191, 14.5992644]}, "properties": {"city": "San Juan", "category": "outdoor", "osm_type": "way", "osm_id": 635514067, "name": null}}, {"type": "Feature", "geometry": {"type": "Point", "coordinates": [121.0250646, 14.6031399]}, "properties": {"city": "San Juan", "category": "outdoor", "osm_type": "way", "osm_id": 676482061, "name": null}}, {"type": "Feature", "geometry": {"type": "Point", "coordinates": [121.0249345, 14.6020174]}, "properties": {"city": "San Juan", "category": "outdoor", "osm_type": "way", "osm_id": 691051101, "name": "RK Vegan Basketball Court"}}, {"type": "Feature", "geometry": {"type": "Point", "coordinates": [121.0324921, 14.602734]}, "properties": {"city": "San Juan", "category": "outdoor", "osm_type": "way", "osm_id": 767429590, "name": null}}, {"type": "Feature", "geometry": {"type": "Point", "coordinates": [121.0224894, 14.6035499]}, "properties": {"city": "San Juan", "category": "outdoor", "osm_type": "way", "osm_id": 1090388061, "name": null}}, {"type": "Feature", "geometry": {"type": "Point", "coordinates": [121.0246006, 14.6004475]}, "properties": {"city": "San Juan", "category": "outdoor", "osm_type": "way", "osm_id": 1537629693, "name": null}}, {"type": "Feature", "geometry": {"type": "Point", "coordinates": [121.076549, 14.5492833]}, "properties": {"city": "Pateros", "category": "outdoor", "osm_type": "way", "osm_id": 114055071, "name": null}}, {"type": "Feature", "geometry": {"type": "Point", "coordinates": [121.0674474, 14.547131]}, "properties": {"city": "Pateros", "category": "covered", "osm_type": "way", "osm_id": 114505112, "name": "Pateros Elementary School Gym"}}, {"type": "Feature", "geometry": {"type": "Point", "coordinates": [121.0698416, 14.5483968]}, "properties": {"city": "Pateros", "category": "covered", "osm_type": "way", "osm_id": 114505604, "name": "Magtanggol Covered Court"}}, {"type": "Feature", "geometry": {"type": "Point", "coordinates": [121.0645876, 14.5418984]}, "properties": {"city": "Pateros", "category": "covered", "osm_type": "way", "osm_id": 114532409, "name": "Pateros Sports Complex (Aguho Covered Court)"}}, {"type": "Feature", "geometry": {"type": "Point", "coordinates": [121.0660661, 14.5394696]}, "properties": {"city": "Pateros", "category": "covered", "osm_type": "way", "osm_id": 117159504, "name": null}}, {"type": "Feature", "geometry": {"type": "Point", "coordinates": [121.0728784, 14.5507781]}, "properties": {"city": "Pateros", "category": "outdoor", "osm_type": "way", "osm_id": 117177963, "name": null}}, {"type": "Feature", "geometry": {"type": "Point", "coordinates": [121.0691446, 14.5403075]}, "properties": {"city": "Pateros", "category": "covered", "osm_type": "way", "osm_id": 121870019, "name": "San Roque Covered Court"}}, {"type": "Feature", "geometry": {"type": "Point", "coordinates": [121.0716805, 14.5469632]}, "properties": {"city": "Pateros", "category": "covered", "osm_type": "way", "osm_id": 133729456, "name": "Santa Ana Covered Court"}}, {"type": "Feature", "geometry": {"type": "Point", "coordinates": [121.0743229, 14.5474751]}, "properties": {"city": "Pateros", "category": "covered", "osm_type": "way", "osm_id": 163568247, "name": null}}, {"type": "Feature", "geometry": {"type": "Point", "coordinates": [121.071795, 14.5403026]}, "properties": {"city": "Pateros", "category": "covered", "osm_type": "way", "osm_id": 163568863, "name": "AMC Gym"}}, {"type": "Feature", "geometry": {"type": "Point", "coordinates": [121.0681584, 14.5515238]}, "properties": {"city": "Pateros", "category": "outdoor", "osm_type": "way", "osm_id": 439851754, "name": "Sto. Rosario Kanluran Covered Court"}}, {"type": "Feature", "geometry": {"type": "Point", "coordinates": [121.0667142, 14.5470926]}, "properties": {"city": "Pateros", "category": "covered", "osm_type": "way", "osm_id": 1015382597, "name": "Pateros Sports Complex"}}, {"type": "Feature", "geometry": {"type": "Point", "coordinates": [121.0753222, 14.5447516]}, "properties": {"city": "Pateros", "category": "covered", "osm_type": "way", "osm_id": 1071388247, "name": null}}]}