{"type": "FeatureCollection", "features": [{"type": "Feature", "geometry": {"type": "Polygon", "coordinates": [[[120.98508259400012, 14.63997936800007], [120.98487211800011, 14.639701788000023], [120.98507692400007, 14.639408259000048], [120.98530333300003, 14.639378114000067], [120.98536951000006, 14.639142744000024], [120.98484471200004, 14.639125876000033], [120.984815431, 14.639044924000068], [120.98450001200001, 14.638975762000028], [120.98398126100005, 14.63800423900005], [120.9841061520001, 14.637886501000024], [120.98441003900008, 14.637724454000026], [120.98494458700009, 14.637222374000032], [120.98497912700009, 14.637137950000067], [120.98483694700008, 14.636977976000027], [120.98406425200005, 14.637030217000069], [120.98370310600002, 14.637152246000024], [120.983544391, 14.636814695000052], [120.98307817100009, 14.637011733000065], [120.98301754300007, 14.636893383000025], [120.98306700900002, 14.636696224000046], [120.98296303100004, 14.636515006000025], [120.98268186300005, 14.636511893000032], [120.98221910300002, 14.636651189000073], [120.98188589000007, 14.638138671000037], [120.9818854250001, 14.638186494000024], [120.98150069300006, 14.638577732000044], [120.98061108400009, 14.638612639000035], [120.98061426800007, 14.639027938000023], [120.9798225200001, 14.639023716000052], [120.97979416600002, 14.639568177000054], [120.97908823400009, 14.638697137000062], [120.97902042300005, 14.638536568000063], [120.97900322600005, 14.638140871000072], [120.9790386640001, 14.63789301100007], [120.97971414200003, 14.636306246000057], [120.97990545500012, 14.63553062200003], [120.9792529240001, 14.635508653000045], [120.97916706300009, 14.635591702000049], [120.97795548700003, 14.635529995000068], [120.97776629900011, 14.635162092000028], [120.97738361400002, 14.635491278000075], [120.97722587400007, 14.635472045000025], [120.97691478800004, 14.63523728400003], [120.97656812000004, 14.635175191000036], [120.97557709000013, 14.63520866400006], [120.97509526100008, 14.635249991000025], [120.97443705800003, 14.63551598500004], [120.97423737600003, 14.63555836100005], [120.97429032200012, 14.635803139000075], [120.96862458700002, 14.63559090800004], [120.96862969400001, 14.635167148000049], [120.96671713500007, 14.635123981000048], [120.9659005430001, 14.635095938000065], [120.96550759800006, 14.63459860800003], [120.96455369000012, 14.636022429000032], [120.96420763100002, 14.63652339400005], [120.96222793100004, 14.635137024000075], [120.9619048600001, 14.635833309000077], [120.96166913500008, 14.636143577000043], [120.96135461400002, 14.636398148000067], [120.96066055300004, 14.635667959000044], [120.96033030200009, 14.635341991000073], [120.95968265100011, 14.634861162000044], [120.95879476100005, 14.634288356000063], [120.95832845200003, 14.634075962000056], [120.95779251100011, 14.633909253000073], [120.95787814000005, 14.63364827200007], [120.95782343200005, 14.633586793000061], [120.95704763600008, 14.633331012000045], [120.95549611800004, 14.633723450000046], [120.955074619, 14.633809578000072], [120.95364140400011, 14.63417243300006], [120.95321234600011, 14.634257039000035], [120.95083620200012, 14.634252437000036], [120.94925687500005, 14.63423232300005], [120.94784186100004, 14.634234211000038], [120.94670699200003, 14.634254804000019], [120.94438929000012, 14.63420834200002], [120.943692327, 14.634234087000035], [120.94237478000002, 14.634243488000042], [120.94219406600008, 14.634224002000053], [120.9414001470001, 14.634242946000033], [120.94144441500009, 14.634006545000036], [120.942045645, 14.632984271000051], [120.94211736500006, 14.632742775000056], [120.94229186600012, 14.632414986000077], [120.94246443500005, 14.631905417000041], [120.94278325500011, 14.631502691000033], [120.9428795020001, 14.631427688000032], [120.94330538200006, 14.630862833000034], [120.943633653, 14.630563787000025], [120.94379037900002, 14.630378931000054], [120.94425682300005, 14.630004990000032], [120.94460631200002, 14.629820512000032], [120.94542461200002, 14.629829156000035], [120.94496066600004, 14.629624774000032], [120.94506191800008, 14.629397471000061], [120.94535818800011, 14.62947862200002], [120.94585006200009, 14.629540369000042], [120.94594292300006, 14.62980472800007], [120.94619933500007, 14.629830818000073], [120.94791379300011, 14.629817025000023], [120.94805209300011, 14.629805086000031], [120.94971013300007, 14.629823585000056], [120.95017939600008, 14.629806458000077], [120.95279567100012, 14.62981932100007], [120.95394227100007, 14.62979361900005], [120.9557120190001, 14.629806452000027], [120.95626540000002, 14.629789312000069], [120.95739661900008, 14.629806424000039], [120.95830858400008, 14.629806406000059], [120.95865388600009, 14.62975499400005], [120.9592946470001, 14.629373004000055], [120.95935091900003, 14.629122647000031], [120.95939688400007, 14.628673471000068], [120.95940838700005, 14.62815353400003], [120.95951255700004, 14.627621690000064], [120.95964537300006, 14.626585953000074], [120.95962563100012, 14.626115907000042], [120.95955187100003, 14.626006337000037], [120.95921568000006, 14.626012188000063], [120.95873779400006, 14.626514345000027], [120.95746866000003, 14.627899727000054], [120.95714752900005, 14.628236068000037], [120.9569109790001, 14.62825297300003], [120.9550674730001, 14.62821831700006], [120.95462520500008, 14.628183860000037], [120.95384122300004, 14.628153188000052], [120.9539295840001, 14.627877281000051], [120.95387435600003, 14.627695954000046], [120.9537046920001, 14.627663064000043], [120.95381797700007, 14.626981439000076], [120.95404099100006, 14.625928256000066], [120.95393499600006, 14.625835883000034], [120.95360506400004, 14.625868622000047], [120.95360686900005, 14.625750771000071], [120.95394577300011, 14.625728761000063], [120.95405687300001, 14.625617435000036], [120.95365090100006, 14.625601542000025], [120.95365426100011, 14.625486715000022], [120.95396966900012, 14.625499411000021], [120.95412439900008, 14.625433227000027], [120.95423110200011, 14.625147900000059], [120.9542327490001, 14.624954727000041], [120.95448414000008, 14.623713410000047], [120.9546194400001, 14.623108505000063], [120.95485848200009, 14.623047016000047], [120.95483736600012, 14.622684345000042], [120.95466563800007, 14.62266437200003], [120.95463717700011, 14.622076799000073], [120.95480741500013, 14.622062018000062], [120.95497739100006, 14.621415145000073], [120.95510508900009, 14.620824032000034], [120.95562603000008, 14.620770639000058], [120.95618354200008, 14.620747535000078], [120.95680863600013, 14.620686118000037], [120.95719589600003, 14.620685349000045], [120.957456684, 14.620547940000051], [120.95764866400009, 14.620590615000026], [120.95793742500005, 14.62050637600004], [120.95805481100001, 14.620211042000053], [120.95752800800007, 14.619962275000034], [120.95734743900006, 14.61996079200003], [120.95712792700012, 14.619818055000053], [120.95687764800006, 14.619758639000054], [120.95656462000011, 14.619558017000028], [120.95658418300002, 14.619383864000039], [120.95642474400007, 14.619377238000027], [120.95644724600002, 14.618728481000058], [120.95648833300004, 14.618143514000055], [120.95662469000001, 14.61661163200006], [120.95687171600004, 14.613395350000072], [120.95856597700005, 14.613520133000067], [120.95937326900004, 14.61359025300004], [120.95945258300003, 14.612694781000073], [120.95846819800012, 14.612621868000065], [120.9574088060001, 14.61252748900006], [120.95745139800012, 14.61179362400003], [120.95947552300005, 14.611948483000049], [120.95957395300003, 14.610712556000065], [120.95757069400008, 14.610558390000051], [120.95761374200004, 14.609838795000032], [120.95789832900006, 14.609834788000056], [120.95967300200005, 14.609967048000044], [120.95976067100001, 14.608734999000033], [120.95775921300005, 14.608591174000022], [120.95781545400008, 14.607856417000049], [120.95983265300005, 14.607991991000066], [120.95992263100004, 14.60716771300002], [120.95993462700005, 14.60674976900003], [120.95792487000007, 14.606617846000066], [120.95797906800011, 14.605874592000072], [120.95999460700011, 14.606008096000036], [120.96009658300011, 14.604794893000077], [120.958097069, 14.604634505000035], [120.95815044700008, 14.603890367000078], [120.96014457600008, 14.604044889000019], [120.96024106900006, 14.602883813000062], [120.95774142300002, 14.60268513900007], [120.95780544900003, 14.601813620000028], [120.96029789700005, 14.602000235000046], [120.96037284700003, 14.601970990000039], [120.9604671830001, 14.600846682000054], [120.957734295, 14.600608680000045], [120.9565532370001, 14.600498440000022], [120.95636838100006, 14.600822124000048], [120.9560847570001, 14.601117373000024], [120.955999044, 14.60108085300004], [120.95583217900003, 14.60129426800006], [120.95576665300007, 14.601537348000022], [120.95545957000002, 14.601931795000043], [120.95523990400011, 14.602133990000029], [120.95521132600004, 14.60228710700005], [120.9548931700001, 14.602694541000064], [120.95484931800002, 14.602864652000049], [120.95461229000013, 14.603065575000073], [120.95457147000002, 14.60320225000004], [120.95434893600009, 14.60337614100007], [120.95411097200008, 14.603682656000045], [120.95405538800003, 14.603885548000052], [120.95383490400003, 14.604109031000064], [120.95390701100007, 14.604302756000042], [120.95388933900004, 14.604492211000032], [120.9535531790001, 14.60471822700003], [120.95346385900007, 14.605010221000036], [120.95332106300008, 14.605092144000029], [120.95329170200012, 14.605260753000032], [120.95307501600007, 14.60535612800004], [120.95288878800011, 14.605813049000059], [120.95257842600006, 14.606065019000031], [120.95251242400002, 14.606304504000038], [120.95233033600005, 14.606277744000067], [120.9523471560001, 14.606469902000068], [120.95211548600003, 14.60674023000007], [120.95193695400008, 14.606875806000058], [120.95170780200012, 14.607206139000029], [120.95186907200002, 14.607275524000046], [120.95180734800012, 14.60741288700007], [120.95160704800004, 14.607413542000067], [120.95124942600012, 14.607818894000047], [120.95114993300001, 14.608102060000022], [120.95084300800012, 14.60832734500008], [120.95082511300006, 14.608464384000058], [120.95062671700009, 14.608703571000035], [120.95041717700009, 14.608869473000025], [120.95046333900007, 14.608957549000024], [120.95017209500008, 14.60923127300003], [120.9499337200001, 14.609573303000047], [120.94968597600008, 14.60999004800004], [120.94920228800005, 14.610558104000063], [120.94885798900009, 14.611032776000059], [120.94826579300003, 14.611888496000065], [120.94730965600002, 14.61318568400003], [120.9466547630001, 14.614109652000023], [120.94586893500004, 14.61518437300003], [120.94403567600011, 14.617751709000062], [120.94398420000006, 14.617744135000063], [120.94545532600011, 14.615721276000052], [120.94561272500005, 14.615481467000052], [120.94662125500008, 14.614085127000067], [120.94695727500006, 14.613598883000066], [120.94807151700002, 14.612045703000032], [120.9480451170001, 14.611734136000054], [120.94814707600005, 14.611680974000018], [120.94826471400006, 14.611460745000048], [120.94826762500008, 14.611162822000042], [120.94817259700004, 14.611007224000048], [120.94787855700007, 14.610786663000056], [120.94729325800007, 14.610434569000057], [120.94694370400009, 14.610113082000051], [120.946883629, 14.609806572000029], [120.94694937100009, 14.609634973000022], [120.94799283800012, 14.608101493000047], [120.94808323300005, 14.607992596000033], [120.94773763100011, 14.607739162000028], [120.94961488700004, 14.60504523800006], [120.95012025000004, 14.604341423000053], [120.95061302800002, 14.60467427800006], [120.95087451600011, 14.604560118000052], [120.95121068700007, 14.604245701000023], [120.95144022700003, 14.603909193000046], [120.95155068800011, 14.603663039000022], [120.95185453700003, 14.603298804000076], [120.95190838400003, 14.603160679000041], [120.9522275290001, 14.603064172000071], [120.95281218500007, 14.60305745900007], [120.95318839800008, 14.602948322000035], [120.95367243700002, 14.602614033000066], [120.95394322900006, 14.602275392000024], [120.95405695200009, 14.601989021000064], [120.95424420600013, 14.601189159000059], [120.95421043900002, 14.601105148000048], [120.95360354200011, 14.600983266000073], [120.95148249300006, 14.600520379000042], [120.9496403070001, 14.600094829000055], [120.94849270100008, 14.599864829000062], [120.94690989700008, 14.59951630700004], [120.94631161500001, 14.599352455000028], [120.94484364000004, 14.599060437000048], [120.94370795800013, 14.598785115000057], [120.94309925700009, 14.598662702000071], [120.94293544700008, 14.598670676000038], [120.94290910600012, 14.598836759000049], [120.9421737150001, 14.598664607000046], [120.94208805700009, 14.598601413000033], [120.9414079510001, 14.599010573000038], [120.940211685, 14.59976205000004], [120.93676334800011, 14.60189379500002], [120.9351555180001, 14.60286315700006], [120.93362659900004, 14.602929220000023], [120.93279955900005, 14.602949062000048], [120.93279649300007, 14.602898354000047], [120.93418620000011, 14.602849139000059], [120.93510570200012, 14.60279721300003], [120.93584808100003, 14.602370040000041], [120.93711341000005, 14.601563679000037], [120.93742396100004, 14.60138648800006], [120.93864426500012, 14.600620260000031], [120.93916092700012, 14.60031093100002], [120.9409643670001, 14.59918514700007], [120.94202700900006, 14.598532662000023], [120.94261376800013, 14.598192125000025], [120.94337158800012, 14.594770830000074], [120.94461661600008, 14.594891607000022], [120.94516815100008, 14.594998087000025], [120.94571015100009, 14.595070981000047], [120.95151167000006, 14.59580198600003], [120.95162241000003, 14.595825144000063], [120.9560064540001, 14.596377209000025], [120.95623199700005, 14.596292581000052], [120.95647981900004, 14.596395523000066], [120.95669649800006, 14.596246135000058], [120.95705435800004, 14.596241030000046], [120.95709411500002, 14.596348213000056], [120.95742630200003, 14.596333179000055], [120.95756159800008, 14.596285062000051], [120.95784793300004, 14.596417715000028], [120.95811702200001, 14.596465380000037], [120.95847401100002, 14.596407681000072], [120.95903970500002, 14.596093439000072], [120.95928994600001, 14.59603905400007], [120.95952646400006, 14.596110879000033], [120.9595384910001, 14.596231626000076], [120.95979616800001, 14.596220366000072], [120.96018607200006, 14.596332090000033], [120.96021412900005, 14.596463913000038], [120.96089801000004, 14.596346188000043], [120.96110073300008, 14.596405667000054], [120.96161631800008, 14.596460938000064], [120.96179876100007, 14.596417788000055], [120.96213218100002, 14.596249243000049], [120.96246525500008, 14.596265692000031], [120.96247880200008, 14.596431473000052], [120.96275746400009, 14.596458357000076], [120.96275270300009, 14.59635939900005], [120.96316352700002, 14.59639443900005], [120.96366512000009, 14.596401541000027], [120.96361380300006, 14.59622559500002], [120.96389888200008, 14.596163281000026], [120.96418937200008, 14.596170219000044], [120.96415346900005, 14.596428622000074], [120.9649954470001, 14.59643142000005], [120.96584059500002, 14.59640528200004], [120.96677920700006, 14.59641979200006], [120.96752885900004, 14.59531896900006], [120.96731098600003, 14.595291371000032], [120.96597908100011, 14.595214243000042], [120.96515919800004, 14.595189886000075], [120.96339275500009, 14.595109377000027], [120.96324513000002, 14.594976708000045], [120.96318530900011, 14.594240662000056], [120.96292983900003, 14.594297596000041], [120.96274243600008, 14.594402539000043], [120.96279673300012, 14.594940691000035], [120.96266700600007, 14.595074001000054], [120.96117860500011, 14.595039146000037], [120.9608560050001, 14.59508689200004], [120.96062883900004, 14.595034343000066], [120.96049720000009, 14.59480452500003], [120.96033145600006, 14.594872297000048], [120.95986848500003, 14.594754802000068], [120.95978276400001, 14.594898619000048], [120.95961387500006, 14.59484206700006], [120.95969022700001, 14.594575007000062], [120.95954389700012, 14.594372002000059], [120.95922197600011, 14.594303512000067], [120.95911247700008, 14.594466625000052], [120.95868641600009, 14.594451411000023], [120.95867152100004, 14.594313074000066], [120.95835286800002, 14.593994206000048], [120.95790107200003, 14.593767605000037], [120.95676383300008, 14.593319527000064], [120.95584185100005, 14.592923617000054], [120.95499242100006, 14.592305948000051], [120.95456539000008, 14.591837311000065], [120.95386802400004, 14.591119100000068], [120.95401732200003, 14.590914850000049], [120.95387086000005, 14.590589741000029], [120.95388104100006, 14.590300633000028], [120.95423198100002, 14.590316491000065], [120.95485681700008, 14.589826567000044], [120.95512148800005, 14.589515957000062], [120.95525661100011, 14.589428287000029], [120.95556942000007, 14.589031552000051], [120.95608316200004, 14.588463881000056], [120.95613512400007, 14.588325920000043], [120.95638225100004, 14.587954309000057], [120.9564891450001, 14.587699943000068], [120.9564861450001, 14.587314813000035], [120.95657523700005, 14.587274569000046], [120.95798069000013, 14.586008774000048], [120.95817340200006, 14.585857780000026], [120.95873284800008, 14.585248560000027], [120.95891597700006, 14.584949119000047], [120.95903865900003, 14.584665776000065], [120.95845488100008, 14.583580030000064], [120.95833345900007, 14.583220630000028], [120.95769069300003, 14.581968982000031], [120.95698001500011, 14.580620587000054], [120.95597131200007, 14.57864976100007], [120.9557571590001, 14.57813588700003], [120.95566585200004, 14.572555456000028], [120.95570746800003, 14.572526693000043], [120.95573113600005, 14.574170640000036], [120.9557559660001, 14.575269158000019], [120.95575698700009, 14.576347020000076], [120.955794276, 14.577892423000037], [120.95578642800001, 14.578200548000037], [120.95672973400009, 14.580044544000033], [120.95692321100012, 14.580407047000048], [120.95858998100006, 14.583661491000043], [120.95951824900008, 14.585460155000021], [120.9595994340001, 14.585668700000042], [120.96032671400008, 14.58704717800003], [120.96075607500006, 14.587927217000065], [120.96105242800002, 14.588389071000053], [120.96128198000008, 14.588906059000061], [120.96135891300004, 14.589762018000041], [120.96160772100006, 14.592231017000072], [120.96195380900008, 14.592313319000027], [120.96206120700003, 14.592215975000043], [120.96202184500011, 14.59173428900004], [120.96194846000003, 14.591360861000055], [120.9618948530001, 14.590518759000071], [120.96261235700001, 14.590188677000066], [120.96278519300006, 14.59021254600003], [120.96282278300009, 14.590378970000076], [120.96267698100009, 14.590557856000032], [120.962830445, 14.590644670000078], [120.9628710830001, 14.590782077000027], [120.96283093500006, 14.591163508000024], [120.96266652100009, 14.591286198000036], [120.96274095100013, 14.591462719000047], [120.96260698400012, 14.591709626000071], [120.96266992200003, 14.591928481000025], [120.96248708300006, 14.592410924000035], [120.96242866200011, 14.592680551000054], [120.9624713950001, 14.593021778000036], [120.96289984200007, 14.593016068000052], [120.96296850800002, 14.593701816000074], [120.96311551200006, 14.59379571900007], [120.96318234200011, 14.593620878000024], [120.96310285700008, 14.593356377000074], [120.9630755410001, 14.593024692000029], [120.962998243, 14.592772500000024], [120.96357446200011, 14.592680226000027], [120.96387872500009, 14.592521996000073], [120.96494701200002, 14.592012283000033], [120.9648536520001, 14.591542324000041], [120.96483267500001, 14.591103529000067], [120.96474844700005, 14.590866090000077], [120.9642926250001, 14.590509040000027], [120.9641093580001, 14.590194114000045], [120.96396732200003, 14.589797017000027], [120.96380969600013, 14.589509924000025], [120.96403256300006, 14.589253734000067], [120.96263235400012, 14.587895857000039], [120.96195479200001, 14.58656067400005], [120.96225161900009, 14.586227609000048], [120.96387149100008, 14.587792388000022], [120.96465056300008, 14.588523034000046], [120.96476285200005, 14.588575577000029], [120.96517883700007, 14.588243079000053], [120.96536337400005, 14.587903494000047], [120.96573570500003, 14.587513071000046], [120.96555457500004, 14.58733127200003], [120.96331953300013, 14.585188070000076], [120.96364044200006, 14.584861194000045], [120.9624208030001, 14.583672902000046], [120.96194519000007, 14.583232450000022], [120.96228153600009, 14.582882444000063], [120.96395012900007, 14.58447629900007], [120.9651522800001, 14.58563530400005], [120.96637735100002, 14.586796698000054], [120.96731038100005, 14.585849845000043], [120.9649026830001, 14.583533677000048], [120.9655833280001, 14.58288716200008], [120.9679408610001, 14.585167393000066], [120.9680974050001, 14.585267167000042], [120.96827223500009, 14.585153561000029], [120.96865301500009, 14.584815078000078], [120.968842472, 14.58457002600005], [120.9689016000001, 14.584395527000025], [120.96873511200009, 14.584250335000037], [120.96879976600007, 14.58415297000005], [120.96901624600004, 14.584225480000041], [120.96626684700003, 14.581578763000035], [120.9668058630001, 14.58105025300006], [120.96795544200006, 14.582142888000021], [120.96940674400003, 14.583542740000038], [120.96946961400009, 14.583628082000075], [120.96978051400004, 14.583623477000058], [120.97023334200001, 14.583261117000061], [120.97073338500002, 14.582781201000042], [120.97072999900003, 14.582709383000065], [120.96947099300009, 14.58150711800004], [120.96819347700011, 14.580262257000072], [120.96887358700008, 14.579594577000027], [120.96931492200007, 14.580032261000044], [120.97154053100009, 14.582166917000057], [120.97158599700005, 14.581996928000024], [120.97207141500007, 14.582457172000032], [120.97198941800004, 14.582514427000039], [120.97200424100004, 14.582731866000074], [120.97220360000006, 14.582949993000051], [120.97250684300003, 14.583136017000072], [120.97274582100012, 14.583159377000065], [120.97288884700004, 14.583017511000039], [120.97305708600004, 14.582735835000047], [120.97306381800001, 14.582593255000067], [120.97185370800003, 14.581412453000043], [120.97203094000008, 14.581467070000034], [120.97316771400006, 14.582540442000042], [120.97337995500006, 14.582178296000054], [120.97323614800007, 14.582062343000077], [120.97298148200002, 14.582052034000071], [120.97264779500007, 14.58192194800006], [120.97243518100004, 14.581751775000045], [120.9721648090001, 14.581435667000044], [120.97244630500006, 14.58086176400007], [120.97252971600007, 14.580434068000041], [120.97180160700009, 14.580234599000049], [120.97196098000006, 14.579781017000073], [120.97217096200008, 14.579316772000025], [120.97206822200009, 14.579259057000058], [120.97232829700009, 14.578818031000026], [120.97246915100004, 14.578903002000061], [120.97275115500008, 14.578522990000065], [120.972726953, 14.578446364000062], [120.97303153200004, 14.578101288000026], [120.97355581900003, 14.578636201000045], [120.97396582500005, 14.578356860000044], [120.97411804800005, 14.578153601000052], [120.97441763200005, 14.577523906000067], [120.97448394900003, 14.577876078000033], [120.97501485300008, 14.578014118000057], [120.97518899500005, 14.57814176100004], [120.97544956100013, 14.578422015000056], [120.97557632200007, 14.578445250000076], [120.97564445900002, 14.578240485000036], [120.9758726890001, 14.577894584000035], [120.97596995100002, 14.577806731000067], [120.97636005700008, 14.577132817000061], [120.9770793890001, 14.57585497400003], [120.97797457500008, 14.575615604000062], [120.97942024000008, 14.575287630000043], [120.97983997300003, 14.574576807000021], [120.98018354300007, 14.57392046000007], [120.98045166400003, 14.573368958000064], [120.98148550400003, 14.571362515000033], [120.98244714000009, 14.569251963000054], [120.98282569700007, 14.56837177900007], [120.98386989700009, 14.566046452000027], [120.98422163500004, 14.565223740000022], [120.98455768100007, 14.564384351000058], [120.98459492400002, 14.564116242000066], [120.9847173710001, 14.56404450600007], [120.98498383100002, 14.563517004000058], [120.98524214700002, 14.562915211000078], [120.98525480600006, 14.562739540000052], [120.98546445900003, 14.562417100000062], [120.98522877100004, 14.562302997000076], [120.98529819700003, 14.562141284000063], [120.98482203800006, 14.561923600000057], [120.98485526800005, 14.561703314000056], [120.98506711800007, 14.561641075000072], [120.98527051500002, 14.561269050000018], [120.98529120700005, 14.561079144000079], [120.98546331800003, 14.561077457000067], [120.98565243400003, 14.560678026000065], [120.98505356500006, 14.560397465000051], [120.98510948800003, 14.560271794000073], [120.98571182700003, 14.56054741200006], [120.98595033600007, 14.560013705000072], [120.98678599600011, 14.560332775000067], [120.98717909800006, 14.559518953000063], [120.98751161400004, 14.558607406000023], [120.98978873300008, 14.559367554000058], [120.98990773700005, 14.559077735000074], [120.99056534600005, 14.559256592000054], [120.99069545900011, 14.559347666000063], [120.9907344930001, 14.55949078200007], [120.99288242000011, 14.560036941000021], [120.99563678000004, 14.560801544000073], [120.99688551500002, 14.561107296000047], [120.99706754300009, 14.561087693000047], [120.99697688300013, 14.561354575000056], [120.99775164200003, 14.561617348000027], [120.99824626300006, 14.561601422000024], [120.9988221530001, 14.56171635700002], [120.99905087700006, 14.561899275000027], [120.99992498900008, 14.562779963000024], [121.00125085400009, 14.564080131000026], [121.0019883010001, 14.564838506000058], [121.00226739300001, 14.565095044000033], [121.00283065100008, 14.565671849000067], [121.00311181000006, 14.565983891000032], [121.00356840000006, 14.566408437000064], [121.00435841900003, 14.567208523000032], [121.00523481400012, 14.568069571000029], [121.005806215, 14.568653942000031], [121.0069612750001, 14.569776127000068], [121.00922824400006, 14.572031351000023], [121.01061445000006, 14.57345642200005], [121.01219513700006, 14.574986697000043], [121.01319189300011, 14.575998504000038], [121.01449748100005, 14.577279880000045], [121.0153757580001, 14.578190601000074], [121.01643006400002, 14.57919822200006], [121.01761120300011, 14.579408116000023], [121.01723501100003, 14.579737567000056], [121.01716439200004, 14.579921177000074], [121.01706081700003, 14.580486129000063], [121.01704669300013, 14.580975754000068], [121.01712672800011, 14.581149948000077], [121.01731975400004, 14.581380636000064], [121.01783691500009, 14.58179686400007], [121.01821426100003, 14.582138614000034], [121.01872218000004, 14.582796139000035], [121.01964556300004, 14.584084904000063], [121.01987949500007, 14.584534773000026], [121.02023939000003, 14.585356534000027], [121.02026938100005, 14.585572471000031], [121.02101641100013, 14.586058539000021], [121.02156357800004, 14.586328827000045], [121.02130647500007, 14.586843031000056], [121.02108892700005, 14.587133096000061], [121.02178112600006, 14.587779148000036], [121.02262208600008, 14.58866552400007], [121.02273647700008, 14.588841635000048], [121.0224342350001, 14.588993027000072], [121.02275564600008, 14.589328393000072], [121.0239947010001, 14.590289244000079], [121.02440140300007, 14.590668832000066], [121.0248135280001, 14.590977926000052], [121.02542086900007, 14.591493081000063], [121.02562693100005, 14.591623226000022], [121.02596856100001, 14.591916051000057], [121.0261685910001, 14.592208075000032], [121.02544239200006, 14.59252214500003], [121.02568679700005, 14.59283514200007], [121.02588088700008, 14.593219280000024], [121.02617047000001, 14.593990118000022], [121.02609781400008, 14.59462610400004], [121.025872659, 14.595301571000052], [121.02558539200004, 14.59591492500005], [121.02536023600011, 14.59627983200005], [121.025072969, 14.597095050000062], [121.02473911800007, 14.597661820000042], [121.02424998700008, 14.598321758000052], [121.02373756500005, 14.599292255000028], [121.02346203800005, 14.599584719000067], [121.02008664800006, 14.601735905000055], [121.01986005300012, 14.601933072000069], [121.01966582800004, 14.602242066000029], [121.01956577300007, 14.602595202000032], [121.01962265700001, 14.60305778500003], [121.01915248400007, 14.60318034400006], [121.01884147200006, 14.603429566000047], [121.01831835200005, 14.603730381000046], [121.01750923600004, 14.604432004000044], [121.01738069600005, 14.604492710000049], [121.01403880000011, 14.607047990000071], [121.01395709100008, 14.607172297000035], [121.011603852, 14.608903179000038], [121.01043199200002, 14.609786651000029], [121.00929601200005, 14.610673834000064], [121.00814371100012, 14.611550319000058], [121.00693335200005, 14.612490049000025], [121.00527159200011, 14.613859173000034], [121.00513745100012, 14.61389753100008], [121.00383280200003, 14.614943856000027], [121.00178647300005, 14.61653489300005], [121.0011365250001, 14.617014762000053], [121.00090395600012, 14.617163571000049], [120.99969870100006, 14.618048418000052], [120.99855723700013, 14.61892318600007], [120.99734444900004, 14.619831861000023], [120.99615852400008, 14.620766815000017], [120.99499145300001, 14.621658028000068], [120.99380839000003, 14.622573475000028], [120.99148629900003, 14.624330428000059], [120.99050059500007, 14.625151778000031], [120.99030267, 14.625278689000028], [120.98988594100001, 14.62564046500006], [120.98981743500008, 14.625833584000079], [120.989838436, 14.626014646000046], [120.99022687100012, 14.62741776000007], [120.99110165800006, 14.630070341000021], [120.99141418700002, 14.630953248000026], [120.9920053820001, 14.632754540000066], [120.9924688010001, 14.634112853000037], [120.99305930000003, 14.635932792000059], [120.9919136100001, 14.636338079000042], [120.99197344400011, 14.636527028000048], [120.9903484260001, 14.637042884000037], [120.98849475700001, 14.637619194000019], [120.98820503500008, 14.63773415400004], [120.98836639300008, 14.638042419000042], [120.98869048200005, 14.639213884000071], [120.98886937800013, 14.639798129000043], [120.98762064800009, 14.639743387000067], [120.98664409800006, 14.639731894000022], [120.98568229900003, 14.639655100000025], [120.98508259400012, 14.63997936800007]]]}, "properties": {"city": "Manila", "outdoor_courts": 92, "covered_courts": 113, "total_courts": 205, "population_2024": 1902590, "courts_per_100k": 10.77, "land_area_km2": 42.1, "courts_per_km2": 4.87}, "id": 1380600000}, {"type": "Feature", "geometry": {"type": "Polygon", "coordinates": [[[121.05966011600003, 14.59007071800005], [121.05728732400006, 14.589617128000045], [121.05937078800004, 14.595790518000054], [121.05975421100005, 14.597914198000073], [121.05924493500004, 14.601644073000044], [121.05635924700005, 14.600756525000069], [121.0517763150001, 14.601365661000047], [121.04897294500006, 14.598998497000023], [121.0435567290001, 14.59399620300007], [121.04126796900006, 14.593033846000024], [121.0415911020001, 14.592111770000027], [121.0383168310001, 14.592184007000077], [121.03468091900004, 14.590720646000024], [121.03340201700009, 14.591662477000053], [121.03210431600007, 14.593366362000042], [121.02724899300004, 14.595871856000032], [121.02603883000006, 14.59479852000004], [121.02544239200006, 14.59252214500003], [121.02596856100001, 14.591916051000057], [121.02275564600008, 14.589328393000072], [121.02108892700005, 14.587133096000061], [121.02156357800004, 14.586328827000045], [121.02026938100005, 14.585572471000031], [121.01964556300004, 14.584084904000063], [121.01704669300013, 14.580975754000068], [121.01761120300011, 14.579408116000023], [121.02609052700006, 14.574203588000051], [121.03008016600006, 14.57088714800005], [121.0332202510001, 14.568020304000068], [121.03467973800004, 14.567247635000056], [121.03678069000011, 14.56727716700004], [121.04275851500006, 14.568696423000064], [121.047099869, 14.568297716000073], [121.04961303600008, 14.56855985000004], [121.0513976430001, 14.56794117400006], [121.05197249900003, 14.569232224000075], [121.05366349700013, 14.570894158000044], [121.05589603300007, 14.57212743800005], [121.05595320400005, 14.576604542000045], [121.05987154900005, 14.581568914000059], [121.06000831000007, 14.582992793000074], [121.05966011600003, 14.59007071800005]]]}, "properties": {"city": "Mandaluyong", "outdoor_courts": 36, "covered_courts": 29, "total_courts": 65, "population_2024": 465902, "courts_per_100k": 13.95, "land_area_km2": 11.38, "courts_per_km2": 5.71}, "id": 1380500000}, {"type": "Feature", "geometry": {"type": "Polygon", "coordinates": [[[121.10187866500006, 14.620657343000058], [121.10495984200008, 14.621358134000042], [121.10439943700011, 14.622481875000059], [121.1048362360001, 14.623409073000063], [121.10399020800003, 14.624620055000037], [121.10383662500008, 14.626708193000074], [121.1046452280001, 14.627453533000049], [121.10503404200007, 14.629886167000052], [121.10581538500003, 14.632029280000037], [121.10549838300007, 14.632654354000069], [121.10780032000004, 14.635984015000078], [121.1085360820001, 14.636495850000076], [121.11071726500006, 14.635876024000027], [121.11207000800005, 14.63616927600003], [121.11358356700009, 14.63790040900006], [121.11583293700004, 14.638273890000049], [121.11717232700003, 14.63692851900004], [121.11858878300006, 14.636745531000033], [121.1190631940001, 14.635478176000046], [121.12065846700011, 14.635643092000066], [121.12278393400004, 14.636806527000036], [121.12376552, 14.637800583000056], [121.125227945, 14.636074749000047], [121.12718665400007, 14.635966894000035], [121.12824011300006, 14.635051541000053], [121.13001300700012, 14.634344953000038], [121.13011307700005, 14.635690105000036], [121.12855805700009, 14.643593338000073], [121.12915155900009, 14.646061711000073], [121.1306113710001, 14.650360651000028], [121.13133300500012, 14.65346521900005], [121.13300750300004, 14.653534725000045], [121.13460987400005, 14.654541611000075], [121.13503641400007, 14.657663518000053], [121.13486852100006, 14.65885238300007], [121.13294455500011, 14.661352631000055], [121.13064850100012, 14.664855701000018], [121.13120663300003, 14.66783240300003], [121.1299905410001, 14.668517589000038], [121.12723618400004, 14.66918008700003], [121.1261471470001, 14.66997417700003], [121.12470417300005, 14.668567503000082], [121.12501273300006, 14.66685227000005], [121.1218227620001, 14.666384891000062], [121.12003175300003, 14.669176499000063], [121.12053310700004, 14.670488563000047], [121.11938816800013, 14.67146036300005], [121.11687185500011, 14.672265569000047], [121.11615055800007, 14.673949245000072], [121.11465971400003, 14.673711600000047], [121.11534778900013, 14.67240799900003], [121.11343346100011, 14.671622149000026], [121.11236098400002, 14.672821908000062], [121.11188912900003, 14.671163089000062], [121.11069446700003, 14.669853092000036], [121.10980520500004, 14.670931547000068], [121.11057805500003, 14.672975989000063], [121.10670234300007, 14.675499389000038], [121.10501345900002, 14.67473604200006], [121.10266634800007, 14.67167336500006], [121.099626681, 14.669651418000056], [121.098616266, 14.667636759000061], [121.09882837200006, 14.666110849000061], [121.09772600800011, 14.663973611000074], [121.09521536200008, 14.667784628000051], [121.09180481500005, 14.664279691000052], [121.08976019500005, 14.662515672000044], [121.0891874670001, 14.659933092000076], [121.08894474200007, 14.656023565000051], [121.0873358120001, 14.65224377800007], [121.08550148100007, 14.652697972000059], [121.08497514300005, 14.65147422900003], [121.08586631500009, 14.649442658000053], [121.08747404600001, 14.648406804000048], [121.08710472000007, 14.647193488000026], [121.08770942400008, 14.64482326500007], [121.08577766200005, 14.644432676000068], [121.08541695100007, 14.643680831000037], [121.08370051300007, 14.64383407300005], [121.08222618100002, 14.642168659000045], [121.08250770400002, 14.641327715000042], [121.08152851200008, 14.639122946000045], [121.07976794200012, 14.637863750000067], [121.07904700900008, 14.636471510000034], [121.07726146400012, 14.635160464000021], [121.07754588900004, 14.631639688000066], [121.07690482200007, 14.629546291000052], [121.0744057940001, 14.628550651000067], [121.07504564100009, 14.625175071000061], [121.07485134300009, 14.624477300000025], [121.07648373800009, 14.62181915000002], [121.07553645500003, 14.619686231000056], [121.07903023100006, 14.617969850000065], [121.08112223800002, 14.61993573700005], [121.08254504000001, 14.622996320000029], [121.08365058700008, 14.624011572000027], [121.08469085900003, 14.623888743000062], [121.08659675500007, 14.622718361000064], [121.08821069300006, 14.622721855000067], [121.08856978400003, 14.621768791000019], [121.092699777, 14.621755060000057], [121.09267403100012, 14.62138573400006], [121.0973820390001, 14.620831567000034], [121.09784730800004, 14.619839287000046], [121.10187866500006, 14.620657343000058]]]}, "properties": {"city": "Marikina", "outdoor_courts": 43, "covered_courts": 65, "total_courts": 108, "population_2024": 471323, "courts_per_100k": 22.91, "land_area_km2": 23.0, "courts_per_km2": 4.7}, "id": 1380700000}, {"type": "Feature", "geometry": {"type": "Polygon", "coordinates": [[[121.10187866500006, 14.620657343000058], [121.09784730800004, 14.619839287000046], [121.0973820390001, 14.620831567000034], [121.09267403100012, 14.62138573400006], [121.092699777, 14.621755060000057], [121.08856978400003, 14.621768791000019], [121.08821069300006, 14.622721855000067], [121.08659675500007, 14.622718361000064], [121.08469085900003, 14.623888743000062], [121.08365058700008, 14.624011572000027], [121.08254504000001, 14.622996320000029], [121.08112223800002, 14.61993573700005], [121.07903023100006, 14.617969850000065], [121.07836434700003, 14.615291516000065], [121.0796125820001, 14.612652648000054], [121.08560480100004, 14.608248852000033], [121.088134791, 14.60606859500007], [121.08868154700009, 14.60454718900007], [121.09034558500002, 14.60169455200003], [121.0902267250001, 14.599483759000066], [121.08856268700002, 14.599032092000073], [121.08744540400006, 14.599864111000048], [121.08711259700009, 14.601290429000066], [121.0849731190001, 14.603263502000061], [121.08280987, 14.603097099000028], [121.08233443100006, 14.601528149000043], [121.08255804800001, 14.599221817000057], [121.08227194300004, 14.595044767000047], [121.08246126800009, 14.592588593000073], [121.08304477700004, 14.590232025000034], [121.07988362900005, 14.589722746000067], [121.07979669400004, 14.591924165000023], [121.07753224500004, 14.59282866900003], [121.07373880000011, 14.593387968000059], [121.06984751700008, 14.593268286000068], [121.06821923400003, 14.591994086000057], [121.05966011600003, 14.59007071800005], [121.06000831000007, 14.582992793000074], [121.05987154900005, 14.581568914000059], [121.05595320400005, 14.576604542000045], [121.05589603300007, 14.57212743800005], [121.05366349700013, 14.570894158000044], [121.05197249900003, 14.569232224000075], [121.0513976430001, 14.56794117400006], [121.05461935400001, 14.565839834000034], [121.05847070900008, 14.56487333800004], [121.05999299200003, 14.563979678000063], [121.06277397600002, 14.56146428900007], [121.06548292700006, 14.560719451000068], [121.06700656800001, 14.559267901000055], [121.0668738610001, 14.557730600000067], [121.06573853800013, 14.556140063000042], [121.06454746800011, 14.553111145000063], [121.06546257500008, 14.552184556000046], [121.06806516000005, 14.55197344000004], [121.070956066, 14.552397345000024], [121.07230413700006, 14.551312164000024], [121.07582496400005, 14.549826778000067], [121.074889535, 14.547957003000022], [121.07734404200005, 14.546629719000068], [121.07960285600007, 14.54668392800005], [121.08109244600007, 14.547432314000044], [121.08775358300012, 14.546951751000055], [121.08782208900006, 14.545304730000057], [121.09436799700006, 14.546736230000024], [121.09461579500011, 14.54528316000005], [121.09603956500008, 14.544073339000025], [121.09640908400003, 14.54295294000008], [121.09628064200002, 14.540916531000049], [121.09772677700006, 14.53935776000003], [121.09861658900002, 14.537761749000024], [121.1025833670001, 14.534944976000077], [121.10312960100009, 14.532247055000026], [121.10359037400008, 14.532237988000077], [121.10473370800003, 14.53610740900007], [121.10550936600009, 14.536121083000067], [121.10586833200011, 14.538841992000071], [121.10571950800012, 14.54044141300005], [121.10700168300002, 14.545701014000032], [121.10933757300005, 14.545909922000023], [121.10972207600004, 14.546624930000064], [121.10847763500009, 14.548002461000065], [121.10564045200012, 14.550432530000025], [121.10181875400009, 14.552660610000034], [121.1010147510001, 14.553572467000036], [121.09912240200003, 14.55331753900003], [121.09812230000013, 14.554700033000076], [121.09782794500005, 14.55684602000002], [121.09818071600012, 14.55859849700005], [121.09637116600004, 14.560206091000047], [121.09808476800005, 14.562368499000058], [121.09594815500009, 14.56385213200002], [121.09661020100009, 14.565067988000065], [121.0968965510001, 14.569254547000074], [121.09826511900008, 14.569990275000062], [121.10176341700003, 14.573731944000032], [121.1009745340001, 14.574820267000064], [121.10662579700012, 14.578698630000076], [121.108022032, 14.578993337000044], [121.10905753300005, 14.580946777000065], [121.10844074200008, 14.583206197000042], [121.10820723100005, 14.585650816000054], [121.10864271800007, 14.587715427000031], [121.10345673100007, 14.588897737000025], [121.10369517200003, 14.593668617000048], [121.10484580400009, 14.593488223000069], [121.10475710500009, 14.592228198000042], [121.11044978200005, 14.592235448000055], [121.11018084600006, 14.594523767000064], [121.10944480900002, 14.59553817600005], [121.10944086300003, 14.597255581000068], [121.10571949400003, 14.603391834000034], [121.1019327580001, 14.615649672000071], [121.1016444060001, 14.618594488000044], [121.10187866500006, 14.620657343000058]]]}, "properties": {"city": "Pasig", "outdoor_courts": 89, "covered_courts": 69, "total_courts": 158, "population_2024": 853050, "courts_per_100k": 18.52, "land_area_km2": 31.38, "courts_per_km2": 5.04}, "id": 1381200000}, {"type": "Feature", "geometry": {"type": "Polygon", "coordinates": [[[121.10670234300007, 14.675499389000038], [121.10837328900004, 14.677084282000063], [121.1102885480001, 14.680571536000054], [121.1121687010001, 14.684747919000074], [121.11113734900005, 14.690639048000039], [121.11146916300005, 14.69566768200002], [121.1123498280001, 14.69662989000006], [121.11467589100003, 14.697843459000072], [121.1188702610001, 14.69748591500007], [121.12010187400006, 14.698593123000025], [121.1204377690001, 14.701429566000058], [121.11813914000004, 14.703424914000038], [121.11640583700012, 14.705626875000062], [121.11599242800001, 14.709234545000077], [121.11791254900004, 14.712185830000061], [121.11977186300008, 14.711820449000072], [121.12281391200008, 14.709291985000053], [121.12240337400011, 14.707811561000028], [121.12375939200001, 14.707338821000066], [121.12461778900001, 14.70874460200002], [121.12515949800002, 14.715554877000042], [121.1246760360001, 14.716833780000057], [121.12559519300008, 14.717889362000049], [121.125063575, 14.719831102000057], [121.1258152700001, 14.72139937300005], [121.13098795500002, 14.722917543000053], [121.13150281800007, 14.724533383000052], [121.13085372500007, 14.726473451000059], [121.12926705300002, 14.728125032000037], [121.12776692600004, 14.727108120000024], [121.12614072600003, 14.726651681000025], [121.12350383900002, 14.72766879000005], [121.12169877500003, 14.725227084000041], [121.12032009500001, 14.726522029000028], [121.11924025400003, 14.729137145000035], [121.11802297800013, 14.729928850000022], [121.11870280600009, 14.73293584300006], [121.12097236300009, 14.73472861900007], [121.12234659300009, 14.738127089000043], [121.11959851600012, 14.73969527200006], [121.1181097640001, 14.739392745000027], [121.11763655500012, 14.740768134000062], [121.11836707200008, 14.743532162000067], [121.11777222700005, 14.746046385000053], [121.11873846800006, 14.74770478100004], [121.11822157000006, 14.749419337000065], [121.12049246400011, 14.751638564000077], [121.12128729400001, 14.75389977700007], [121.12093331600012, 14.755079704000021], [121.12163560400006, 14.757725479000044], [121.12321421500009, 14.75801924200005], [121.12336595700005, 14.759635358000024], [121.12537554800008, 14.760804572000037], [121.12603578200002, 14.762583980000045], [121.1255521490001, 14.764895532000025], [121.12478007000006, 14.766289029000061], [121.12647283200009, 14.767236921000064], [121.12984058600013, 14.772511793000037], [121.1331451210001, 14.773060869000062], [121.13328835100003, 14.774261170000042], [121.1349717920001, 14.776730445000055], [121.13358931500012, 14.777655922000061], [121.1321174950001, 14.776390408000054], [121.13106080300008, 14.77648349700007], [121.12883497500002, 14.77756299700008], [121.12513574900004, 14.775459382000063], [121.12119922200007, 14.776029560000044], [121.11989027600008, 14.775129153000025], [121.11842563900008, 14.773382847000047], [121.114652653, 14.77216348600007], [121.11324457400008, 14.76853813100007], [121.11029895500008, 14.765486012000054], [121.10968224500004, 14.763837527000021], [121.10491462400012, 14.762656063000058], [121.101977884, 14.765484873000048], [121.09972917900006, 14.765222305000064], [121.09979889200008, 14.762714034000055], [121.09601146000011, 14.761322715000063], [121.09548292100011, 14.761407840000059], [121.09304510600008, 14.759429213000034], [121.09102126100005, 14.758445970000023], [121.0889511250001, 14.758365389000062], [121.08593385900008, 14.758682793000048], [121.08510321200002, 14.755667133000037], [121.08478153300007, 14.75184930800003], [121.08223488200008, 14.747933876000046], [121.08066853900004, 14.746362467000038], [121.07854430900012, 14.745576093000066], [121.07793937200006, 14.744757917000076], [121.0778048410001, 14.742486227000027], [121.07590154000002, 14.741437949000046], [121.0750391780001, 14.74019406700006], [121.07305401700013, 14.741289159000067], [121.07191797200005, 14.740359532000072], [121.068733134, 14.740353688000027], [121.06872684000007, 14.739147358000027], [121.0672327310001, 14.73920210400007], [121.06725470200003, 14.742203238000055], [121.06243213600011, 14.742221981000057], [121.06121525100004, 14.742005834000054], [121.05939574700005, 14.742442736000044], [121.05332690700006, 14.742122499000061], [121.05330898600005, 14.74011838000007], [121.0517839580001, 14.74056763200002], [121.04995996900004, 14.742089111000041], [121.04083690900006, 14.742111187000035], [121.03876741500007, 14.740554238000074], [121.0394191370001, 14.739902463000021], [121.03941935900002, 14.737598432000027], [121.03786539900011, 14.737582474000023], [121.03789804500002, 14.73601830500007], [121.03397876600002, 14.735899964000055], [121.03215825500001, 14.733171696000056], [121.028081884, 14.733364325000029], [121.02777499400008, 14.732288591000042], [121.02878736700008, 14.729425610000018], [121.02622533300007, 14.72846244000004], [121.02383979900003, 14.728499939000072], [121.02380790200003, 14.727136340000072], [121.02558428100006, 14.725623835000023], [121.02335320600002, 14.724037701000043], [121.0202148840001, 14.724787652000028], [121.01912869300008, 14.722509719000072], [121.01912479600004, 14.720997419000074], [121.01769830200008, 14.71948370900003], [121.01443080000003, 14.719158309000022], [121.01438033300008, 14.716844606000056], [121.01364662500008, 14.716456401000073], [121.01481318200001, 14.713921421000068], [121.01414158700004, 14.711130226000023], [121.01452979200008, 14.710004431000076], [121.01701624600004, 14.70898151000006], [121.01715600000011, 14.70700166300003], [121.01889460700012, 14.706589749000045], [121.01770183400004, 14.704319936000049], [121.01804517500011, 14.703399596000056], [121.01741082300009, 14.701962527000038], [121.01807748700003, 14.700317976000068], [121.02023904300006, 14.698159821000047], [121.02321862300006, 14.695756770000058], [121.02462678100007, 14.693772084000045], [121.023666519, 14.69069406200003], [121.02257449100011, 14.690437151000024], [121.02265398600002, 14.687140174000033], [121.01874570100006, 14.685089179000041], [121.01537145100008, 14.680616881000052], [121.008109782, 14.67347271400007], [121.00661504400013, 14.673018934000025], [121.00549789400009, 14.67190995900006], [121.00290500100006, 14.667149498000072], [121.00069382100004, 14.664714165000074], [121.000290521, 14.662330674000032], [120.99966159700013, 14.661869980000061], [120.99997349600005, 14.65879779600004], [120.99896148300002, 14.657174245000023], [120.99882198000012, 14.655787306000033], [120.99661483500006, 14.653201599000052], [120.99574189600003, 14.650091837000051], [120.9958382410001, 14.648932370000065], [120.99402602500005, 14.64764732900005], [120.99349124100002, 14.646608790000073], [120.99294598600011, 14.643771328000065], [120.99127371500005, 14.639904883000044], [120.99231494800007, 14.638022979000029], [120.99343821600009, 14.637072620000026], [120.99022687100012, 14.62741776000007], [120.98988594100001, 14.62564046500006], [120.99148629900003, 14.624330428000059], [121.00178647300005, 14.61653489300005], [121.01043199200002, 14.609786651000029], [121.01915248400007, 14.60318034400006], [121.01962265700001, 14.60305778500003], [121.02000690000011, 14.604294996000016], [121.02227899300009, 14.607380090000051], [121.02159291500006, 14.609916806000058], [121.02306872700002, 14.611972012000018], [121.02328190000003, 14.613483535000057], [121.02492460700012, 14.61341794300006], [121.025902652, 14.612299970000036], [121.02864453100005, 14.612030739000028], [121.0298228580001, 14.613123084000055], [121.03116610300003, 14.612183060000062], [121.03366033100006, 14.609645783000078], [121.0356836310001, 14.608590217000033], [121.03685725600009, 14.608459181000057], [121.0377023420001, 14.606355012000055], [121.04110943500007, 14.608861440000057], [121.04299056400009, 14.609623737000051], [121.04407823200006, 14.608882567000016], [121.04566732500007, 14.608639345000029], [121.05003333600006, 14.609656116000057], [121.05206674800003, 14.604565912000057], [121.05698226300002, 14.606653918000061], [121.05924493500004, 14.601644073000044], [121.05975421100005, 14.597914198000073], [121.05937078800004, 14.595790518000054], [121.05728732400006, 14.589617128000045], [121.05966011600003, 14.59007071800005], [121.06821923400003, 14.591994086000057], [121.06984751700008, 14.593268286000068], [121.07373880000011, 14.593387968000059], [121.07753224500004, 14.59282866900003], [121.07979669400004, 14.591924165000023], [121.07988362900005, 14.589722746000067], [121.08304477700004, 14.590232025000034], [121.08246126800009, 14.592588593000073], [121.08227194300004, 14.595044767000047], [121.08255804800001, 14.599221817000057], [121.08233443100006, 14.601528149000043], [121.08280987, 14.603097099000028], [121.0849731190001, 14.603263502000061], [121.08711259700009, 14.601290429000066], [121.08744540400006, 14.599864111000048], [121.08856268700002, 14.599032092000073], [121.0902267250001, 14.599483759000066], [121.09034558500002, 14.60169455200003], [121.08868154700009, 14.60454718900007], [121.088134791, 14.60606859500007], [121.08560480100004, 14.608248852000033], [121.0796125820001, 14.612652648000054], [121.07836434700003, 14.615291516000065], [121.07903023100006, 14.617969850000065], [121.07553645500003, 14.619686231000056], [121.07648373800009, 14.62181915000002], [121.07485134300009, 14.624477300000025], [121.07504564100009, 14.625175071000061], [121.0744057940001, 14.628550651000067], [121.07690482200007, 14.629546291000052], [121.07754588900004, 14.631639688000066], [121.07726146400012, 14.635160464000021], [121.07904700900008, 14.636471510000034], [121.07976794200012, 14.637863750000067], [121.08152851200008, 14.639122946000045], [121.08250770400002, 14.641327715000042], [121.08222618100002, 14.642168659000045], [121.08370051300007, 14.64383407300005], [121.08541695100007, 14.643680831000037], [121.08577766200005, 14.644432676000068], [121.08770942400008, 14.64482326500007], [121.08710472000007, 14.647193488000026], [121.08747404600001, 14.648406804000048], [121.08586631500009, 14.649442658000053], [121.08497514300005, 14.65147422900003], [121.08550148100007, 14.652697972000059], [121.0873358120001, 14.65224377800007], [121.08894474200007, 14.656023565000051], [121.0891874670001, 14.659933092000076], [121.08976019500005, 14.662515672000044], [121.09180481500005, 14.664279691000052], [121.09521536200008, 14.667784628000051], [121.09772600800011, 14.663973611000074], [121.09882837200006, 14.666110849000061], [121.098616266, 14.667636759000061], [121.099626681, 14.669651418000056], [121.10266634800007, 14.67167336500006], [121.10501345900002, 14.67473604200006], [121.10670234300007, 14.675499389000038]]]}, "properties": {"city": "Quezon City", "outdoor_courts": 221, "covered_courts": 306, "total_courts": 527, "population_2024": 3084270, "courts_per_100k": 17.09, "land_area_km2": 163.09, "courts_per_km2": 3.23}, "id": 1381300000}, {"type": "Feature", "geometry": {"type": "Polygon", "coordinates": [[[121.05924493500004, 14.601644073000044], [121.05698226300002, 14.606653918000061], [121.05206674800003, 14.604565912000057], [121.05003333600006, 14.609656116000057], [121.04566732500007, 14.608639345000029], [121.04407823200006, 14.608882567000016], [121.04299056400009, 14.609623737000051], [121.04110943500007, 14.608861440000057], [121.0377023420001, 14.606355012000055], [121.03685725600009, 14.608459181000057], [121.0356836310001, 14.608590217000033], [121.03366033100006, 14.609645783000078], [121.03116610300003, 14.612183060000062], [121.0298228580001, 14.613123084000055], [121.02864453100005, 14.612030739000028], [121.025902652, 14.612299970000036], [121.02492460700012, 14.61341794300006], [121.02328190000003, 14.613483535000057], [121.02306872700002, 14.611972012000018], [121.02159291500006, 14.609916806000058], [121.02227899300009, 14.607380090000051], [121.02000690000011, 14.604294996000016], [121.01962265700001, 14.60305778500003], [121.02008664800006, 14.601735905000055], [121.02346203800005, 14.599584719000067], [121.025072969, 14.597095050000062], [121.02603883000006, 14.59479852000004], [121.02724899300004, 14.595871856000032], [121.03210431600007, 14.593366362000042], [121.03340201700009, 14.591662477000053], [121.03468091900004, 14.590720646000024], [121.0383168310001, 14.592184007000077], [121.0415911020001, 14.592111770000027], [121.04126796900006, 14.593033846000024], [121.0435567290001, 14.59399620300007], [121.04897294500006, 14.598998497000023], [121.0517763150001, 14.601365661000047], [121.05635924700005, 14.600756525000069], [121.05924493500004, 14.601644073000044]]]}, "properties": {"city": "San Juan", "outdoor_courts": 21, "covered_courts": 7, "total_courts": 28, "population_2024": 134312, "courts_per_100k": 20.85, "land_area_km2": 5.78, "courts_per_km2": 4.84}, "id": 1381400000}, {"type": "Feature", "geometry": {"type": "MultiPolygon", "coordinates": [[[[121.01480963500002, 14.709835197000068], [121.01452979200008, 14.710004431000076], [121.01414158700004, 14.711130226000023], [121.0145606550001, 14.712077194000075], [121.01481318200001, 14.713921421000068], [121.01447068900006, 14.714330269000072], [121.01364662500008, 14.716456401000073], [121.01438033300008, 14.716844606000056], [121.01454337900009, 14.71852941700007], [121.01443080000003, 14.719158309000022], [121.01588268700004, 14.719439111000044], [121.01769830200008, 14.71948370900003], [121.01848294900005, 14.720627541000047], [121.01912479600004, 14.720997419000074], [121.01912869300008, 14.722509719000072], [121.01991305800006, 14.72344365200007], [121.0202148840001, 14.724787652000028], [121.02335320600002, 14.724037701000043], [121.02406772800009, 14.724791067000067], [121.02558428100006, 14.725623835000023], [121.02380790200003, 14.727136340000072], [121.02383979900003, 14.728499939000072], [121.02437651700006, 14.728564438000037], [121.02622533300007, 14.72846244000004], [121.02766724600006, 14.728865244000076], [121.02813600600007, 14.72794986400004], [121.0290289940001, 14.728308590000042], [121.02878736700008, 14.729425610000018], [121.02736084300011, 14.730136578000039], [121.02753240100003, 14.730544724000024], [121.02832626300007, 14.730940495000029], [121.02831117400002, 14.731869442000058], [121.02777499400008, 14.732288591000042], [121.028081884, 14.733364325000029], [121.02857244000005, 14.733174388000064], [121.02961591200007, 14.733342706000027], [121.03135239400002, 14.733001228000033], [121.03115858200012, 14.732206911000048], [121.03190821800001, 14.731987090000077], [121.03215825500001, 14.733171696000056], [121.03279387900011, 14.734112289000052], [121.03292862800004, 14.734785025000065], [121.03397876600002, 14.735899964000055], [121.03540770600013, 14.736113923000058], [121.03643132800006, 14.735962432000063], [121.03789804500002, 14.73601830500007], [121.03786539900011, 14.737582474000023], [121.03941935900002, 14.737598432000027], [121.0394191370001, 14.739902463000021], [121.03877812100006, 14.740063725000033], [121.03876741500007, 14.740554238000074], [121.03966093100007, 14.741331094000026], [121.04083690900006, 14.742111187000035], [121.04651201500008, 14.742163832000074], [121.04995996900004, 14.742089111000041], [121.05025189700005, 14.741633056000074], [121.05090645200005, 14.741549368000051], [121.05181622000009, 14.74186253200003], [121.0517839580001, 14.74056763200002], [121.05261358400001, 14.740044656000062], [121.05330898600005, 14.74011838000007], [121.05332690700006, 14.742122499000061], [121.05506696000009, 14.742216556000075], [121.05694176700001, 14.742190329000032], [121.05707797800005, 14.742319064000071], [121.05939574700005, 14.742442736000044], [121.06121525100004, 14.742005834000054], [121.06243213600011, 14.742221981000057], [121.065091015, 14.742195218000063], [121.066429803, 14.742286459000072], [121.06725470200003, 14.742203238000055], [121.0672327310001, 14.73920210400007], [121.06872684000007, 14.739147358000027], [121.068733134, 14.740353688000027], [121.07191797200005, 14.740359532000072], [121.07305401700013, 14.741289159000067], [121.07356518400003, 14.740905249000035], [121.0750391780001, 14.74019406700006], [121.07590154000002, 14.741437949000046], [121.07630441700007, 14.741747311000037], [121.07751648300008, 14.74211136700006], [121.0778048410001, 14.742486227000027], [121.07793937200006, 14.744757917000076], [121.07854430900012, 14.745576093000066], [121.08066853900004, 14.746362467000038], [121.08223488200008, 14.747933876000046], [121.08393741200007, 14.75034921300005], [121.08478153300007, 14.75184930800003], [121.08510321200002, 14.755667133000037], [121.08593385900008, 14.758682793000048], [121.0876573800001, 14.758328206000044], [121.0889511250001, 14.758365389000062], [121.08972931900007, 14.758835195000074], [121.09102126100005, 14.758445970000023], [121.09304510600008, 14.759429213000034], [121.09548292100011, 14.761407840000059], [121.09601146000011, 14.761322715000063], [121.0973230830001, 14.761922454000059], [121.09762136900007, 14.762776548000032], [121.09801978300005, 14.762209681000057], [121.09952975800002, 14.762415026000038], [121.09979889200008, 14.762714034000055], [121.09968506100006, 14.766454212000044], [121.0998791180001, 14.76711295200005], [121.09939658100006, 14.768718734000059], [121.09935888700012, 14.771236387000046], [121.09892492100006, 14.771526875000058], [121.09843658800003, 14.771304286000031], [121.09820947700007, 14.769703594000077], [121.09759307400009, 14.768762164000071], [121.0962001490001, 14.76831194900006], [121.0955979680001, 14.768318172000019], [121.095106642, 14.768783995000039], [121.09531036500005, 14.770180110000071], [121.09503491700002, 14.77087375600007], [121.09389891800004, 14.77095770400007], [121.09335466400013, 14.770368447000065], [121.0928342100001, 14.768191757000068], [121.0923018750001, 14.76753104800002], [121.0911466020001, 14.767229904000034], [121.09064479400001, 14.767453811000047], [121.09054440500006, 14.768173698000052], [121.09015714500005, 14.769048742000054], [121.08946408500003, 14.76948084600002], [121.08898496300003, 14.769471197000028], [121.08833652600003, 14.76847360600004], [121.08710074800001, 14.767972939000064], [121.08634344800011, 14.768547111000025], [121.08637318700006, 14.769358921000041], [121.08738399900004, 14.76999551100005], [121.08797582000011, 14.77057416800005], [121.08748468800003, 14.771180203000029], [121.08660551100002, 14.771540849000077], [121.0864822760001, 14.772597159000043], [121.08667372000002, 14.773334395000063], [121.085874998, 14.773785710000029], [121.08497973000011, 14.773258103000051], [121.08382999100003, 14.773037461000053], [121.08337654800005, 14.773487076000036], [121.08346145100005, 14.774034692000045], [121.08304100300006, 14.774688936000071], [121.08218891600005, 14.774794198000054], [121.08191825000007, 14.774088898000059], [121.0820467200001, 14.773313995000022], [121.08191778900004, 14.772307902000023], [121.08140557900003, 14.77128168300004], [121.08093383800008, 14.771124569000047], [121.08054989000004, 14.771693627000046], [121.08057925900005, 14.773136531000029], [121.07912538000005, 14.773242980000074], [121.07760115800012, 14.773477818000057], [121.07825860100002, 14.77455192000002], [121.07826791200013, 14.774869666000031], [121.0773911670001, 14.77656839000002], [121.0768042860001, 14.776505192000059], [121.07692634300008, 14.775503944000036], [121.07670666200012, 14.77495232100006], [121.0754666160001, 14.773958638000067], [121.07389394100005, 14.77327141100005], [121.07363568900007, 14.772427819000029], [121.072213507, 14.771775369000066], [121.07180943600008, 14.772036130000062], [121.07197615500002, 14.773307469000027], [121.07265126400011, 14.774510091000023], [121.07252365000012, 14.774988801000065], [121.07150042900004, 14.775874928000059], [121.07070745300007, 14.77583618900007], [121.0701767710001, 14.774535296000067], [121.06879491500003, 14.774152510000025], [121.06766579700002, 14.77410108600003], [121.06686522900009, 14.773716812000034], [121.0664698710001, 14.774105625000065], [121.06660429500005, 14.774842567000068], [121.06710061700007, 14.775743553000042], [121.06706325800008, 14.776512402000037], [121.06665764700006, 14.777130279000067], [121.06565511200004, 14.777533081000055], [121.0652022700001, 14.777228587000016], [121.06525060000001, 14.776387673000041], [121.06428749500003, 14.775553201000037], [121.06298962200002, 14.774852559000065], [121.0624387490001, 14.775436295000077], [121.0623886750001, 14.776325968000037], [121.06281705200003, 14.778272510000019], [121.06281189200001, 14.778688669000076], [121.06196595900006, 14.779353767000028], [121.0614018660001, 14.779166082000076], [121.06045828700007, 14.778259883000029], [121.05988944300009, 14.776986645000024], [121.05954269600012, 14.777101461000024], [121.05941820400005, 14.777970503000065], [121.05955589500002, 14.77855542100002], [121.059354126, 14.779177502000035], [121.0594043860001, 14.780324859000077], [121.05921910000006, 14.78073179800003], [121.05747752800004, 14.780195], [121.05655868000008, 14.780805467000048], [121.05542050700002, 14.782563240000055], [121.05494596900007, 14.782469727000036], [121.05497515600008, 14.781763736000075], [121.0545822250001, 14.781180080000071], [121.05379426800005, 14.781717712000045], [121.05368318800002, 14.782601996000038], [121.05296788200008, 14.782888909000064], [121.05101531800004, 14.782603874000076], [121.04992521500003, 14.783156044000066], [121.04951190900012, 14.78292877600006], [121.04932499400003, 14.782128605000024], [121.04880114500008, 14.781768461000068], [121.04825023900004, 14.782252495000023], [121.04780707300004, 14.782186820000048], [121.04633042500006, 14.781540250000035], [121.04525111200007, 14.780866359000074], [121.04394383900002, 14.780403640000033], [121.0418419670001, 14.781663160000052], [121.04159203800009, 14.783451603000058], [121.04130584100005, 14.783938283000055], [121.04062808800006, 14.783981525000055], [121.03890663000006, 14.78503162200007], [121.03815293800005, 14.785291728000058], [121.03660893900008, 14.785214485000042], [121.03622028000007, 14.784694722000035], [121.0363578050001, 14.783937876000035], [121.03605047000009, 14.783707014000072], [121.03525512500003, 14.783724126000042], [121.03469887500012, 14.784508153000044], [121.03406612100002, 14.784544012000023], [121.03388966500006, 14.783564930000065], [121.03245826100012, 14.782928769000023], [121.03174676900004, 14.782937383000052], [121.03119942900003, 14.78339320600003], [121.03095364500005, 14.784041785000056], [121.03023198800008, 14.783737745000053], [121.03017164600011, 14.782975645000022], [121.0306831470001, 14.781990379000035], [121.03008824000004, 14.781390382000037], [121.02891282100006, 14.781845572000062], [121.028329718, 14.781832778000021], [121.02796889500009, 14.781271736000066], [121.02795359100004, 14.780252007000055], [121.02754561700009, 14.779738990000048], [121.02500613600012, 14.779326235000038], [121.02576608700008, 14.778312872000068], [121.0263268330001, 14.778031824000038], [121.02796506000004, 14.77811934500005], [121.02805707100003, 14.777713108000055], [121.026778938, 14.776833145000065], [121.02600331800011, 14.776554988000047], [121.0259258860001, 14.77579609600002], [121.02735673500001, 14.77548926900005], [121.02730961300006, 14.774709380000047], [121.02670983100005, 14.774441067000055], [121.02387844400006, 14.774326453000072], [121.02353639000012, 14.773813576000064], [121.02385302800008, 14.77264812900006], [121.02568929400002, 14.77213637200003], [121.02618289400004, 14.772297328000038], [121.02631098800009, 14.771615149000072], [121.0266373400001, 14.771406580000077], [121.02559118500007, 14.768634566000058], [121.02518135800005, 14.766549234000022], [121.0246085780001, 14.76509869800003], [121.02434170900005, 14.764962156000024], [121.02402399100004, 14.763034879000028], [121.01889804200003, 14.760843414000021], [121.01692736300004, 14.76027497000007], [121.01401277600007, 14.759075791000042], [121.00890606500003, 14.75675172700005], [121.00899673600007, 14.756076721000056], [121.00863174900007, 14.754676612000022], [121.00833460600008, 14.754411855000063], [121.00673955900005, 14.754496056000049], [121.00423847100002, 14.753700158000072], [121.00392175600008, 14.753822068000034], [121.0025716340001, 14.753414910000057], [121.00156766400005, 14.753938672000059], [121.00086528200005, 14.753523324000069], [121.00125244400012, 14.752269268000074], [121.00190320800006, 14.750635898000045], [121.00257955000006, 14.750103455000048], [121.00290955100002, 14.748822999000028], [121.00419492400012, 14.748112800000058], [121.00480892800009, 14.747950346000039], [121.00497111000004, 14.747180038000067], [121.00556401700011, 14.746914093000042], [121.00704788100006, 14.745780776000055], [121.00682706300007, 14.743051526000047], [121.0058843400001, 14.74262550900005], [121.00589773000002, 14.741810126000075], [121.00543168500009, 14.739457837000035], [121.00434166000002, 14.737664530000076], [121.00478119800005, 14.73691172300005], [121.00455778900006, 14.735625304000052], [121.00386246000005, 14.735828233000067], [121.00354008500005, 14.735622580000037], [121.00380235700004, 14.73491613800007], [121.00457975100005, 14.731695912000074], [121.0049879300001, 14.729628423000063], [121.00414538400003, 14.729336706000026], [121.00369398900013, 14.727896178000039], [121.00310693900009, 14.727811743000075], [121.00240744300002, 14.724225254000034], [121.00242752400003, 14.723428731000071], [121.00206758900003, 14.722553626000035], [121.00228473800009, 14.721536585000026], [121.00075570100012, 14.72044511200005], [121.00095216500006, 14.719471163000035], [121.00026595000008, 14.719042462000058], [121.00053828400007, 14.718686738000029], [121.00064015100008, 14.717196227000047], [121.0020321630001, 14.715567851000063], [121.00024551500007, 14.714251076000037], [121.00279635900006, 14.713257832000066], [121.00355882800011, 14.713152261000063], [121.00383374300009, 14.712815332000046], [121.00458197700004, 14.71287304800006], [121.00616023300007, 14.712324389000061], [121.00775288500007, 14.712233039000068], [121.00883449800006, 14.711963953000065], [121.0091520410001, 14.710862811000027], [121.00964284100007, 14.710948394000072], [121.009901612, 14.709866548000036], [121.01136295900005, 14.707987172000058], [121.01244837900002, 14.708994707000041], [121.01222351500009, 14.709475086000051], [121.01268344200004, 14.709785618000069], [121.01467144500009, 14.709301057000063], [121.01480963500002, 14.709835197000068]]], [[[121.02257449100011, 14.690437151000024], [121.02137183100001, 14.690410287000075], [121.0213384440001, 14.691071932000053], [121.02062350000007, 14.691368811000075], [121.01948681000012, 14.691154353000059], [121.01891964900005, 14.691300167000067], [121.01836744900004, 14.691946822000038], [121.01765131400009, 14.692053292000027], [121.0163401310001, 14.691722750000055], [121.0152977680001, 14.692058589000059], [121.01365894000003, 14.690672683000061], [121.01308364300007, 14.690015489000073], [121.01302170600003, 14.68925274900005], [121.01366274100009, 14.688301369000042], [121.0140991280001, 14.686668908000057], [121.01368449700011, 14.685607161000064], [121.013920503, 14.68475108300004], [121.01321234300008, 14.684178579000047], [121.01262385100007, 14.682903717000046], [121.011792796, 14.68221948800004], [121.01097453500007, 14.682468940000035], [121.01008738600002, 14.683380001000046], [121.00931513500007, 14.683914368000044], [121.00829490800004, 14.684936271000028], [121.00770054800013, 14.68519922200005], [121.0063778980001, 14.686354851000031], [121.0043180790001, 14.687246274000069], [121.00361177700005, 14.687240883000074], [121.00274890300011, 14.686836705000072], [121.00212959500006, 14.686195206000036], [121.00160653700004, 14.685343126000072], [121.0011006100001, 14.68492566300006], [120.99969488700003, 14.684437688000058], [120.99937942300005, 14.683973744000074], [120.9989187990001, 14.682571714000066], [120.99879186300006, 14.681434196000053], [120.99812293200011, 14.680198621000045], [120.99839667400012, 14.67888765600003], [120.99768165700006, 14.678780254000062], [120.99716734600007, 14.678338897000055], [120.99707830600005, 14.677347366000053], [120.99665720500002, 14.675853090000032], [120.99614758700011, 14.67531247400006], [120.99686810700008, 14.675028326000072], [120.99682025300002, 14.673313207000037], [120.99743715300008, 14.673125579000045], [120.99871235000012, 14.672276688000071], [121.00042241300004, 14.670546765000038], [121.00039724400007, 14.669434518000056], [120.99761847700005, 14.66909401000004], [120.99594116000003, 14.668352377000073], [120.99435386200003, 14.667176576000031], [120.99208493700006, 14.664993552000055], [120.99137537500006, 14.664699864000058], [120.98963158400011, 14.664401836000025], [120.98820503800005, 14.662747355000022], [120.98492319, 14.661210347000067], [120.98256190200004, 14.660451592000074], [120.98140639500002, 14.66174259900003], [120.98044864100005, 14.66127282800005], [120.97831530000008, 14.661245960000032], [120.9782312860001, 14.662284311000064], [120.97746773500012, 14.66231128600003], [120.97613068100009, 14.661815208000062], [120.97547886300005, 14.661380752000069], [120.97485694500007, 14.661235349000032], [120.97409883600005, 14.66146008600003], [120.97422461300005, 14.662023131000073], [120.97209519400006, 14.661715538000065], [120.97179955600006, 14.661308607000027], [120.97076300400012, 14.66098461300004], [120.97071979600001, 14.660580009000059], [120.96984788800012, 14.66034072800005], [120.96976869600007, 14.660023430000026], [120.96844211400004, 14.659493902000067], [120.96799218600006, 14.659575342000036], [120.96772549, 14.658533070000034], [120.96182869100004, 14.65945243400006], [120.96163954300005, 14.658198939000037], [120.96170232700003, 14.65758969500007], [120.96231949000004, 14.656138071000044], [120.96357547800007, 14.654711323000067], [120.96218708000004, 14.653488226000034], [120.96486275400002, 14.650648591000046], [120.96205879400009, 14.648187777000029], [120.96376394600009, 14.646345454000027], [120.96225962600012, 14.645016088000034], [120.96241565300011, 14.644711050000069], [120.96064355100009, 14.64329589500005], [120.96167514500007, 14.64209927100006], [120.96182603800003, 14.642967017000046], [120.9627376320001, 14.64370942300007], [120.96353936900005, 14.643669749000027], [120.96392559800006, 14.643371035000028], [120.9648291520001, 14.641277834000046], [120.96515373400007, 14.639546890000076], [120.96600492000006, 14.639121716000032], [120.9673365880001, 14.639073112000062], [120.96879733300011, 14.638366503000043], [120.96908431200008, 14.637724265000026], [120.96862458700002, 14.63559090800004], [120.97429032200012, 14.635803139000075], [120.97509526100008, 14.635249991000025], [120.97656812000004, 14.635175191000036], [120.97738361400002, 14.635491278000075], [120.97916706300009, 14.635591702000049], [120.97990545500012, 14.63553062200003], [120.97971414200003, 14.636306246000057], [120.9790386640001, 14.63789301100007], [120.97908823400009, 14.638697137000062], [120.9798225200001, 14.639023716000052], [120.98061426800007, 14.639027938000023], [120.98061108400009, 14.638612639000035], [120.98150069300006, 14.638577732000044], [120.9818854250001, 14.638186494000024], [120.98221910300002, 14.636651189000073], [120.98296303100004, 14.636515006000025], [120.98307817100009, 14.637011733000065], [120.98370310600002, 14.637152246000024], [120.98483694700008, 14.636977976000027], [120.98494458700009, 14.637222374000032], [120.98398126100005, 14.63800423900005], [120.98450001200001, 14.638975762000028], [120.98536951000006, 14.639142744000024], [120.98568229900003, 14.639655100000025], [120.98886937800013, 14.639798129000043], [120.98836639300008, 14.638042419000042], [120.98849475700001, 14.637619194000019], [120.99313591600004, 14.636168197000075], [120.99343821600009, 14.637072620000026], [120.9933533090001, 14.637580315000037], [120.99231494800007, 14.638022979000029], [120.99127371500005, 14.639904883000044], [120.99294598600011, 14.643771328000065], [120.99289430700004, 14.644418497000059], [120.99349124100002, 14.646608790000073], [120.99403212800007, 14.646864387000047], [120.99402602500005, 14.64764732900005], [120.9958382410001, 14.648932370000065], [120.99574189600003, 14.650091837000051], [120.99642566000013, 14.652263773000072], [120.99688004500003, 14.65263293200007], [120.99661483500006, 14.653201599000052], [120.99707565800009, 14.653658900000035], [120.99882198000012, 14.655787306000033], [120.99896148300002, 14.657174245000023], [120.99952392100012, 14.657715606000068], [120.99963569300007, 14.658396664000069], [120.99997349600005, 14.65879779600004], [121.0000047850001, 14.660445847000062], [120.99960176300011, 14.661373429000038], [120.99966159700013, 14.661869980000061], [121.000290521, 14.662330674000032], [121.00032029300007, 14.664603180000025], [121.00069382100004, 14.664714165000074], [121.00290500100006, 14.667149498000072], [121.00549789400009, 14.67190995900006], [121.00582884000006, 14.67094629400003], [121.00680598500004, 14.671133672000053], [121.00682879400006, 14.671837539000023], [121.00661504400013, 14.673018934000025], [121.008109782, 14.67347271400007], [121.00846597300006, 14.674014942000039], [121.0102181100001, 14.674963691000075], [121.01011258200005, 14.67530517000006], [121.01171835800005, 14.67702567700008], [121.01269630700007, 14.676378772000074], [121.01320493900005, 14.676800512000058], [121.01331946500012, 14.677550275000042], [121.01294286600012, 14.678252199000042], [121.01537145100008, 14.680616881000052], [121.01634485600006, 14.682065755000055], [121.01835500800007, 14.684678537000023], [121.01874570100006, 14.685089179000041], [121.02035133800008, 14.685785819000046], [121.02126588500005, 14.686546546000042], [121.02178052700005, 14.686526265000056], [121.02207003900003, 14.68696349500004], [121.02265398600002, 14.687140174000033], [121.02238550300001, 14.688096614000072], [121.0224388370001, 14.689242242000033], [121.02283662000002, 14.689447449000053], [121.02257449100011, 14.690437151000024]]]]}, "properties": {"city": "Caloocan", "outdoor_courts": 114, "covered_courts": 137, "total_courts": 251, "population_2024": 1712945, "courts_per_100k": 14.65, "land_area_km2": 53.41, "courts_per_km2": 4.7}, "id": 1380100000}, {"type": "Feature", "geometry": {"type": "Polygon", "coordinates": [[[120.95312750500011, 14.694240067000067], [120.95105554300005, 14.692874635000067], [120.94725167200012, 14.690206885000068], [120.94533687500007, 14.688489937000043], [120.94505704200004, 14.688760467000066], [120.94315945500011, 14.68961009700007], [120.94193716000008, 14.69088924300007], [120.93768441400005, 14.694990271000055], [120.93398099400008, 14.69783727600003], [120.93012120100002, 14.70222216800005], [120.92898239600002, 14.702481428000057], [120.92733208400013, 14.702649063000022], [120.92689873600011, 14.702167783000046], [120.92350922800007, 14.699165367000036], [120.92671498000003, 14.695653228000026], [120.92829616900009, 14.693572863000043], [120.93046204100006, 14.692072176000066], [120.93125785400002, 14.691221090000049], [120.9329145280001, 14.690215743000063], [120.93371032600011, 14.68936464600006], [120.93752182500009, 14.686525287000048], [120.9374519810001, 14.685178936000057], [120.93653457800008, 14.683649357000034], [120.93640318900009, 14.683036250000043], [120.9368473280001, 14.681819384000047], [120.9376598, 14.680972889000033], [120.93854221200002, 14.679684232000056], [120.93964116300003, 14.677862685000038], [120.940351167, 14.675246693000073], [120.94129733900003, 14.674162863000047], [120.94176873500011, 14.673352232000067], [120.94224294700007, 14.671823643000039], [120.94320644800007, 14.671203320000075], [120.94376263100004, 14.670594133000067], [120.94613422300004, 14.667504354000075], [120.94744168900002, 14.665518086000077], [120.94829385600009, 14.663363132000029], [120.94888033600012, 14.66107443100003], [120.94886633700003, 14.66062199200007], [120.94931155200005, 14.658920332000033], [120.94982721300005, 14.65614948900003], [120.95004056900008, 14.65538551200006], [120.95077574600009, 14.654095703000054], [120.95223217800003, 14.652301138000038], [120.95292922600005, 14.651866861000023], [120.95462334100012, 14.653005320000034], [120.95599454000002, 14.654119240000057], [120.95911767300002, 14.650773848000032], [120.95789775600008, 14.649712306000023], [120.96225962600012, 14.645016088000034], [120.96376394600009, 14.646345454000027], [120.96205879400009, 14.648187777000029], [120.96486275400002, 14.650648591000046], [120.96218708000004, 14.653488226000034], [120.96357547800007, 14.654711323000067], [120.96231949000004, 14.656138071000044], [120.96170232700003, 14.65758969500007], [120.96163954300005, 14.658198939000037], [120.96182869100004, 14.65945243400006], [120.96772549, 14.658533070000034], [120.96799218600006, 14.659575342000036], [120.96844211400004, 14.659493902000067], [120.96976869600007, 14.660023430000026], [120.96984788800012, 14.66034072800005], [120.97071979600001, 14.660580009000059], [120.97076300400012, 14.66098461300004], [120.97179955600006, 14.661308607000027], [120.97209519400006, 14.661715538000065], [120.97422461300005, 14.662023131000073], [120.97409883600005, 14.66146008600003], [120.97485694500007, 14.661235349000032], [120.97547886300005, 14.661380752000069], [120.97613068100009, 14.661815208000062], [120.97746773500012, 14.66231128600003], [120.9782312860001, 14.662284311000064], [120.97831530000008, 14.661245960000032], [120.98044864100005, 14.66127282800005], [120.98140639500002, 14.66174259900003], [120.98256190200004, 14.660451592000074], [120.98492319, 14.661210347000067], [120.98820503800005, 14.662747355000022], [120.98963158400011, 14.664401836000025], [120.99137537500006, 14.664699864000058], [120.99208493700006, 14.664993552000055], [120.99435386200003, 14.667176576000031], [120.99594116000003, 14.668352377000073], [120.99761847700005, 14.66909401000004], [121.00039724400007, 14.669434518000056], [121.00042241300004, 14.670546765000038], [120.99871235000012, 14.672276688000071], [120.99743715300008, 14.673125579000045], [120.99682025300002, 14.673313207000037], [120.99686810700008, 14.675028326000072], [120.99614758700011, 14.67531247400006], [120.9958596040001, 14.675048231000066], [120.99367915800008, 14.674095382000077], [120.99293014900002, 14.673261610000052], [120.9920122860001, 14.672862521000072], [120.99089660500012, 14.671447280000045], [120.98905208000008, 14.669916902000065], [120.9881686440001, 14.66942677200007], [120.9867227090001, 14.66882233600006], [120.98569540800008, 14.66879355100002], [120.9837258540001, 14.670655137000038], [120.98320996800011, 14.670833112000023], [120.98163158900002, 14.670668257000044], [120.98039687200003, 14.670908531000066], [120.97985074400003, 14.671214976000048], [120.97877776500002, 14.672470229000051], [120.97900669500007, 14.673574608000024], [120.9789025440001, 14.674260162000051], [120.97838490400011, 14.674829518000019], [120.97720129200002, 14.674987380000061], [120.97562236000012, 14.674712878000037], [120.97478310300006, 14.674882401000044], [120.97394605800002, 14.675827820000052], [120.97365134700011, 14.676876500000047], [120.97421429200006, 14.67757002200005], [120.97422428900008, 14.677924093000055], [120.97346038200011, 14.678208899000028], [120.97163985400005, 14.677919421000071], [120.96897329600007, 14.679139229000043], [120.96727181500012, 14.678538859000069], [120.9669264040001, 14.67821071900005], [120.96593795900003, 14.676756348000028], [120.96485998900005, 14.674997554000065], [120.96475190100011, 14.679222047000058], [120.96529771400003, 14.680119164000075], [120.964831622, 14.681124963000055], [120.96437305900008, 14.682727845000045], [120.96274601100004, 14.684989618000031], [120.96222465000005, 14.685583356000047], [120.96101835800005, 14.68640078100003], [120.96064295000008, 14.687524639000062], [120.95933269600006, 14.690428218000017], [120.9581282920001, 14.691834538000025], [120.95791115500002, 14.692984732000072], [120.95700953300002, 14.693767191000056], [120.95637214400006, 14.695110145000054], [120.95614066100006, 14.695989081000048], [120.95337545400002, 14.694641680000073], [120.95312750500011, 14.694240067000067]]]}, "properties": {"city": "Malabon", "outdoor_courts": 24, "covered_courts": 21, "total_courts": 45, "population_2024": 389929, "courts_per_100k": 11.54, "land_area_km2": 15.84, "courts_per_km2": 2.84}, "id": 1380400000}, {"type": "Feature", "geometry": {"type": "Polygon", "coordinates": [[[120.92733208400013, 14.702649063000022], [120.92712730400001, 14.704270054000059], [120.92637820500009, 14.705351413000075], [120.92556246500008, 14.705952561000057], [120.92356341200002, 14.708488903000047], [120.91841488700004, 14.712960826000025], [120.91837828400003, 14.712547581000024], [120.9176486350001, 14.712146692000031], [120.91614591000005, 14.71259568600004], [120.91490650500009, 14.712337047000068], [120.91444697000009, 14.711787624000067], [120.91431149500012, 14.711028904000042], [120.91467906200012, 14.710012072000037], [120.914869177, 14.708719852000064], [120.91416393100006, 14.707311064000066], [120.9114163600001, 14.704152596000034], [120.91042046000008, 14.703740668000023], [120.90911267700005, 14.702972009000064], [120.90748359200006, 14.701562663000063], [120.9065588090001, 14.70096452000007], [120.90729580200002, 14.699681079000078], [120.90860202900002, 14.698542251000047], [120.90973392700003, 14.697790685000031], [120.91059674500002, 14.696675500000028], [120.91154179600007, 14.696006804000037], [120.91224249700008, 14.696698459000062], [120.91255554000008, 14.696165918000078], [120.9121738660001, 14.69574853300003], [120.9138017350001, 14.69430940800004], [120.9158582770001, 14.692652308000051], [120.91634463800007, 14.692082007000067], [120.91746891600008, 14.691133595000053], [120.91835545200001, 14.690543800000059], [120.9207116890001, 14.688575137000043], [120.92409408200001, 14.685386066000035], [120.92536221600005, 14.683986922000035], [120.92569755800001, 14.682493647000056], [120.92654901700007, 14.681442710000054], [120.92639205500008, 14.680841896000059], [120.92786230100012, 14.678552350000075], [120.92786631700005, 14.678325805000043], [120.92959436900003, 14.676729994000025], [120.93075990400008, 14.676219540000035], [120.93106846700003, 14.675534267000046], [120.9305574760001, 14.67525393700004], [120.93064094800002, 14.674075189000057], [120.93233506500009, 14.671736072000046], [120.934331444, 14.669881059000032], [120.93702155300002, 14.667216739000025], [120.93808067400005, 14.665890091000051], [120.93897084700006, 14.664553995000063], [120.93895027200004, 14.663865443000073], [120.93962763800005, 14.663264043000028], [120.93892709200009, 14.662568395000054], [120.94029563100001, 14.662114442000076], [120.94080838400009, 14.661686211000072], [120.94167153700005, 14.660316653000049], [120.94201460200009, 14.660468198000048], [120.94287816500001, 14.65955585200004], [120.9430825720001, 14.658711551000069], [120.94382057100007, 14.65771921900006], [120.94447934800007, 14.657485240000028], [120.94552360400007, 14.656164171000055], [120.94588148800007, 14.65527048500007], [120.94655872300007, 14.654256038000028], [120.94711374500001, 14.65383847800007], [120.9479257270001, 14.652425767000068], [120.94740619100003, 14.651374237000024], [120.94687617500007, 14.651077143000068], [120.94835388800004, 14.64964739900006], [120.9485925030001, 14.648364154000033], [120.94747486300002, 14.64760328800003], [120.9477665400001, 14.646840188000056], [120.9482622160001, 14.646457114000043], [120.94765937300008, 14.646028170000022], [120.94832025500011, 14.645005722000063], [120.95252945800009, 14.639017503000046], [120.95315203100006, 14.638252900000053], [120.95353372400008, 14.637462915000077], [120.95403416800004, 14.636900788000052], [120.95453361100009, 14.636763676000045], [120.95423291700001, 14.636178884000062], [120.955118587, 14.635905881000044], [120.95625800100004, 14.635922040000027], [120.9568059950001, 14.635581385000018], [120.95672217000003, 14.63479842400005], [120.95698790300004, 14.633960806000061], [120.95779251100011, 14.633909253000073], [120.95879476100005, 14.634288356000063], [120.96033030200009, 14.635341991000073], [120.96135461400002, 14.636398148000067], [120.9619048600001, 14.635833309000077], [120.96222793100004, 14.635137024000075], [120.96420763100002, 14.63652339400005], [120.96550759800006, 14.63459860800003], [120.9659005430001, 14.635095938000065], [120.96862969400001, 14.635167148000049], [120.96862458700002, 14.63559090800004], [120.96908431200008, 14.637724265000026], [120.96879733300011, 14.638366503000043], [120.9673365880001, 14.639073112000062], [120.96600492000006, 14.639121716000032], [120.96515373400007, 14.639546890000076], [120.9648291520001, 14.641277834000046], [120.96392559800006, 14.643371035000028], [120.96353936900005, 14.643669749000027], [120.9627376320001, 14.64370942300007], [120.96182603800003, 14.642967017000046], [120.96167514500007, 14.64209927100006], [120.96064355100009, 14.64329589500005], [120.96241565300011, 14.644711050000069], [120.96225962600012, 14.645016088000034], [120.95789775600008, 14.649712306000023], [120.95911767300002, 14.650773848000032], [120.95599454000002, 14.654119240000057], [120.95462334100012, 14.653005320000034], [120.95292922600005, 14.651866861000023], [120.95223217800003, 14.652301138000038], [120.95077574600009, 14.654095703000054], [120.95004056900008, 14.65538551200006], [120.94982721300005, 14.65614948900003], [120.94931155200005, 14.658920332000033], [120.94886633700003, 14.66062199200007], [120.94888033600012, 14.66107443100003], [120.94829385600009, 14.663363132000029], [120.94744168900002, 14.665518086000077], [120.94613422300004, 14.667504354000075], [120.94376263100004, 14.670594133000067], [120.94320644800007, 14.671203320000075], [120.94224294700007, 14.671823643000039], [120.94176873500011, 14.673352232000067], [120.94129733900003, 14.674162863000047], [120.940351167, 14.675246693000073], [120.93964116300003, 14.677862685000038], [120.93854221200002, 14.679684232000056], [120.9376598, 14.680972889000033], [120.9368473280001, 14.681819384000047], [120.93640318900009, 14.683036250000043], [120.93653457800008, 14.683649357000034], [120.9374519810001, 14.685178936000057], [120.93752182500009, 14.686525287000048], [120.93371032600011, 14.68936464600006], [120.9329145280001, 14.690215743000063], [120.93125785400002, 14.691221090000049], [120.93046204100006, 14.692072176000066], [120.92829616900009, 14.693572863000043], [120.92671498000003, 14.695653228000026], [120.92350922800007, 14.699165367000036], [120.92689873600011, 14.702167783000046], [120.92733208400013, 14.702649063000022]]]}, "properties": {"city": "Navotas", "outdoor_courts": 5, "covered_courts": 6, "total_courts": 11, "population_2024": 252878, "courts_per_100k": 4.35, "land_area_km2": 10.54, "courts_per_km2": 1.04}, "id": 1380900000}, {"type": "Feature", "geometry": {"type": "Polygon", "coordinates": [[[121.00086528200005, 14.753523324000069], [120.99939129200004, 14.754748428000028], [120.99809005400006, 14.756260767000073], [120.99793050000005, 14.75708505800003], [120.99807063300011, 14.75819898800006], [120.99781994400006, 14.758378777000072], [120.99686363500008, 14.756943885000055], [120.99648759100012, 14.757132056000048], [120.99485776500002, 14.756641146000053], [120.99481552800013, 14.756351613000046], [120.99203776400009, 14.756750035000032], [120.99209494500009, 14.75716022300003], [120.9901370550001, 14.75706363100005], [120.98955694900008, 14.75774144700006], [120.98898521500007, 14.75722379100006], [120.98952281700006, 14.756218427000018], [120.98937144200012, 14.75569074700007], [120.98864497200009, 14.75450824000006], [120.98919343900002, 14.753978313000061], [120.9891736630001, 14.753565215000034], [120.98837234100007, 14.752485524000063], [120.98745897300013, 14.752375957000028], [120.9873801010001, 14.752113910000054], [120.98627619000001, 14.750953714000046], [120.98582462300011, 14.75074766600005], [120.98619261700004, 14.749474523000055], [120.98533279200002, 14.748522363000065], [120.98540405300002, 14.747628717000053], [120.98505884300005, 14.747457334000048], [120.98465549900004, 14.746591126000057], [120.98483090800006, 14.746008162000063], [120.98371830300005, 14.745025502000033], [120.98355705000004, 14.743867555000065], [120.98314223900002, 14.742893356000025], [120.98271127200009, 14.742392582000036], [120.98197585600009, 14.74089391700005], [120.98162907100004, 14.740755374000058], [120.98157778000008, 14.737709083000023], [120.98051462800004, 14.737421458000023], [120.98106158100006, 14.735977454000025], [120.97852281100006, 14.73480671900006], [120.98338951500011, 14.725953012000048], [120.98298298400005, 14.725317432000056], [120.98249589400008, 14.725149421000031], [120.9814596540001, 14.725512967000043], [120.9813225040001, 14.724637089000055], [120.98068374700007, 14.724418821000029], [120.97997499500002, 14.724794910000071], [120.97778801200002, 14.724137507000021], [120.97723299000006, 14.724751895000058], [120.97632849300008, 14.725414858000024], [120.97571062500003, 14.725654238000061], [120.97571345500013, 14.724865835000058], [120.97456295200004, 14.72490228500004], [120.97418973500008, 14.724190537000029], [120.97363930200005, 14.723846412000057], [120.97262893000003, 14.724067006000041], [120.97236911600011, 14.723219203000035], [120.97166821000008, 14.723172619000028], [120.97081803500011, 14.722240002000037], [120.96950173200003, 14.722038837000069], [120.96905749000007, 14.722739846000024], [120.96872683800007, 14.723657271000038], [120.96812884300004, 14.723570114000037], [120.96768144600001, 14.72386791200006], [120.96529877300009, 14.722641542000074], [120.9653718720001, 14.72206667200004], [120.96456993400012, 14.721721784000067], [120.96317694600009, 14.72146275500006], [120.96275318500012, 14.71985064200004], [120.96252944000003, 14.719758879000036], [120.96026179700006, 14.720341312000073], [120.95955042400011, 14.719873626000034], [120.95873444300004, 14.72093547600002], [120.95744509600001, 14.722258618000067], [120.95683940000005, 14.722607696000066], [120.95584270700012, 14.723902100000032], [120.95653880300007, 14.72463122300007], [120.95557577000012, 14.725454604000051], [120.95424924100008, 14.728546895000022], [120.95357356600005, 14.72928706700003], [120.95267631100012, 14.729034774000068], [120.95236551000005, 14.729162216000079], [120.95244898600004, 14.730048848000026], [120.95204213600005, 14.731309433000035], [120.95115423400011, 14.732636229000036], [120.95003107400008, 14.733677571000046], [120.9492786620001, 14.73419668900004], [120.94836471700013, 14.734291834000034], [120.94748448500002, 14.734166190000051], [120.94673267500002, 14.733564322000062], [120.94371322100007, 14.733749728000076], [120.9430263180001, 14.734198211000033], [120.94139839400007, 14.737112462000027], [120.93987987900005, 14.737024285000068], [120.93890695100004, 14.737181503000045], [120.93722495600004, 14.736870095000025], [120.93633694300001, 14.736818515000042], [120.93539334600005, 14.733896244000052], [120.9349118020001, 14.733277761000068], [120.93407246800008, 14.733149373000058], [120.93048309200002, 14.73450097700004], [120.92774430100008, 14.735890143000068], [120.92701620000004, 14.736080406000042], [120.92669637300003, 14.735891321000052], [120.92596146500011, 14.734299748000069], [120.92573807300005, 14.732636787000045], [120.92664292400002, 14.73295103600003], [120.92927571200006, 14.726809076000054], [120.93057831200008, 14.72495208600003], [120.92938202800009, 14.72431209100006], [120.92993598600002, 14.723804501000075], [120.93083986400006, 14.722082476000024], [120.9312420670001, 14.722405775000025], [120.93310418200008, 14.719926442000034], [120.93448993900007, 14.718243380000047], [120.93535665300011, 14.716962540000052], [120.93571315800011, 14.714871993000035], [120.93655970700001, 14.714024511000048], [120.93833419600004, 14.711650330000056], [120.9396972070001, 14.710352311000065], [120.94113024, 14.708384894000062], [120.94206534400007, 14.707723098000033], [120.9424106560001, 14.706913431000036], [120.94323632300006, 14.705697388000031], [120.94341571500001, 14.705785440000056], [120.94557260000009, 14.703227483000033], [120.94652254800008, 14.701894673000025], [120.94729662300006, 14.700597715000072], [120.94751728400001, 14.700675857000022], [120.94925799800002, 14.698372600000027], [120.94951413300011, 14.698556638000065], [120.94994748200008, 14.697295498000072], [120.951256854, 14.695932060000077], [120.95183049900004, 14.69504510900003], [120.95224533100007, 14.695299440000042], [120.95312750500011, 14.694240067000067], [120.95337545400002, 14.694641680000073], [120.95614066100006, 14.695989081000048], [120.95637214400006, 14.695110145000054], [120.95700953300002, 14.693767191000056], [120.95791115500002, 14.692984732000072], [120.9581282920001, 14.691834538000025], [120.95933269600006, 14.690428218000017], [120.96064295000008, 14.687524639000062], [120.96101835800005, 14.68640078100003], [120.96222465000005, 14.685583356000047], [120.96274601100004, 14.684989618000031], [120.96437305900008, 14.682727845000045], [120.964831622, 14.681124963000055], [120.96529771400003, 14.680119164000075], [120.96475190100011, 14.679222047000058], [120.96485998900005, 14.674997554000065], [120.96593795900003, 14.676756348000028], [120.9669264040001, 14.67821071900005], [120.96727181500012, 14.678538859000069], [120.96897329600007, 14.679139229000043], [120.97163985400005, 14.677919421000071], [120.97346038200011, 14.678208899000028], [120.97422428900008, 14.677924093000055], [120.97421429200006, 14.67757002200005], [120.97365134700011, 14.676876500000047], [120.97394605800002, 14.675827820000052], [120.97478310300006, 14.674882401000044], [120.97562236000012, 14.674712878000037], [120.97720129200002, 14.674987380000061], [120.97838490400011, 14.674829518000019], [120.9789025440001, 14.674260162000051], [120.97900669500007, 14.673574608000024], [120.97877776500002, 14.672470229000051], [120.97985074400003, 14.671214976000048], [120.98039687200003, 14.670908531000066], [120.98163158900002, 14.670668257000044], [120.98320996800011, 14.670833112000023], [120.9837258540001, 14.670655137000038], [120.98569540800008, 14.66879355100002], [120.9867227090001, 14.66882233600006], [120.9881686440001, 14.66942677200007], [120.98905208000008, 14.669916902000065], [120.99089660500012, 14.671447280000045], [120.9920122860001, 14.672862521000072], [120.99293014900002, 14.673261610000052], [120.99367915800008, 14.674095382000077], [120.9958596040001, 14.675048231000066], [120.99614758700011, 14.67531247400006], [120.99665720500002, 14.675853090000032], [120.99707830600005, 14.677347366000053], [120.99716734600007, 14.678338897000055], [120.99768165700006, 14.678780254000062], [120.99839667400012, 14.67888765600003], [120.99812293200011, 14.680198621000045], [120.99879186300006, 14.681434196000053], [120.9989187990001, 14.682571714000066], [120.99937942300005, 14.683973744000074], [120.99969488700003, 14.684437688000058], [121.0011006100001, 14.68492566300006], [121.00160653700004, 14.685343126000072], [121.00212959500006, 14.686195206000036], [121.00274890300011, 14.686836705000072], [121.00361177700005, 14.687240883000074], [121.0043180790001, 14.687246274000069], [121.0063778980001, 14.686354851000031], [121.00770054800013, 14.68519922200005], [121.00829490800004, 14.684936271000028], [121.00931513500007, 14.683914368000044], [121.01008738600002, 14.683380001000046], [121.01097453500007, 14.682468940000035], [121.011792796, 14.68221948800004], [121.01262385100007, 14.682903717000046], [121.01321234300008, 14.684178579000047], [121.013920503, 14.68475108300004], [121.01368449700011, 14.685607161000064], [121.0140991280001, 14.686668908000057], [121.01366274100009, 14.688301369000042], [121.01302170600003, 14.68925274900005], [121.01308364300007, 14.690015489000073], [121.01365894000003, 14.690672683000061], [121.0152977680001, 14.692058589000059], [121.0163401310001, 14.691722750000055], [121.01765131400009, 14.692053292000027], [121.01836744900004, 14.691946822000038], [121.01891964900005, 14.691300167000067], [121.01948681000012, 14.691154353000059], [121.02062350000007, 14.691368811000075], [121.0213384440001, 14.691071932000053], [121.02137183100001, 14.690410287000075], [121.02257449100011, 14.690437151000024], [121.023666519, 14.69069406200003], [121.02393330600013, 14.691217755000025], [121.02398616900005, 14.692222653000044], [121.02443301100004, 14.69296961400005], [121.02462678100007, 14.693772084000045], [121.02365229500002, 14.694579904000022], [121.02321862300006, 14.695756770000058], [121.02242781000007, 14.69620234600006], [121.02156726900012, 14.697289077000047], [121.02081047, 14.697926829000043], [121.02023904300006, 14.698159821000047], [121.01915741500011, 14.699535666000031], [121.01807748700003, 14.700317976000068], [121.01741082300009, 14.701962527000038], [121.01749925800004, 14.702528852000055], [121.01804517500011, 14.703399596000056], [121.01770183400004, 14.704319936000049], [121.0179291280001, 14.705035183000067], [121.01889460700012, 14.706589749000045], [121.01886874000002, 14.70715549500005], [121.01782539100009, 14.707242904000054], [121.01715600000011, 14.70700166300003], [121.0168396130001, 14.708125518000031], [121.01640745200007, 14.708328939000062], [121.01701624600004, 14.70898151000006], [121.01622236700005, 14.709313425000058], [121.01529067400007, 14.70946094300007], [121.01480963500002, 14.709835197000068], [121.01467144500009, 14.709301057000063], [121.01268344200004, 14.709785618000069], [121.01222351500009, 14.709475086000051], [121.01244837900002, 14.708994707000041], [121.01136295900005, 14.707987172000058], [121.009901612, 14.709866548000036], [121.00964284100007, 14.710948394000072], [121.0091520410001, 14.710862811000027], [121.00883449800006, 14.711963953000065], [121.00775288500007, 14.712233039000068], [121.00616023300007, 14.712324389000061], [121.00458197700004, 14.71287304800006], [121.00383374300009, 14.712815332000046], [121.00355882800011, 14.713152261000063], [121.00279635900006, 14.713257832000066], [121.00024551500007, 14.714251076000037], [121.0020321630001, 14.715567851000063], [121.00064015100008, 14.717196227000047], [121.00053828400007, 14.718686738000029], [121.00026595000008, 14.719042462000058], [121.00095216500006, 14.719471163000035], [121.00075570100012, 14.72044511200005], [121.00228473800009, 14.721536585000026], [121.00206758900003, 14.722553626000035], [121.00242752400003, 14.723428731000071], [121.00240744300002, 14.724225254000034], [121.00310693900009, 14.727811743000075], [121.00369398900013, 14.727896178000039], [121.00414538400003, 14.729336706000026], [121.0049879300001, 14.729628423000063], [121.00457975100005, 14.731695912000074], [121.00380235700004, 14.73491613800007], [121.00354008500005, 14.735622580000037], [121.00386246000005, 14.735828233000067], [121.00455778900006, 14.735625304000052], [121.00478119800005, 14.73691172300005], [121.00434166000002, 14.737664530000076], [121.00543168500009, 14.739457837000035], [121.00589773000002, 14.741810126000075], [121.0058843400001, 14.74262550900005], [121.00682706300007, 14.743051526000047], [121.00704788100006, 14.745780776000055], [121.00556401700011, 14.746914093000042], [121.00497111000004, 14.747180038000067], [121.00480892800009, 14.747950346000039], [121.00419492400012, 14.748112800000058], [121.00290955100002, 14.748822999000028], [121.00257955000006, 14.750103455000048], [121.00190320800006, 14.750635898000045], [121.00125244400012, 14.752269268000074], [121.00086528200005, 14.753523324000069]]]}, "properties": {"city": "Valenzuela", "outdoor_courts": 44, "covered_courts": 67, "total_courts": 111, "population_2024": 725173, "courts_per_100k": 15.31, "land_area_km2": 46.71, "courts_per_km2": 2.38}, "id": 1381600000}, {"type": "Feature", "geometry": {"type": "MultiPolygon", "coordinates": [[[[120.9780115530001, 14.489099628000075], [120.97626195400005, 14.49011177400007], [120.9753542320001, 14.488864324000073], [120.97471680300009, 14.488121566000078], [120.97365631500008, 14.48652128200007], [120.97328935800012, 14.485362236000077], [120.97322265600009, 14.48467673700003], [120.972877863, 14.484161926000073], [120.97211651500005, 14.481957987000046], [120.97207493800012, 14.481399169000042], [120.97293660900006, 14.48256889500004], [120.97357540000006, 14.483607325000037], [120.97431160000006, 14.484258452000061], [120.97465054100009, 14.484813865000039], [120.97463668900002, 14.485184704000062], [120.974954625, 14.485440932000074], [120.97540714000002, 14.485486175000062], [120.97595931700005, 14.486090001000038], [120.97600738800008, 14.486531873000041], [120.97696469100005, 14.48722080500005], [120.97717544200009, 14.487633439000035], [120.9774731450001, 14.487631164000046], [120.97802156100009, 14.488318745000072], [120.97789175000003, 14.488695113000064], [120.9780115530001, 14.489099628000075]]], [[[121.0243382450001, 14.436169403000063], [121.02300236500004, 14.436150136000036], [121.02233442500007, 14.436073066000061], [121.02146096500009, 14.435739096000077], [121.0207609130001, 14.43528309800007], [121.02064535500007, 14.435414469000024], [121.01698862900004, 14.441272188000026], [121.01687313100001, 14.441675514000053], [121.01579992900008, 14.444036152000022], [121.01542911000001, 14.445178014000021], [121.0140580010001, 14.445635051000068], [121.01413139400007, 14.446262225000053], [121.01467850300001, 14.447132929000075], [121.01434155900006, 14.447812666000058], [121.01307759200006, 14.448562477000053], [121.01306688000011, 14.449215884000068], [121.0129169180001, 14.449687193000042], [121.01247724200003, 14.450277311000033], [121.01238594200004, 14.45095610900006], [121.01191554700006, 14.451476123000079], [121.01161584400006, 14.451621013000024], [121.01121079700012, 14.452593389000068], [121.01079507700003, 14.45266492100006], [121.00653868000008, 14.45396975400007], [121.00515852700005, 14.45451501100007], [121.00411656000006, 14.455022358000063], [121.00282496200009, 14.453995703000034], [121.00175103200003, 14.453732070000058], [121.00157225700002, 14.454077142000074], [121.0017690320001, 14.45435369100005], [121.00183750400005, 14.454892959000063], [121.00259440700007, 14.455826489000064], [121.00172214400004, 14.457230926000019], [121.00209372200004, 14.45780403700007], [121.00257236400013, 14.457829229000026], [121.00259440700007, 14.458399191000069], [121.00237712800003, 14.458906174000049], [121.00213874100007, 14.460441952000053], [121.00166749200004, 14.460551459000044], [121.00170817300011, 14.461515628000031], [121.00143263100006, 14.46190537700005], [121.0016058430001, 14.463171489000048], [121.00191722000011, 14.464224411000034], [121.00200686400002, 14.465093748000072], [121.00193204900008, 14.466085041000044], [121.00221383300004, 14.46725885300003], [121.0014835600001, 14.467717740000069], [121.00064773100009, 14.469146206000062], [121.00006791800003, 14.46967614300007], [120.9999810690001, 14.470013323000043], [120.99939476000009, 14.470527592000053], [120.99868971000002, 14.471359872000052], [120.99799104300008, 14.471612477000066], [120.998014581, 14.471914191000055], [120.99737477700012, 14.472650286000032], [120.99727634500006, 14.473101787000077], [120.99696607200009, 14.473422759000076], [120.996718567, 14.47425229300006], [120.99624352900001, 14.474470554000055], [120.99573710600009, 14.474382108000043], [120.99543468000002, 14.474979829000063], [120.99472711500005, 14.474986962000065], [120.99450029500008, 14.475248019000048], [120.993574469, 14.47548625200005], [120.99316219800005, 14.475738750000062], [120.99313652000002, 14.476216641000065], [120.99215363300004, 14.476066854000067], [120.99181411600013, 14.475688821000062], [120.991210689, 14.476079693000031], [120.9910708870001, 14.476456300000054], [120.9917358140001, 14.477123410000043], [120.99122467500003, 14.477514322000047], [120.99086588500006, 14.477522282000049], [120.99035422600002, 14.47833448000006], [120.99105713700008, 14.478965361000066], [120.99125335600002, 14.479427345000035], [120.99151912100001, 14.479601210000057], [120.99155637700005, 14.480070645000065], [120.99221209700009, 14.480254445000071], [120.99253519400007, 14.481262069000028], [120.99257969700011, 14.481963289000078], [120.99281317200008, 14.482735746000062], [120.99247786100013, 14.483172892000027], [120.99191954100002, 14.482917691000065], [120.9912522820001, 14.482982789000063], [120.99073072000009, 14.482824135000044], [120.99011221, 14.483265298000047], [120.98974329200007, 14.483056420000022], [120.98952517300008, 14.482288854000045], [120.98913816900006, 14.482622425000047], [120.98870663800007, 14.483448681000027], [120.9881846300001, 14.483967072000034], [120.98786596700006, 14.483882759000037], [120.98721377400012, 14.484166047000029], [120.98673452800006, 14.484115641000074], [120.98605628200005, 14.484704630000065], [120.985813397, 14.484435302000064], [120.984853025, 14.484930319000057], [120.98503007000011, 14.485313457000073], [120.98401923600011, 14.485783626000059], [120.98253557200007, 14.486382275000041], [120.98077125500004, 14.48746457600004], [120.9799850940001, 14.486301736000028], [120.97990063800013, 14.485646935000034], [120.97883375900005, 14.484442030000025], [120.97886819400003, 14.48384919800003], [120.97825224200005, 14.483398162000071], [120.97821637100003, 14.482717795000044], [120.97731638200004, 14.481968460000072], [120.9772163140001, 14.481558178000057], [120.97678571200004, 14.481432217000076], [120.976573518, 14.481040187000076], [120.9759878530001, 14.480524828000057], [120.97549235900009, 14.479907875000036], [120.9749694930001, 14.479550168000058], [120.97461169600001, 14.479584557000063], [120.97429800500004, 14.479044702000069], [120.97337977300003, 14.478345374000071], [120.97243924000009, 14.477995069000036], [120.97173934900002, 14.47811954400004], [120.97118600400006, 14.477618671000076], [120.97127011800002, 14.476969191000023], [120.97166224000011, 14.477482239000038], [120.97191396700008, 14.478029622000067], [120.97246431600001, 14.477869912000076], [120.97216193200005, 14.477403410000022], [120.97226544300008, 14.47718790300007], [120.97189677000004, 14.476753279000032], [120.97149436600013, 14.476590143000065], [120.97036501600007, 14.475720842000047], [120.97018689200003, 14.475380463000022], [120.97036890300002, 14.475104689000034], [120.9703925770001, 14.474167738000068], [120.97051827500002, 14.473771307000051], [120.9713848470001, 14.472650916000074], [120.97161386200004, 14.471804737000067], [120.97144650400003, 14.471315368000033], [120.97106941100004, 14.471044634000062], [120.97044982200008, 14.47101822400003], [120.97002515400004, 14.471296030000074], [120.96952236300001, 14.471866504000046], [120.96915469600003, 14.471956796000027], [120.96850711200011, 14.471615108000034], [120.9681106810001, 14.471218677000017], [120.96764656700009, 14.470522506000064], [120.96749253100006, 14.470111111000055], [120.9675869130001, 14.469775532000028], [120.9680588210001, 14.46958152600007], [120.9689776030001, 14.469457423000048], [120.96934841500003, 14.469296738000027], [120.96960798300007, 14.468530394000023], [120.96916918900001, 14.467689888000054], [120.96865005300003, 14.467362337000052], [120.96780921300001, 14.466571234000074], [120.96705732700002, 14.466068432000045], [120.96649355700004, 14.46604906400006], [120.9660033990001, 14.465722366000023], [120.96595096500006, 14.465177050000019], [120.96612924100009, 14.464390537000043], [120.96674272100007, 14.463378556000066], [120.9675816690001, 14.462303654000037], [120.96750641400003, 14.461093200000054], [120.96758340500001, 14.460445980000031], [120.96827505500003, 14.458629573000055], [120.96886547700002, 14.45762669300006], [120.9696916910001, 14.45677653000007], [120.97045243900004, 14.454728424000054], [120.97029420100012, 14.45371775800004], [120.96983750700008, 14.453261064000062], [120.9697000120001, 14.452792084000066], [120.96998326100005, 14.45168692700003], [120.96968673700007, 14.45086532500005], [120.96974196000008, 14.450144156000022], [120.97004607800011, 14.44960408300005], [120.96980488100009, 14.447795102000043], [120.96990450600002, 14.447527688000038], [120.96992547900005, 14.446625819000072], [120.97056861400006, 14.446196998000056], [120.9709122270001, 14.445647737000058], [120.9719555270001, 14.444219225000039], [120.9721155740001, 14.443183130000023], [120.97279788100003, 14.442273388000046], [120.97300846900008, 14.441346799000028], [120.97294950500009, 14.440950892000048], [120.97346334000008, 14.440243315000032], [120.973749741, 14.439485197000069], [120.97409510600004, 14.439106137000072], [120.9750553890001, 14.438735502000036], [120.976352614, 14.437480394000033], [120.97722866200003, 14.437202418000027], [120.97776776900004, 14.436789664000058], [120.97806259200003, 14.43625055800004], [120.97860401700007, 14.435801345000073], [120.97915620900005, 14.435105431000066], [120.9797235300001, 14.435014660000036], [120.98109112500005, 14.434407971000041], [120.98188918000005, 14.434232815000028], [120.98218585100004, 14.43435870800005], [120.98241641400013, 14.433887582000064], [120.98291689700012, 14.433666292000057], [120.98377063700002, 14.433689059000075], [120.98410719000003, 14.433397659000029], [120.9841988070001, 14.43258467000004], [120.9845450050001, 14.43217968400006], [120.98437723000006, 14.431690536000076], [120.98400336200008, 14.431547752000029], [120.98389180200002, 14.431232540000051], [120.98402865700007, 14.43050555400004], [120.98424114300009, 14.430380339000067], [120.98456366800008, 14.430774957000038], [120.98483307000005, 14.430790135000056], [120.98525424900005, 14.430460021000044], [120.98510247300011, 14.429947777000052], [120.98449536800001, 14.429663197000027], [120.98459881600003, 14.429119189000062], [120.98517757500008, 14.428818632000054], [120.98597243800009, 14.42772818000003], [120.98564704100012, 14.427179228000055], [120.98557500600009, 14.42661288800002], [120.98566454800005, 14.425988149000034], [120.98616785100012, 14.425960408000039], [120.98650074400007, 14.42620611500007], [120.98651659600011, 14.42663808400005], [120.98695252800007, 14.426424081000048], [120.98709123300011, 14.426103077000048], [120.98682147300009, 14.424124821000078], [120.98700496200003, 14.423276876000045], [120.98674640900003, 14.422748649000027], [120.98692433800012, 14.422559599000063], [120.98760825400008, 14.422406691000045], [120.9881531620001, 14.422765330000058], [120.98922629800006, 14.422662464000043], [120.98994770300011, 14.421880769000037], [120.98986968300004, 14.421241605000038], [120.99038881700007, 14.421100568000043], [120.99040682200007, 14.419630189000031], [120.99029879400007, 14.419336114000032], [120.99055986100008, 14.418531906000055], [120.99101297800007, 14.417436624000059], [120.99083893300008, 14.416851473000063], [120.99045783500003, 14.41651538700006], [120.9903798150001, 14.416101280000078], [120.99077291600008, 14.415696176000043], [120.99122003100003, 14.41578920000006], [120.99160112900007, 14.415558140000027], [120.99227414400004, 14.41466056500008], [120.99336490700013, 14.41363058500002], [120.99406454900009, 14.412560544000026], [120.99428905300009, 14.411726270000027], [120.99482840700013, 14.411104362000053], [120.99500452300002, 14.410570512000046], [120.9946770580001, 14.410163244000046], [120.99520815600012, 14.409167091000025], [120.99484216600001, 14.408534175000055], [120.99488069200004, 14.408121404000042], [120.99448670900004, 14.407610540000064], [120.99515460300007, 14.407266182000054], [120.99525070300001, 14.405864725000077], [120.9960227050001, 14.405158391000041], [120.99706266400007, 14.405012175000026], [120.99742128900004, 14.405173297000031], [120.99791678100007, 14.40568091600005], [120.99842417100001, 14.40523737800004], [120.99803739700008, 14.404715208000033], [120.99854474100006, 14.403687525000059], [120.99897082700012, 14.403358616000041], [120.99902502200007, 14.402958693000077], [120.99942681400012, 14.40286712200003], [120.99963442900001, 14.402396506000056], [121.0002449760001, 14.401787464000048], [121.00082376400007, 14.401403554000069], [121.00130948000005, 14.400173250000025], [121.00210210600005, 14.399287217000047], [121.00202738000009, 14.398630699000023], [121.00219551300007, 14.398032894000039], [121.002935911, 14.397282981000046], [121.00256338100009, 14.396500084000024], [121.00241749600002, 14.395674058000056], [121.00271358100008, 14.395083711000037], [121.00261356800003, 14.394811583000033], [121.00203674900001, 14.39485112300002], [121.00172275500006, 14.394592950000057], [121.00173473400002, 14.394243259000056], [121.00213444100005, 14.39381199600007], [121.00270034200003, 14.393759403000049], [121.00417505200006, 14.39280220900002], [121.00507544600009, 14.39302941100004], [121.00563503600006, 14.392553970000053], [121.0062702350001, 14.391743459000056], [121.0069996420001, 14.391499657000056], [121.0071540020001, 14.390991417000068], [121.00753520800004, 14.391056017000043], [121.00785481900004, 14.390869810000028], [121.00801348100002, 14.389887671000054], [121.00754765600004, 14.388668644000063], [121.00717299900008, 14.388017281000032], [121.00668759000008, 14.387567024000077], [121.00666103300011, 14.387115552000067], [121.00733944800005, 14.385816666000041], [121.00785610500009, 14.384978908000043], [121.00767503400004, 14.384384994000072], [121.007783677, 14.383800736000069], [121.00820809800008, 14.383404965000066], [121.00822675300002, 14.383092489000031], [121.00882578200005, 14.382933549000029], [121.00916071200002, 14.382164578000072], [121.0091436230001, 14.381330670000064], [121.00977588900003, 14.380729163000066], [121.01066447900007, 14.380459169000058], [121.0114607920001, 14.380401069000078], [121.01161116900006, 14.380260945000037], [121.01143686800005, 14.379314255000052], [121.01115320300006, 14.378969072000073], [121.01107117900006, 14.378306048000066], [121.01072941400001, 14.377034681000056], [121.01064739000005, 14.37626570900005], [121.0107845030001, 14.374852788000055], [121.01255710800002, 14.374886601000075], [121.01279838100004, 14.375678280000045], [121.01344750200008, 14.379234479000047], [121.01346415800005, 14.380127033000063], [121.01314564200005, 14.38075777100005], [121.01044075000004, 14.384692120000066], [121.010305173, 14.385210286000072], [121.00932225500003, 14.391410368000034], [121.00947423200013, 14.392039976000035], [121.01163612800009, 14.398984211000029], [121.01229948100003, 14.404751857000061], [121.01227971100003, 14.405077597000059], [121.0126901010001, 14.406896132000039], [121.01542863100008, 14.411435328000039], [121.01714790400003, 14.413927184000045], [121.01925582100013, 14.417452205000068], [121.02240396000002, 14.422385589000042], [121.0226006580001, 14.424143924000079], [121.02237722100007, 14.427322316000074], [121.02354926300006, 14.431857086000035], [121.02405596200005, 14.433661238000074], [121.02434019200008, 14.435350911000059], [121.0243382450001, 14.436169403000063]]]]}, "properties": {"city": "Las Pinas", "outdoor_courts": 71, "covered_courts": 65, "total_courts": 136, "population_2024": 615549, "courts_per_100k": 22.09, "land_area_km2": 32.85, "courts_per_km2": 4.14}, "id": 1380200000}, {"type": "Feature", "geometry": {"type": "Polygon", "coordinates": [[[121.06431954100005, 14.551917179000043], [121.06454746800011, 14.553111145000063], [121.06529822000005, 14.554872335000027], [121.06573853800013, 14.556140063000042], [121.06617858900006, 14.556622061000045], [121.0668738610001, 14.557730600000067], [121.06702392700005, 14.558661451000035], [121.06700656800001, 14.559267901000055], [121.0661985810001, 14.560287207000044], [121.06548292700006, 14.560719451000068], [121.06277397600002, 14.56146428900007], [121.06194837000011, 14.56207070800002], [121.0604617790001, 14.563445082000037], [121.05999299200003, 14.563979678000063], [121.05847070900008, 14.56487333800004], [121.05752342900006, 14.56515007200005], [121.05567745700012, 14.565522512000031], [121.05461935400001, 14.565839834000034], [121.05418277000003, 14.56622592200006], [121.05195032900009, 14.567652816000079], [121.05041966400006, 14.568402103000038], [121.04961303600008, 14.56855985000004], [121.04833892900002, 14.568536256000076], [121.047099869, 14.568297716000073], [121.04597898000009, 14.568431926000072], [121.04420544000004, 14.568714568000074], [121.04275851500006, 14.568696423000064], [121.03678069000011, 14.56727716700004], [121.03467973800004, 14.567247635000056], [121.03416050400004, 14.567387959000026], [121.0332202510001, 14.568020304000068], [121.03008016600006, 14.57088714800005], [121.02609052700006, 14.574203588000051], [121.0240278230001, 14.575546070000026], [121.01918448000004, 14.578447046000065], [121.01761120300011, 14.579408116000023], [121.01643006400002, 14.57919822200006], [121.01219513700006, 14.574986697000043], [121.01061445000006, 14.57345642200005], [121.00922824400006, 14.572031351000023], [121.005806215, 14.568653942000031], [121.00226739300001, 14.565095044000033], [120.99905087700006, 14.561899275000027], [120.9988221530001, 14.56171635700002], [120.99930926300011, 14.561482502000045], [120.99938662300008, 14.561056049000058], [120.99902997900006, 14.560229064000056], [120.99899923800001, 14.559549704000062], [120.99956764800005, 14.559396997000023], [120.99973308000006, 14.559087342000062], [120.99979669800007, 14.558260162000064], [121.0001197780001, 14.557864780000044], [120.99977033300001, 14.557280873000023], [120.99970338700007, 14.556652514000064], [121.00004697800011, 14.55593139800004], [121.00016999200011, 14.55481578900003], [121.00106930000005, 14.553985310000032], [121.00135886600003, 14.553339082000045], [121.00150473300005, 14.552706514000024], [121.00218636900001, 14.55212152100006], [121.00471404100007, 14.551041079000072], [121.00616614800005, 14.550355600000048], [121.00723036300008, 14.549986884000074], [121.00746490600011, 14.549137837000048], [121.00777176800011, 14.548830192000022], [121.0087317320001, 14.548634387000048], [121.00929099700011, 14.547564459000057], [121.00918986500007, 14.547094688000069], [121.00880182900005, 14.546644487000039], [121.00856647400008, 14.546090437000029], [121.00857109000003, 14.54569771900003], [121.00884797700006, 14.544746486000069], [121.00969852000003, 14.54356234600004], [121.00969709900006, 14.542607328000035], [121.00948817100004, 14.542100241000073], [121.00938329300003, 14.541222904000053], [121.00901621700007, 14.540370066000035], [121.011012058, 14.540406038000073], [121.01102291700009, 14.539937241000075], [121.01081681000005, 14.538752571000034], [121.01294378600006, 14.539075190000068], [121.01303735600005, 14.538516177000082], [121.01290578800003, 14.53557617100006], [121.01297418200011, 14.534605703000071], [121.01310684700003, 14.534169803000053], [121.01294259500004, 14.533076891000063], [121.01221609300002, 14.531617785000039], [121.01230699300005, 14.530835534000058], [121.01224285500005, 14.530498584000041], [121.01181661200008, 14.530098235000027], [121.01217785500013, 14.529659042000045], [121.01263901100005, 14.53040670700005], [121.01315515400005, 14.530429104000067], [121.01383638000003, 14.53016868000003], [121.015580655, 14.53087197700006], [121.01584046800009, 14.530864889000041], [121.01608967700008, 14.529908436000023], [121.0162940560001, 14.529632177000055], [121.01685265200003, 14.529570789000047], [121.01732365600004, 14.53016875100008], [121.01804818200003, 14.530122455000027], [121.01843568900004, 14.530512884000068], [121.01902482100003, 14.53054370500007], [121.02033141100004, 14.529854586000052], [121.02121194400002, 14.530175525000057], [121.02174932300011, 14.53020596400006], [121.0222366910001, 14.530536428000062], [121.02257806800003, 14.53080396800004], [121.02304361400003, 14.530812921000065], [121.02327191100005, 14.531206845000042], [121.02424329100005, 14.531144175000067], [121.02431998100009, 14.531505780000028], [121.0248999580001, 14.531498061000036], [121.02496136800005, 14.53210108300004], [121.02561980900009, 14.532186543000025], [121.02651239300008, 14.532098977000032], [121.02735404500004, 14.532943209000042], [121.02812997600006, 14.53314658400007], [121.02863720900005, 14.533443947000023], [121.0289875950001, 14.533877265000058], [121.029343626, 14.533994545000036], [121.02952792400004, 14.534304501000065], [121.02999704600008, 14.534317067000078], [121.03019809800004, 14.534673097000052], [121.0312109140001, 14.53492598400004], [121.03167752400009, 14.534479444000056], [121.03241506900008, 14.534509548000072], [121.033448635, 14.533932557000071], [121.034401924, 14.534554703000024], [121.03523479800003, 14.535583252000041], [121.03577666700005, 14.535809031000039], [121.03639379600008, 14.535884291000059], [121.03694068300001, 14.536145191000058], [121.03738722400011, 14.535979620000036], [121.03811473400003, 14.536255572000073], [121.03863151700011, 14.53672719900004], [121.03869674200006, 14.53697806400004], [121.03922857700003, 14.537444674000032], [121.03944432100002, 14.538623742000027], [121.03932390600005, 14.53915056000005], [121.03970020400006, 14.53983291400004], [121.04040262700006, 14.53991319100004], [121.04069864900009, 14.540299524000034], [121.04168705900008, 14.540715961000048], [121.04243206500009, 14.540711738000025], [121.0431119750001, 14.540354715000037], [121.04410540300012, 14.540891567000074], [121.04472253200004, 14.54079623800004], [121.04527945300003, 14.541282917000046], [121.04532962700013, 14.541593990000026], [121.04595665700005, 14.541819049000026], [121.046037081, 14.54222735900004], [121.046393995, 14.542844201000033], [121.04698798600009, 14.541464736000027], [121.0469310090001, 14.537134453000021], [121.04646101700007, 14.535643601000055], [121.04699974500012, 14.53548545600006], [121.04733100300005, 14.53567856600006], [121.05155845400009, 14.535643612000055], [121.05169522200003, 14.53711781800007], [121.05160950300002, 14.53767498900004], [121.05190951800012, 14.538203587000051], [121.05327595100005, 14.538930853000068], [121.05311337300007, 14.539418588000041], [121.05354691500008, 14.539617295000026], [121.05328143400004, 14.542459378000046], [121.05413268800008, 14.541528656000027], [121.05466490700007, 14.541129210000063], [121.05550333100008, 14.542340038000074], [121.05590685300001, 14.54216903200006], [121.05585910500007, 14.541525120000074], [121.05653795200008, 14.54078455900003], [121.05728313700003, 14.539683324000064], [121.05779508800003, 14.538742134000076], [121.05877974500004, 14.537557579000062], [121.0587925300001, 14.537302496000052], [121.05820923600005, 14.536831462000068], [121.05779210700007, 14.536210857000068], [121.05854899200006, 14.535632007000059], [121.05815354500011, 14.533994712000034], [121.05853689500009, 14.53368851300007], [121.05838717400002, 14.533084966000045], [121.05873831100008, 14.532644795000065], [121.05929120200005, 14.53241093900004], [121.05890812800011, 14.53119676800003], [121.05973016200005, 14.531029767000065], [121.05994628700012, 14.531538617000022], [121.06100675000005, 14.532437145000074], [121.06147566600009, 14.532725046000053], [121.06121234200009, 14.533841803000032], [121.06126890500002, 14.534941237000055], [121.0617142540001, 14.535277307000062], [121.06328005800003, 14.53525353200007], [121.06432556800007, 14.535163309000042], [121.06555151900011, 14.53518891300007], [121.06664600200008, 14.535576625000033], [121.06720877000011, 14.53628527600006], [121.06721034200007, 14.536801957000026], [121.06641223300004, 14.537754094000032], [121.06568554400008, 14.53842582900006], [121.06513563600005, 14.539287019000025], [121.0646255920001, 14.539801893000059], [121.06315719300004, 14.540347774000056], [121.06268263200003, 14.540706019000027], [121.06234117300006, 14.541257481000063], [121.06260937700006, 14.542221699000034], [121.062464351, 14.542771136000052], [121.06201491000003, 14.543251305000071], [121.0611591510001, 14.543725279000059], [121.06091744900004, 14.544062659000069], [121.06111741000008, 14.544945142000072], [121.06160133500009, 14.545361805000033], [121.06197803700002, 14.545327943000075], [121.06265666700004, 14.54456232700005], [121.06284617200002, 14.544148722000045], [121.0629882290001, 14.543171031000043], [121.06341970900007, 14.54268554000004], [121.0638743720001, 14.542714198000052], [121.0642771140001, 14.543228573000022], [121.0644183180001, 14.544496043000036], [121.06463096700008, 14.544930301000022], [121.06532694900011, 14.545502256000075], [121.06570742000008, 14.546331989000066], [121.06570687400006, 14.54734790500004], [121.06582854700002, 14.54766842000004], [121.06627210900002, 14.548098883000021], [121.0671290150001, 14.548576712000049], [121.06746195000004, 14.54914952700005], [121.06744612400009, 14.549538239000071], [121.0671018170001, 14.550142099000025], [121.06662473200004, 14.550398037000036], [121.06550144000005, 14.550556315000051], [121.06491663800011, 14.550816321000067], [121.0644524920001, 14.55116879100006], [121.06431954100005, 14.551917179000043]]]}, "properties": {"city": "Makati", "outdoor_courts": 21, "covered_courts": 12, "total_courts": 33, "population_2024": 309770, "courts_per_100k": 10.65, "land_area_km2": 25.05, "courts_per_km2": 1.32}, "id": 1380300000}, {"type": "Feature", "geometry": {"type": "Polygon", "coordinates": [[[121.05738463300008, 14.466723355000058], [121.05703322800002, 14.466867460000062], [121.05607221900003, 14.466974051000022], [121.05564040700006, 14.46675271700007], [121.054938997, 14.46705878600005], [121.05448414400007, 14.467641169000046], [121.05385878800007, 14.467517903000042], [121.05366170200013, 14.467205850000024], [121.0531952660001, 14.467212420000063], [121.05206959600004, 14.467475381000039], [121.05137167800001, 14.467390566000063], [121.05049916100008, 14.467164378000064], [121.0488933690001, 14.466968036000026], [121.04843757600008, 14.467038158000035], [121.04772233200003, 14.467472914000039], [121.04752875900012, 14.467753957000067], [121.04694144600002, 14.467927391000048], [121.04668523600003, 14.467856441000034], [121.0466221690001, 14.467478038000026], [121.04568175900012, 14.465679895000044], [121.04621352300002, 14.464512608000064], [121.04566878900005, 14.464045693000061], [121.04599326600011, 14.46226666100006], [121.04637859800006, 14.462029556000061], [121.04645529800007, 14.461603443000056], [121.04633027200009, 14.46064528200003], [121.04530549000003, 14.459299420000038], [121.0452705240001, 14.45856992900008], [121.04530279000006, 14.455448395000074], [121.04470951100008, 14.453892401000072], [121.04416844100001, 14.453706491000046], [121.04515791100006, 14.452245447000054], [121.04504060200009, 14.452135201000035], [121.04356624900004, 14.45212667900006], [121.04316570200002, 14.452433481000075], [121.0431571800001, 14.452697671000063], [121.04261175500007, 14.452620971000043], [121.042100419, 14.451853967000037], [121.04296150500011, 14.45010868700006], [121.04290591000006, 14.449209906000021], [121.04245, 14.44919], [121.04074, 14.44837], [121.04109789200004, 14.447527854000038], [121.04137525500005, 14.446516292000066], [121.04128438700002, 14.44491853400007], [121.04141463600001, 14.443858062000066], [121.04106696500003, 14.443779256000028], [121.04048913300007, 14.442913623000038], [121.04014635900012, 14.44296846700007], [121.04010593700002, 14.442348347000063], [121.0396867700001, 14.442044813000058], [121.03924592300007, 14.442254396000068], [121.03881953000007, 14.442117083000026], [121.03865330800011, 14.441611193000025], [121.03777884000012, 14.441076394000044], [121.0378294300001, 14.440837903000046], [121.03668033500001, 14.440158564000058], [121.0363984820001, 14.440122429000041], [121.03590355300003, 14.440612574000058], [121.03537667700006, 14.440866374000048], [121.03500079500007, 14.441258319000044], [121.03449233100002, 14.441433962000076], [121.03421969200006, 14.441895093000028], [121.03313923200007, 14.442494227000056], [121.0279942190001, 14.440199183000061], [121.02684737600009, 14.439347015000068], [121.02426, 14.43722], [121.0243382450001, 14.436169403000063], [121.02434019200008, 14.435350911000059], [121.02405596200005, 14.433661238000074], [121.02354926300006, 14.431857086000035], [121.02237722100007, 14.427322316000074], [121.0226006580001, 14.424143924000079], [121.02240396000002, 14.422385589000042], [121.01925582100013, 14.417452205000068], [121.01714790400003, 14.413927184000045], [121.01542863100008, 14.411435328000039], [121.0126901010001, 14.406896132000039], [121.01227971100003, 14.405077597000059], [121.01229948100003, 14.404751857000061], [121.01163612800009, 14.398984211000029], [121.00947423200013, 14.392039976000035], [121.00932225500003, 14.391410368000034], [121.010305173, 14.385210286000072], [121.01044075000004, 14.384692120000066], [121.01314564200005, 14.38075777100005], [121.01346415800005, 14.380127033000063], [121.01344750200008, 14.379234479000047], [121.01279838100004, 14.375678280000045], [121.01255710800002, 14.374886601000075], [121.0107845030001, 14.374852788000055], [121.01046564200011, 14.374221506000024], [121.01034325, 14.37343562400002], [121.01000345300008, 14.372611093000046], [121.00949078400004, 14.372325452000043], [121.00873027900003, 14.371447444000067], [121.00775751700007, 14.37066735500002], [121.00740506700004, 14.370488780000075], [121.00718216100006, 14.370073908000052], [121.00723349600003, 14.369247650000034], [121.0069416680001, 14.368387959000074], [121.00704028400003, 14.367517570000077], [121.00705229500011, 14.365745793000029], [121.00689326400004, 14.365398815000045], [121.00679567600004, 14.364567515000038], [121.00665471700006, 14.364307281000036], [121.00659688700011, 14.363504895000064], [121.00676314700003, 14.363157917000024], [121.00694386500004, 14.362023011000076], [121.00673784700005, 14.36120978200006], [121.0074127700001, 14.359957983000072], [121.00751528400008, 14.359620290000068], [121.00741514000003, 14.358972670000071], [121.00764943700007, 14.358636287000024], [121.00724601400009, 14.357033181000073], [121.00732715300002, 14.356323217000067], [121.00764494700003, 14.355843146000037], [121.00759085400011, 14.355170370000051], [121.00689103200013, 14.353943146000061], [121.00746950700011, 14.353837673000045], [121.00810357300008, 14.353870427000063], [121.00979282000002, 14.353507534000075], [121.01166143500006, 14.352589797000064], [121.01336353000012, 14.351973628000051], [121.01542139300011, 14.351729568000051], [121.01623891600002, 14.351821071000073], [121.0161679460001, 14.352144643000033], [121.01674096800002, 14.352162480000057], [121.0170977140001, 14.35242112000003], [121.01773093700002, 14.35239659400003], [121.01811443800011, 14.352809081000034], [121.01865401600003, 14.352742191000063], [121.01945223300004, 14.353054343000053], [121.01975769700005, 14.353990800000076], [121.02071422000006, 14.354563822000046], [121.02077139700009, 14.35509685000005], [121.02120340800003, 14.355246634000029], [121.02157077400012, 14.355634498000029], [121.0224127140001, 14.355796717000036], [121.0228295290001, 14.356283616000042], [121.02287010400005, 14.35706560500006], [121.0240060430001, 14.358059383000064], [121.02450414900011, 14.358047617000068], [121.02542930900007, 14.35889367600004], [121.02591499100004, 14.359451931000022], [121.02628902200001, 14.360322810000069], [121.026353221, 14.361003882000036], [121.0266463050001, 14.36131371300007], [121.02664351400007, 14.362441389000024], [121.0267747040001, 14.362597701000027], [121.02768745200002, 14.362740056000062], [121.02865881600007, 14.363513240000033], [121.02890724000008, 14.36411057300006], [121.02945153900009, 14.364786062000062], [121.02922823700011, 14.365654150000067], [121.02934267900002, 14.365877452000063], [121.0298758130001, 14.365980729000055], [121.03071040500004, 14.36589140800004], [121.03124074800007, 14.366159371000037], [121.03167618700002, 14.366064467000058], [121.03209311300007, 14.365588326000022], [121.03292930300005, 14.365607391000022], [121.03360255000005, 14.366351378000049], [121.03441727700009, 14.366351378000049], [121.0354978890001, 14.366775817000075], [121.0361947350001, 14.366279267000037], [121.03645696900004, 14.366511009000018], [121.03693264800006, 14.367538598000069], [121.0372402820001, 14.36799178800004], [121.03810168600012, 14.368591026000043], [121.03897048600005, 14.368774323000025], [121.03927631200008, 14.369145682000072], [121.03984973400009, 14.369104723000078], [121.04053511000008, 14.369257636000041], [121.04083001300012, 14.36972183500006], [121.04169287800006, 14.369776447000048], [121.0420396620001, 14.370060427000052], [121.04213813100012, 14.37046933500005], [121.042841371, 14.371272443000068], [121.04295996400005, 14.371632385000057], [121.04342044200007, 14.37181905000006], [121.0436062760001, 14.37143867100002], [121.04416236900012, 14.370880217000039], [121.04430698100009, 14.369911320000025], [121.04486373400006, 14.369426872000076], [121.04491724800005, 14.368204587000033], [121.04525778600009, 14.36860348500005], [121.04557716100011, 14.368645811000025], [121.04538677000005, 14.367759996000071], [121.04546609300007, 14.367266193000034], [121.04600543400011, 14.366970126000073], [121.04632508200007, 14.36765109100003], [121.04663169600008, 14.367594682000062], [121.04694269400011, 14.367953033000049], [121.04778866000004, 14.36799910700006], [121.04838804600003, 14.367284537000044], [121.04885388900004, 14.367546871000055], [121.0489387990001, 14.367806280000021], [121.04937892100007, 14.368083701000046], [121.04961095800003, 14.368563506000044], [121.04961380100008, 14.369018703000053], [121.04991575200006, 14.369169161000059], [121.05051811800001, 14.36909132300008], [121.05089106900003, 14.369478161000076], [121.05150154700004, 14.369658617000026], [121.05177543000002, 14.370144312000036], [121.05154787400011, 14.370482725000043], [121.05208114900007, 14.370589692000063], [121.05228134600009, 14.370942866000064], [121.05184310100003, 14.371464134000064], [121.05239214700009, 14.371882638000045], [121.05251812800009, 14.372866766000072], [121.05270602500002, 14.373126630000058], [121.05255628500005, 14.373445307000054], [121.05284999100002, 14.373785461000065], [121.05253431600012, 14.374406693000031], [121.05255455200007, 14.374777004000064], [121.05320613700009, 14.375163503000069], [121.05363917800004, 14.37505827800004], [121.0535987070001, 14.374277185000036], [121.0539711350001, 14.374131615000064], [121.05397593400005, 14.374766089000046], [121.05423410400009, 14.375426566000044], [121.05569126300007, 14.377101939000056], [121.05599119600004, 14.377708990000032], [121.05648908000002, 14.377962434000036], [121.05702664800002, 14.378525898000074], [121.05738450200012, 14.378639585000029], [121.05736923200004, 14.379196094000063], [121.05706250100002, 14.379638739000026], [121.05798536000009, 14.380141653000063], [121.05783277400008, 14.38051458800004], [121.05708455200009, 14.380634049000035], [121.05674502300008, 14.380854103000049], [121.05641178400005, 14.381325644000073], [121.05571386300005, 14.381577136000036], [121.05538691100001, 14.381992093000061], [121.05531146200008, 14.382381898000062], [121.05499708500008, 14.382740270000061], [121.05508511300003, 14.383048342000048], [121.05470157500008, 14.383721074000047], [121.05466225500004, 14.384538106000036], [121.05499134800006, 14.384895636000062], [121.05492019700011, 14.385383016000047], [121.05468374000009, 14.385875362000036], [121.05481133700005, 14.386520500000076], [121.05439711400004, 14.386584818000074], [121.05398251000008, 14.386956640000049], [121.05344660100002, 14.386912599000025], [121.05330222600001, 14.387228251000067], [121.05336585300006, 14.387793489000046], [121.05308689100002, 14.388454158000057], [121.05302327900006, 14.39037009400005], [121.05310648300006, 14.390969588000074], [121.05344907800007, 14.391764834000076], [121.05378433000011, 14.392090272000072], [121.0536056960001, 14.39250135500004], [121.0532410830001, 14.392577211000063], [121.05253632900006, 14.392949147000026], [121.0523674850001, 14.393639179000045], [121.05185604700011, 14.393680779000022], [121.05182913500005, 14.394669334000072], [121.05191968200006, 14.395435218000049], [121.05187563800007, 14.395961306000059], [121.05208119500003, 14.396428665000025], [121.05107055600003, 14.396595061000024], [121.05159717700009, 14.397008249000066], [121.05118068, 14.397627659000023], [121.05121983900005, 14.398479187000078], [121.05103386400003, 14.398819309000032], [121.05138380100006, 14.39986169400004], [121.05121006200011, 14.400262988000067], [121.05144009000003, 14.400732795000069], [121.05138136400002, 14.401288246000032], [121.05185120500005, 14.401921994000073], [121.05217421900012, 14.401939121000051], [121.05191728300008, 14.402949699000029], [121.05153798700009, 14.403108750000058], [121.05145479400005, 14.404119327000041], [121.05120760500006, 14.40445124400003], [121.05141577200003, 14.404731875000039], [121.05183913900011, 14.40477558600002], [121.051359305, 14.405407394000067], [121.05118233100006, 14.406629610000044], [121.05133105000004, 14.407099522000063], [121.051256695, 14.407542669000064], [121.05146371100011, 14.407964996000036], [121.05123885500008, 14.40854673800004], [121.0515458110001, 14.409310494000065], [121.05166359700003, 14.409885096000044], [121.05244736300004, 14.409977223000055], [121.05244737100008, 14.41117163600006], [121.0526272640001, 14.412072917000042], [121.05325425, 14.412796779000072], [121.0530543770001, 14.413028762000069], [121.05351218800001, 14.413408974000047], [121.05341701200008, 14.41388245600006], [121.05311006300008, 14.41410135500007], [121.0523997570001, 14.414098091000026], [121.05224870100007, 14.414377360000056], [121.05238238000004, 14.414752458000068], [121.05223205300003, 14.415821601000058], [121.0524247940001, 14.416433082000022], [121.05219660200011, 14.41649097800007], [121.0521725750001, 14.417054083000043], [121.05267310800002, 14.417210098000051], [121.05283278900002, 14.418025539000043], [121.05229056400003, 14.418193060000018], [121.05218162800008, 14.418749578000071], [121.05220066800007, 14.41954426700005], [121.05246716700002, 14.419510956000064], [121.05251682800008, 14.420433777000028], [121.0521022700001, 14.420628480000056], [121.05229110100004, 14.42158571400006], [121.05247662800004, 14.421863088000064], [121.05237717900003, 14.422839155000078], [121.05257977500003, 14.423288513000047], [121.05248769000004, 14.42366420700006], [121.05333858600012, 14.42454818700003], [121.05385427800002, 14.424783914000045], [121.05397952000008, 14.425270104000049], [121.05343071800007, 14.425557301000028], [121.05394359000002, 14.425781690000067], [121.0535333370001, 14.42635402700006], [121.05283549500007, 14.42632251300006], [121.05235484600006, 14.426427205000033], [121.05234057200006, 14.426884033000023], [121.05187271600006, 14.427513727000076], [121.05251849900003, 14.427567404000058], [121.05199755600005, 14.428168297000067], [121.0518931920001, 14.429411550000054], [121.05194900600007, 14.430057039000072], [121.0521871310001, 14.430732290000034], [121.05221690200005, 14.431496833000036], [121.05182809500002, 14.431556362000038], [121.0517406690001, 14.433130093000049], [121.05190250600003, 14.43477374500003], [121.05188986700011, 14.436265553000057], [121.05211050000004, 14.436390153000051], [121.05210503000002, 14.436943882000037], [121.05245733100001, 14.437063836000053], [121.05257145100008, 14.437653009000034], [121.05235486900006, 14.438419169000042], [121.05268091800008, 14.438945465000074], [121.05209403600007, 14.439052591000063], [121.05167949500003, 14.439392591000056], [121.05185649300006, 14.439730259000042], [121.05303724000011, 14.43914340600003], [121.05340521000005, 14.43983970000005], [121.05378482200001, 14.439944492000052], [121.05387332300006, 14.440400927000047], [121.05360317200007, 14.44060352900004], [121.05348906100004, 14.441404620000071], [121.05408764100001, 14.442561175000035], [121.05412333800005, 14.443310657000042], [121.05431214100007, 14.44430904500007], [121.05492641700005, 14.445020186000026], [121.05523693800002, 14.445227184000034], [121.05560813600005, 14.44574111200006], [121.05547226500006, 14.446124637000022], [121.05432384600012, 14.446246705000016], [121.05397241500008, 14.446450445000036], [121.05412998900012, 14.44927886200003], [121.05427589400007, 14.450185244000068], [121.05444406600009, 14.450480063000043], [121.05435460400007, 14.451266372000081], [121.05392888200004, 14.451812502000053], [121.05371579800011, 14.451157311000033], [121.05319930800012, 14.447018495000062], [121.0527846760001, 14.447051351000027], [121.05291952300003, 14.44861297600005], [121.05302050700004, 14.449137146000057], [121.05325652500007, 14.451998307000055], [121.053492043, 14.452740859000073], [121.0535706610001, 14.453450685000067], [121.0533802880001, 14.454051363000076], [121.05405301100006, 14.455350769000063], [121.0542885750001, 14.45625713000004], [121.05478164600005, 14.456125968000036], [121.05514036500007, 14.456519028000058], [121.05428872100003, 14.45685776700003], [121.05390775000002, 14.457130870000073], [121.05395265200002, 14.457436639000033], [121.05441236900003, 14.458386630000062], [121.054367596, 14.458615974000056], [121.05472638200003, 14.459271131000033], [121.05473770900004, 14.459762558000026], [121.05506298900004, 14.460876389000076], [121.05530963500009, 14.461236712000074], [121.05535458600002, 14.46172813100003], [121.05560131800006, 14.462426996000033], [121.05584792600007, 14.462623509000021], [121.05612824900004, 14.463191317000053], [121.05590417500004, 14.46347530600008], [121.05616200200008, 14.463715500000037], [121.0569128510001, 14.463562430000025], [121.0570698150001, 14.46380264700002], [121.05668885000011, 14.464130359000025], [121.05681219700011, 14.464392424000035], [121.05638640100004, 14.46472014600005], [121.05664425300006, 14.465047704000026], [121.05655470200008, 14.465473631000066], [121.05672299000003, 14.46617251200007], [121.05699281700004, 14.466573380000058], [121.05738463300008, 14.466723355000058]]]}, "properties": {"city": "Muntinlupa", "outdoor_courts": 71, "covered_courts": 28, "total_courts": 99, "population_2024": 552225, "courts_per_100k": 17.93, "land_area_km2": 39.3, "courts_per_km2": 2.52}, "id": 1380800000}, {"type": "Feature", "geometry": {"type": "Polygon", "coordinates": [[[121.03527359300006, 14.506378342000062], [121.03477495100002, 14.506222077000073], [121.03437569300002, 14.50637776300005], [121.03412709800013, 14.50681719800002], [121.0318370120001, 14.506583670000053], [121.029926627, 14.505522473000042], [121.02941636100002, 14.505159732000038], [121.02878806900004, 14.505004543000043], [121.02783235500011, 14.50554872000004], [121.02564661100007, 14.505109296000057], [121.0252464250001, 14.505120935000035], [121.02445805900005, 14.504748482000029], [121.02390983200007, 14.504798651000048], [121.02343867600007, 14.505245665000077], [121.02191, 14.50438], [121.0215665930001, 14.504066954000049], [121.02072639200003, 14.503029830000056], [121.02028003500004, 14.502681935000055], [121.02016, 14.50236], [121.01938075700002, 14.502097732000037], [121.01830900900006, 14.502392766000069], [121.01776599600008, 14.502662242000044], [121.0170700000001, 14.50262], [121.01442396900006, 14.50418128300004], [121.00985626400005, 14.508156785000038], [121.00977263200002, 14.508428590000053], [121.0090478200001, 14.508602823000045], [121.00870223000004, 14.509388732000046], [121.00785055500013, 14.509702043000058], [121.00773140800004, 14.510553718000041], [121.00718178100009, 14.510823009000038], [121.00626342600005, 14.510784302000044], [121.00607218600011, 14.510646387000067], [121.00519844600002, 14.510716993000075], [121.00478805300008, 14.511122973000056], [121.00426734000008, 14.510606672000048], [121.00401606700007, 14.509846541000059], [121.00341850600013, 14.509809170000043], [121.00272291500004, 14.50947793600005], [121.00216511800012, 14.50945277300008], [121.0012187530001, 14.506799297000043], [120.99980507900011, 14.507548383000028], [120.99948601300002, 14.507655509000074], [121.0001100940001, 14.510090435000052], [121.00022256700005, 14.510224230000064], [121.00032030000011, 14.51150018100003], [121.00074923600005, 14.511462174000028], [121.00111301800005, 14.511842245000027], [121.0009689430001, 14.512944360000061], [121.00108305700009, 14.51374042800006], [121.00071506200004, 14.515466489000065], [121.00052432900007, 14.51686796100006], [120.99801943600006, 14.516945465000047], [120.998209212, 14.517425485000041], [120.9987562120001, 14.518173423000064], [120.99934786500013, 14.519300913000052], [120.99947066100005, 14.519691627000043], [120.99914692600008, 14.52045072900006], [120.99891249700012, 14.52186846300003], [120.99894404400005, 14.523326539000037], [120.99878085700004, 14.524227089000021], [120.99833124800011, 14.527269477000065], [120.99835162400007, 14.527493621000074], [120.99913613000001, 14.527819650000026], [120.99971686700007, 14.528940371000035], [120.9998085620001, 14.529582239000028], [120.99968209200006, 14.530050624000069], [120.99929831900009, 14.53084869800005], [120.99945531700007, 14.531529023000076], [120.99894392800003, 14.53223510400005], [120.9988313140001, 14.532654936000029], [120.99813978400003, 14.533080166000047], [120.99652843500007, 14.533448498000041], [120.99295110700007, 14.532965818000033], [120.99268821400005, 14.532966999000054], [120.99284349300002, 14.531263857000058], [120.98477680500002, 14.530348428000025], [120.97914539700002, 14.529497045000026], [120.97914223700002, 14.529580794000028], [120.97915872700003, 14.528826845000026], [120.97932366500004, 14.526061378000064], [120.97935141500011, 14.523668001000027], [120.97947228900011, 14.522520927000079], [120.97946729800005, 14.52073985900006], [120.97937278600011, 14.519198478000026], [120.9806086630001, 14.519138244000029], [120.98059530000012, 14.518783126000072], [120.97935807600005, 14.518841384000037], [120.97884198500003, 14.516645915000026], [120.97818844900007, 14.515250137000068], [120.97783106600002, 14.51432538400007], [120.97729909000009, 14.513291277000066], [120.97673804500005, 14.512492035000037], [120.9760509020001, 14.511372882000048], [120.9753128220001, 14.510011705000071], [120.974211921, 14.508107632000076], [120.97581829, 14.507155127000033], [120.97720513600005, 14.50639019500005], [120.97811251300003, 14.506089684000077], [120.98263878400007, 14.504718068000045], [120.98320894400003, 14.504487710000033], [120.9849056150001, 14.503943938000075], [120.98629891200007, 14.503595249000055], [120.98784112600003, 14.503063815000072], [120.98853483900008, 14.50295302100005], [120.9897418380001, 14.502586016000071], [120.98959690300002, 14.502075200000037], [120.98913741900004, 14.50200828300006], [120.98892270300009, 14.501622643000072], [120.98876572800009, 14.500552297000072], [120.98886109300008, 14.49965305000006], [120.98850188200004, 14.499095806000073], [120.98848564400011, 14.498522407000053], [120.98829689500009, 14.49827404300004], [120.98829750100005, 14.497669702000053], [120.98813754000004, 14.497012477000062], [120.98793997400004, 14.496707492000041], [120.98759969500009, 14.49556878500005], [120.98697282400009, 14.494243013000073], [120.98645479400011, 14.49336452800003], [120.98568709900009, 14.492326625000029], [120.9853372540001, 14.49200669500004], [120.98451735800006, 14.49183338000006], [120.98375792500008, 14.491920137000019], [120.98287546900009, 14.49174532500007], [120.98164550900005, 14.492476651000059], [120.98117700500006, 14.492935074000059], [120.98182008000003, 14.494064674000077], [120.98192676000006, 14.49451465900006], [120.98245517500004, 14.495308837000042], [120.98258931900011, 14.496150174000038], [120.98299567000004, 14.496620825000031], [120.98342394300005, 14.49630742700003], [120.9840356090001, 14.496117866000072], [120.98460775100011, 14.496276925000078], [120.98439196300002, 14.496594990000064], [120.98360853300005, 14.496661011000068], [120.98398295000003, 14.497146663000018], [120.98398710900004, 14.497598844000034], [120.98493059500004, 14.498305535000041], [120.98547536300009, 14.499005960000023], [120.98573409200002, 14.499903630000063], [120.98653564300004, 14.49997056700005], [120.98693656300009, 14.50053749400007], [120.98731337000005, 14.500529356000074], [120.98775260300012, 14.501586212000067], [120.98806607000006, 14.50195394800005], [120.98747836100006, 14.502370449000068], [120.98657891300002, 14.502440591000031], [120.98523656900011, 14.502842019000068], [120.98473163200005, 14.50329837100003], [120.98411508400012, 14.502753132000066], [120.98275089900005, 14.502016853000042], [120.98192572300002, 14.502076327000054], [120.98173277400008, 14.501909838000076], [120.98194600500005, 14.501408425000022], [120.98218450800005, 14.499811373000055], [120.98209883200003, 14.49895907200005], [120.98172679900006, 14.497513026000036], [120.98168821200012, 14.496164487000042], [120.98138090300004, 14.494006971000037], [120.98104692700008, 14.493267734000023], [120.97976454900004, 14.492894402000044], [120.97602635300007, 14.492613259000052], [120.97669134800003, 14.49240897900006], [120.97683398000004, 14.49190597800003], [120.97679624900002, 14.491273106000051], [120.97660990100009, 14.490693858000045], [120.97626195400005, 14.49011177400007], [120.9780115530001, 14.489099628000075], [120.97830117000002, 14.489264093000031], [120.978811833, 14.489010114000052], [120.978866529, 14.489308991000032], [120.97828741400008, 14.48948563600004], [120.97835449800004, 14.49025799500004], [120.9787580410001, 14.490405327000076], [120.97864405700011, 14.490852927000052], [120.97905273700009, 14.491344918000038], [120.97886222500006, 14.49190735400003], [120.97912682900007, 14.492237965000072], [120.98056903400004, 14.492772793000029], [120.98137560500004, 14.492402707000052], [120.98244016900003, 14.491702240000052], [120.98197631800008, 14.491424251000069], [120.98189334200005, 14.490667043000027], [120.98174653300009, 14.490512077000059], [120.98143308400005, 14.489008027000066], [120.98145922900007, 14.48827595700004], [120.98114528800012, 14.487679916000051], [120.98077125500004, 14.48746457600004], [120.98253557200007, 14.486382275000041], [120.98401923600011, 14.485783626000059], [120.98503007000011, 14.485313457000073], [120.984853025, 14.484930319000057], [120.985813397, 14.484435302000064], [120.98605628200005, 14.484704630000065], [120.98673452800006, 14.484115641000074], [120.98721377400012, 14.484166047000029], [120.98786596700006, 14.483882759000037], [120.9881846300001, 14.483967072000034], [120.98870663800007, 14.483448681000027], [120.98913816900006, 14.482622425000047], [120.98952517300008, 14.482288854000045], [120.98974329200007, 14.483056420000022], [120.99011221, 14.483265298000047], [120.99073072000009, 14.482824135000044], [120.9912522820001, 14.482982789000063], [120.99191954100002, 14.482917691000065], [120.99247786100013, 14.483172892000027], [120.99281317200008, 14.482735746000062], [120.99257969700011, 14.481963289000078], [120.99253519400007, 14.481262069000028], [120.99221209700009, 14.480254445000071], [120.99155637700005, 14.480070645000065], [120.99151912100001, 14.479601210000057], [120.99125335600002, 14.479427345000035], [120.99105713700008, 14.478965361000066], [120.99035422600002, 14.47833448000006], [120.99086588500006, 14.477522282000049], [120.99122467500003, 14.477514322000047], [120.9917358140001, 14.477123410000043], [120.9910708870001, 14.476456300000054], [120.991210689, 14.476079693000031], [120.99181411600013, 14.475688821000062], [120.99215363300004, 14.476066854000067], [120.99313652000002, 14.476216641000065], [120.99316219800005, 14.475738750000062], [120.993574469, 14.47548625200005], [120.99450029500008, 14.475248019000048], [120.99472711500005, 14.474986962000065], [120.99543468000002, 14.474979829000063], [120.99573710600009, 14.474382108000043], [120.99624352900001, 14.474470554000055], [120.996718567, 14.47425229300006], [120.99696607200009, 14.473422759000076], [120.99727634500006, 14.473101787000077], [120.99737477700012, 14.472650286000032], [120.998014581, 14.471914191000055], [120.99799104300008, 14.471612477000066], [120.99868971000002, 14.471359872000052], [120.99939476000009, 14.470527592000053], [120.9999810690001, 14.470013323000043], [121.00006791800003, 14.46967614300007], [121.00064773100009, 14.469146206000062], [121.0014835600001, 14.467717740000069], [121.00221383300004, 14.46725885300003], [121.00193204900008, 14.466085041000044], [121.00200686400002, 14.465093748000072], [121.00191722000011, 14.464224411000034], [121.0016058430001, 14.463171489000048], [121.00143263100006, 14.46190537700005], [121.00170817300011, 14.461515628000031], [121.00166749200004, 14.460551459000044], [121.00213874100007, 14.460441952000053], [121.00237712800003, 14.458906174000049], [121.00259440700007, 14.458399191000069], [121.00257236400013, 14.457829229000026], [121.00209372200004, 14.45780403700007], [121.00172214400004, 14.457230926000019], [121.00259440700007, 14.455826489000064], [121.00183750400005, 14.454892959000063], [121.0017690320001, 14.45435369100005], [121.00157225700002, 14.454077142000074], [121.00175103200003, 14.453732070000058], [121.00282496200009, 14.453995703000034], [121.00411656000006, 14.455022358000063], [121.00515852700005, 14.45451501100007], [121.00653868000008, 14.45396975400007], [121.01079507700003, 14.45266492100006], [121.01121079700012, 14.452593389000068], [121.01161584400006, 14.451621013000024], [121.01191554700006, 14.451476123000079], [121.01238594200004, 14.45095610900006], [121.01247724200003, 14.450277311000033], [121.0129169180001, 14.449687193000042], [121.01306688000011, 14.449215884000068], [121.01307759200006, 14.448562477000053], [121.01434155900006, 14.447812666000058], [121.01467850300001, 14.447132929000075], [121.01413139400007, 14.446262225000053], [121.0140580010001, 14.445635051000068], [121.01542911000001, 14.445178014000021], [121.01579992900008, 14.444036152000022], [121.01687313100001, 14.441675514000053], [121.01698862900004, 14.441272188000026], [121.02064535500007, 14.435414469000024], [121.0207609130001, 14.43528309800007], [121.02146096500009, 14.435739096000077], [121.02233442500007, 14.436073066000061], [121.02300236500004, 14.436150136000036], [121.0243382450001, 14.436169403000063], [121.02426, 14.43722], [121.02684737600009, 14.439347015000068], [121.0279942190001, 14.440199183000061], [121.03313923200007, 14.442494227000056], [121.03421969200006, 14.441895093000028], [121.03449233100002, 14.441433962000076], [121.03500079500007, 14.441258319000044], [121.03537667700006, 14.440866374000048], [121.03590355300003, 14.440612574000058], [121.0363984820001, 14.440122429000041], [121.03668033500001, 14.440158564000058], [121.0378294300001, 14.440837903000046], [121.03777884000012, 14.441076394000044], [121.03865330800011, 14.441611193000025], [121.03881953000007, 14.442117083000026], [121.03924592300007, 14.442254396000068], [121.0396867700001, 14.442044813000058], [121.04010593700002, 14.442348347000063], [121.04014635900012, 14.44296846700007], [121.04048913300007, 14.442913623000038], [121.04106696500003, 14.443779256000028], [121.04141463600001, 14.443858062000066], [121.04128438700002, 14.44491853400007], [121.04137525500005, 14.446516292000066], [121.04109789200004, 14.447527854000038], [121.04074, 14.44837], [121.04245, 14.44919], [121.04290591000006, 14.449209906000021], [121.04296150500011, 14.45010868700006], [121.042100419, 14.451853967000037], [121.04261175500007, 14.452620971000043], [121.0431571800001, 14.452697671000063], [121.04316570200002, 14.452433481000075], [121.04356624900004, 14.45212667900006], [121.04504060200009, 14.452135201000035], [121.04515791100006, 14.452245447000054], [121.04416844100001, 14.453706491000046], [121.04470951100008, 14.453892401000072], [121.04530279000006, 14.455448395000074], [121.0452705240001, 14.45856992900008], [121.04530549000003, 14.459299420000038], [121.04633027200009, 14.46064528200003], [121.04645529800007, 14.461603443000056], [121.04637859800006, 14.462029556000061], [121.04599326600011, 14.46226666100006], [121.04566878900005, 14.464045693000061], [121.04621352300002, 14.464512608000064], [121.04568175900012, 14.465679895000044], [121.0466221690001, 14.467478038000026], [121.04668523600003, 14.467856441000034], [121.04648715700012, 14.470136236000027], [121.0467372280001, 14.470924338000035], [121.04731071900007, 14.472155192000056], [121.04760455100008, 14.472490142000023], [121.04790027200012, 14.473408412000026], [121.04817243500008, 14.474863256000049], [121.04811377400006, 14.47578772500003], [121.04700006200005, 14.479180741000047], [121.04609510700004, 14.480890449000075], [121.04585724300011, 14.481629635000047], [121.04611136100004, 14.481706168000075], [121.0466308250001, 14.485561042000029], [121.04673818000003, 14.487347435000057], [121.04662020100011, 14.487490543000037], [121.04703569000003, 14.489084954000077], [121.04699205500003, 14.48922116700004], [121.04722452300007, 14.490435553000058], [121.04731585900004, 14.491424255000023], [121.04749458900004, 14.491601991000039], [121.04772115000002, 14.492622752000045], [121.04740704500011, 14.496191984000069], [121.04723134300002, 14.497099411000022], [121.04686590800009, 14.500259387000028], [121.04662355900008, 14.500319018000027], [121.04486460400005, 14.50116652200006], [121.04384890300004, 14.501736595000072], [121.04203357800009, 14.503324213000035], [121.03872551300003, 14.504722076000066], [121.03654920300005, 14.503924436000034], [121.03569, 14.50551], [121.03527359300006, 14.506378342000062]]]}, "properties": {"city": "Paranaque", "outdoor_courts": 93, "covered_courts": 83, "total_courts": 176, "population_2024": 703245, "courts_per_100k": 25.03, "land_area_km2": 44.98, "courts_per_km2": 3.91}, "id": 1381000000}, {"type": "Feature", "geometry": {"type": "Polygon", "coordinates": [[[120.9988221530001, 14.56171635700002], [120.99775164200003, 14.561617348000027], [120.99697688300013, 14.561354575000056], [120.99688551500002, 14.561107296000047], [120.99563678000004, 14.560801544000073], [120.99288242000011, 14.560036941000021], [120.9907344930001, 14.55949078200007], [120.99056534600005, 14.559256592000054], [120.98990773700005, 14.559077735000074], [120.98978873300008, 14.559367554000058], [120.98751161400004, 14.558607406000023], [120.98717909800006, 14.559518953000063], [120.98678599600011, 14.560332775000067], [120.98585121000008, 14.560059590000035], [120.98235756300005, 14.558161812000037], [120.98189803600006, 14.558922266000023], [120.98101797000005, 14.56055051900006], [120.979919848, 14.56241295400003], [120.97977547000006, 14.562418400000071], [120.98228129900006, 14.558095897000044], [120.97989871000004, 14.556799144000022], [120.97848884800011, 14.555839239000022], [120.97863819300004, 14.555508053000041], [120.97919298400008, 14.553710129000018], [120.9798834620001, 14.551670463000049], [120.98043317400004, 14.54959509900004], [120.98051994800005, 14.548973634000049], [120.98094652300006, 14.54761454100003], [120.98160872000005, 14.544944213000061], [120.98194084500007, 14.544047691000062], [120.98237955900004, 14.543978331000067], [120.98259492800001, 14.543574507000075], [120.98280159700005, 14.542755799000076], [120.98222196300003, 14.542614367000052], [120.98226600200007, 14.542354196000073], [120.97866733200009, 14.54150651400005], [120.97870202100012, 14.540112903000022], [120.9788531600001, 14.536974855000036], [120.97890720000011, 14.53508469500002], [120.97906386800003, 14.532129448000035], [120.97912995200011, 14.52998583300007], [120.980154243, 14.530113934000042], [120.98014952700008, 14.52966110100004], [120.97914223700002, 14.529580794000028], [120.97914539700002, 14.529497045000026], [120.98477680500002, 14.530348428000025], [120.99284349300002, 14.531263857000058], [120.99268821400005, 14.532966999000054], [120.99295110700007, 14.532965818000033], [120.99652843500007, 14.533448498000041], [120.99813978400003, 14.533080166000047], [120.9988313140001, 14.532654936000029], [120.99894392800003, 14.53223510400005], [120.99945531700007, 14.531529023000076], [120.99929831900009, 14.53084869800005], [120.99968209200006, 14.530050624000069], [120.9998085620001, 14.529582239000028], [120.99971686700007, 14.528940371000035], [120.99913613000001, 14.527819650000026], [120.99835162400007, 14.527493621000074], [120.99833124800011, 14.527269477000065], [120.99878085700004, 14.524227089000021], [120.99894404400005, 14.523326539000037], [120.99891249700012, 14.52186846300003], [120.99914692600008, 14.52045072900006], [120.99947066100005, 14.519691627000043], [120.99934786500013, 14.519300913000052], [120.9987562120001, 14.518173423000064], [120.998209212, 14.517425485000041], [120.99801943600006, 14.516945465000047], [121.00052432900007, 14.51686796100006], [121.00071506200004, 14.515466489000065], [121.00108305700009, 14.51374042800006], [121.0009689430001, 14.512944360000061], [121.00111301800005, 14.511842245000027], [121.00074923600005, 14.511462174000028], [121.00032030000011, 14.51150018100003], [121.00022256700005, 14.510224230000064], [121.0001100940001, 14.510090435000052], [120.99948601300002, 14.507655509000074], [120.99980507900011, 14.507548383000028], [121.0012187530001, 14.506799297000043], [121.00216511800012, 14.50945277300008], [121.00272291500004, 14.50947793600005], [121.00341850600013, 14.509809170000043], [121.00401606700007, 14.509846541000059], [121.00426734000008, 14.510606672000048], [121.00478805300008, 14.511122973000056], [121.00519844600002, 14.510716993000075], [121.00607218600011, 14.510646387000067], [121.00626342600005, 14.510784302000044], [121.00718178100009, 14.510823009000038], [121.00773140800004, 14.510553718000041], [121.00785055500013, 14.509702043000058], [121.00870223000004, 14.509388732000046], [121.0090478200001, 14.508602823000045], [121.00977263200002, 14.508428590000053], [121.00985626400005, 14.508156785000038], [121.01442396900006, 14.50418128300004], [121.0170700000001, 14.50262], [121.01776599600008, 14.502662242000044], [121.01830900900006, 14.502392766000069], [121.01938075700002, 14.502097732000037], [121.02016, 14.50236], [121.02028003500004, 14.502681935000055], [121.02072639200003, 14.503029830000056], [121.0215665930001, 14.504066954000049], [121.02191, 14.50438], [121.02343867600007, 14.505245665000077], [121.02390983200007, 14.504798651000048], [121.02445805900005, 14.504748482000029], [121.0252464250001, 14.505120935000035], [121.02564661100007, 14.505109296000057], [121.02783235500011, 14.50554872000004], [121.02878806900004, 14.505004543000043], [121.02941636100002, 14.505159732000038], [121.029926627, 14.505522473000042], [121.0318370120001, 14.506583670000053], [121.03412709800013, 14.50681719800002], [121.03437569300002, 14.50637776300005], [121.03477495100002, 14.506222077000073], [121.03527359300006, 14.506378342000062], [121.03491299300005, 14.50715832600002], [121.03377483200006, 14.509099651000039], [121.03272145900007, 14.511184193000076], [121.02884810700004, 14.517985528000054], [121.02670859700005, 14.522048289000056], [121.02564362600003, 14.524120495000034], [121.0222366910001, 14.530536428000062], [121.02174932300011, 14.53020596400006], [121.02121194400002, 14.530175525000057], [121.02033141100004, 14.529854586000052], [121.01902482100003, 14.53054370500007], [121.01843568900004, 14.530512884000068], [121.01804818200003, 14.530122455000027], [121.01732365600004, 14.53016875100008], [121.01685265200003, 14.529570789000047], [121.0162940560001, 14.529632177000055], [121.01608967700008, 14.529908436000023], [121.01584046800009, 14.530864889000041], [121.015580655, 14.53087197700006], [121.01383638000003, 14.53016868000003], [121.01315515400005, 14.530429104000067], [121.01263901100005, 14.53040670700005], [121.01217785500013, 14.529659042000045], [121.01181661200008, 14.530098235000027], [121.01224285500005, 14.530498584000041], [121.01230699300005, 14.530835534000058], [121.01221609300002, 14.531617785000039], [121.01294259500004, 14.533076891000063], [121.01310684700003, 14.534169803000053], [121.01297418200011, 14.534605703000071], [121.01290578800003, 14.53557617100006], [121.01303735600005, 14.538516177000082], [121.01294378600006, 14.539075190000068], [121.01081681000005, 14.538752571000034], [121.01102291700009, 14.539937241000075], [121.011012058, 14.540406038000073], [121.00901621700007, 14.540370066000035], [121.00938329300003, 14.541222904000053], [121.00948817100004, 14.542100241000073], [121.00969709900006, 14.542607328000035], [121.00969852000003, 14.54356234600004], [121.00884797700006, 14.544746486000069], [121.00857109000003, 14.54569771900003], [121.00856647400008, 14.546090437000029], [121.00880182900005, 14.546644487000039], [121.00918986500007, 14.547094688000069], [121.00929099700011, 14.547564459000057], [121.0087317320001, 14.548634387000048], [121.00777176800011, 14.548830192000022], [121.00746490600011, 14.549137837000048], [121.00723036300008, 14.549986884000074], [121.00616614800005, 14.550355600000048], [121.00471404100007, 14.551041079000072], [121.00218636900001, 14.55212152100006], [121.00150473300005, 14.552706514000024], [121.00135886600003, 14.553339082000045], [121.00106930000005, 14.553985310000032], [121.00016999200011, 14.55481578900003], [121.00004697800011, 14.55593139800004], [120.99970338700007, 14.556652514000064], [120.99977033300001, 14.557280873000023], [121.0001197780001, 14.557864780000044], [120.99979669800007, 14.558260162000064], [120.99973308000006, 14.559087342000062], [120.99956764800005, 14.559396997000023], [120.99899923800001, 14.559549704000062], [120.99902997900006, 14.560229064000056], [120.99938662300008, 14.561056049000058], [120.99930926300011, 14.561482502000045], [120.9988221530001, 14.56171635700002]]]}, "properties": {"city": "Pasay", "outdoor_courts": 11, "covered_courts": 17, "total_courts": 28, "population_2024": 453186, "courts_per_100k": 6.18, "land_area_km2": 17.95, "courts_per_km2": 1.56}, "id": 1381100000}, {"type": "Feature", "geometry": {"type": "Polygon", "coordinates": [[[121.05738463300008, 14.466723355000058], [121.0578638610001, 14.46680985600005], [121.05807749200007, 14.467247433000066], [121.05734070900009, 14.46789030800005], [121.05751183400002, 14.468304185000015], [121.05787041000009, 14.468250341000042], [121.05822356300008, 14.468556661000033], [121.05924105800011, 14.468244364000041], [121.05949887500003, 14.468703451000067], [121.05929284500007, 14.469177004000075], [121.0601918540001, 14.471981908000028], [121.05997842700005, 14.472333501000039], [121.0604424390001, 14.472900148000058], [121.06064140300009, 14.473517082000056], [121.0610464340001, 14.473782425000028], [121.06121598100003, 14.474133134000054], [121.06082569600005, 14.47432772500002], [121.06098047600007, 14.47490879900005], [121.06160652200003, 14.475626061000073], [121.06179821700005, 14.476558663000048], [121.06167324600005, 14.477283294000078], [121.06190910500005, 14.478158491000046], [121.06232885400004, 14.478359259000056], [121.06231300700006, 14.479618582000061], [121.0617779790001, 14.479700032000043], [121.06198722800002, 14.480703264000054], [121.06187158000012, 14.48091006300007], [121.06218095100007, 14.48134043600004], [121.06219580800007, 14.481809150000059], [121.0625247150001, 14.481880805000056], [121.06256914500013, 14.482775182000069], [121.06251833000012, 14.48362080000004], [121.06237705900004, 14.48398624500004], [121.06266980400005, 14.484627067000076], [121.06299573300008, 14.484565759000079], [121.06319038000005, 14.484954312000069], [121.0628696770001, 14.485650913000027], [121.06234744400001, 14.485894020000044], [121.06202550900004, 14.486204032000046], [121.06217873200002, 14.486445046000028], [121.06225360200006, 14.487357590000046], [121.06217712200011, 14.487713453000028], [121.0627246020001, 14.48822128500007], [121.063154906, 14.48877318600006], [121.0636401480001, 14.49047693700004], [121.06393811800001, 14.491747294000051], [121.06460148700012, 14.49401297600002], [121.06530790000011, 14.496766716000026], [121.06586681200008, 14.49823645600003], [121.06619834000003, 14.498783398000054], [121.06635828700007, 14.500125533000073], [121.06677292900008, 14.501563251000055], [121.06738414200005, 14.503185316000048], [121.06813269400006, 14.504713517000024], [121.06880540500003, 14.505753611000042], [121.06932934800011, 14.506686393000052], [121.08141237700012, 14.505146132000052], [121.08271470000011, 14.505055543000028], [121.08422131600004, 14.505268161000055], [121.08524669300004, 14.505624271000043], [121.08598790300005, 14.506060288000073], [121.08666418000007, 14.506587045000053], [121.08753176100002, 14.50752711500007], [121.08828233100007, 14.508806965000076], [121.08856997200007, 14.509602599000058], [121.08935376700003, 14.511263666000051], [121.08978477100005, 14.51195362000004], [121.09063778000007, 14.513512516000047], [121.09130578900009, 14.515056413000025], [121.09199679700009, 14.516327329000037], [121.09139679800012, 14.516545318000055], [121.09212280500003, 14.51779423400006], [121.09246680500007, 14.51763824200003], [121.09265581000012, 14.51853718300004], [121.092958812, 14.518980154000076], [121.09348982000006, 14.520148077000046], [121.09458881600005, 14.519616104000018], [121.0951388210001, 14.520420050000038], [121.09383482400006, 14.521060017000027], [121.09393882900008, 14.52184096600007], [121.09447449100001, 14.521435467000064], [121.09620749500004, 14.522171409000068], [121.0970565030001, 14.523464322000054], [121.09847851000008, 14.524605241000074], [121.09928782100008, 14.525175543000044], [121.1010505710001, 14.527590912000047], [121.1015059450001, 14.527024380000057], [121.1024699400001, 14.526136431000054], [121.10210440800005, 14.524414682000044], [121.10247570600008, 14.524309028000063], [121.10264856800006, 14.527728515000037], [121.10384570800011, 14.530768855000076], [121.1033378410001, 14.531997657000032], [121.10312960100009, 14.532247055000026], [121.1025833670001, 14.534944976000077], [121.10245277100012, 14.535172117000059], [121.1018208910001, 14.53558923900005], [121.0999719900001, 14.536655646000042], [121.09861658900002, 14.537761749000024], [121.09772677700006, 14.53935776000003], [121.09684195600006, 14.54022568300007], [121.09628064200002, 14.540916531000049], [121.09618083900011, 14.541595826000052], [121.09640908400003, 14.54295294000008], [121.09633844300005, 14.543526290000043], [121.09603956500008, 14.544073339000025], [121.09502336700007, 14.544804492000022], [121.09461579500011, 14.54528316000005], [121.09436799700006, 14.546736230000024], [121.09128802100008, 14.545980051000075], [121.09008294100009, 14.545883547000077], [121.08873008700004, 14.545395189000033], [121.08782208900006, 14.545304730000057], [121.08775358300012, 14.546951751000055], [121.08357535500012, 14.547178684000071], [121.08192008300011, 14.547445663000074], [121.08109244600007, 14.547432314000044], [121.08078441200007, 14.546905540000067], [121.080071502, 14.54666790400006], [121.07960285600007, 14.54668392800005], [121.07878705000009, 14.54693091500007], [121.07805766000001, 14.546894164000035], [121.07741379400011, 14.545997993000071], [121.07676465500002, 14.545462334000037], [121.07604300800007, 14.54521303800004], [121.07574122800008, 14.544845654000026], [121.07515078900008, 14.543494205000057], [121.07419296600007, 14.543021854000074], [121.07306457200002, 14.542654470000059], [121.07206738700005, 14.541959064000025], [121.07171233100007, 14.541126032000024], [121.07253079400003, 14.540724993000024], [121.07236400800002, 14.539359227000036], [121.07171963000008, 14.53914232100004], [121.07234130400003, 14.53887171700006], [121.0726879250001, 14.538078582000027], [121.07198997200011, 14.537816496000062], [121.07103374800012, 14.53785715600003], [121.07051531000002, 14.53805889900008], [121.06989237700009, 14.538077174000021], [121.06841849700004, 14.538277522000044], [121.06698321500005, 14.538150757000041], [121.06641223300004, 14.537754094000032], [121.06721034200007, 14.536801957000026], [121.06720877000011, 14.53628527600006], [121.06664600200008, 14.535576625000033], [121.06555151900011, 14.53518891300007], [121.06432556800007, 14.535163309000042], [121.06328005800003, 14.53525353200007], [121.0617142540001, 14.535277307000062], [121.06126890500002, 14.534941237000055], [121.06121234200009, 14.533841803000032], [121.06147566600009, 14.532725046000053], [121.06100675000005, 14.532437145000074], [121.05994628700012, 14.531538617000022], [121.05973016200005, 14.531029767000065], [121.05890812800011, 14.53119676800003], [121.05929120200005, 14.53241093900004], [121.05873831100008, 14.532644795000065], [121.05838717400002, 14.533084966000045], [121.05853689500009, 14.53368851300007], [121.05815354500011, 14.533994712000034], [121.05854899200006, 14.535632007000059], [121.05779210700007, 14.536210857000068], [121.05820923600005, 14.536831462000068], [121.0587925300001, 14.537302496000052], [121.05877974500004, 14.537557579000062], [121.05779508800003, 14.538742134000076], [121.05728313700003, 14.539683324000064], [121.05653795200008, 14.54078455900003], [121.05585910500007, 14.541525120000074], [121.05590685300001, 14.54216903200006], [121.05550333100008, 14.542340038000074], [121.05466490700007, 14.541129210000063], [121.05413268800008, 14.541528656000027], [121.05328143400004, 14.542459378000046], [121.05354691500008, 14.539617295000026], [121.05311337300007, 14.539418588000041], [121.05327595100005, 14.538930853000068], [121.05190951800012, 14.538203587000051], [121.05160950300002, 14.53767498900004], [121.05169522200003, 14.53711781800007], [121.05155845400009, 14.535643612000055], [121.04733100300005, 14.53567856600006], [121.04699974500012, 14.53548545600006], [121.04646101700007, 14.535643601000055], [121.0469310090001, 14.537134453000021], [121.04698798600009, 14.541464736000027], [121.046393995, 14.542844201000033], [121.046037081, 14.54222735900004], [121.04595665700005, 14.541819049000026], [121.04532962700013, 14.541593990000026], [121.04527945300003, 14.541282917000046], [121.04472253200004, 14.54079623800004], [121.04410540300012, 14.540891567000074], [121.0431119750001, 14.540354715000037], [121.04243206500009, 14.540711738000025], [121.04168705900008, 14.540715961000048], [121.04069864900009, 14.540299524000034], [121.04040262700006, 14.53991319100004], [121.03970020400006, 14.53983291400004], [121.03932390600005, 14.53915056000005], [121.03944432100002, 14.538623742000027], [121.03922857700003, 14.537444674000032], [121.03869674200006, 14.53697806400004], [121.03863151700011, 14.53672719900004], [121.03811473400003, 14.536255572000073], [121.03738722400011, 14.535979620000036], [121.03694068300001, 14.536145191000058], [121.03639379600008, 14.535884291000059], [121.03577666700005, 14.535809031000039], [121.03523479800003, 14.535583252000041], [121.034401924, 14.534554703000024], [121.033448635, 14.533932557000071], [121.03241506900008, 14.534509548000072], [121.03167752400009, 14.534479444000056], [121.0312109140001, 14.53492598400004], [121.03019809800004, 14.534673097000052], [121.02999704600008, 14.534317067000078], [121.02952792400004, 14.534304501000065], [121.029343626, 14.533994545000036], [121.0289875950001, 14.533877265000058], [121.02863720900005, 14.533443947000023], [121.02812997600006, 14.53314658400007], [121.02735404500004, 14.532943209000042], [121.02651239300008, 14.532098977000032], [121.02561980900009, 14.532186543000025], [121.02496136800005, 14.53210108300004], [121.0248999580001, 14.531498061000036], [121.02431998100009, 14.531505780000028], [121.02424329100005, 14.531144175000067], [121.02327191100005, 14.531206845000042], [121.02304361400003, 14.530812921000065], [121.02257806800003, 14.53080396800004], [121.0222366910001, 14.530536428000062], [121.02564362600003, 14.524120495000034], [121.02670859700005, 14.522048289000056], [121.02884810700004, 14.517985528000054], [121.03272145900007, 14.511184193000076], [121.03377483200006, 14.509099651000039], [121.03491299300005, 14.50715832600002], [121.03527359300006, 14.506378342000062], [121.03569, 14.50551], [121.03654920300005, 14.503924436000034], [121.03872551300003, 14.504722076000066], [121.04203357800009, 14.503324213000035], [121.04384890300004, 14.501736595000072], [121.04486460400005, 14.50116652200006], [121.04662355900008, 14.500319018000027], [121.04686590800009, 14.500259387000028], [121.04723134300002, 14.497099411000022], [121.04740704500011, 14.496191984000069], [121.04772115000002, 14.492622752000045], [121.04749458900004, 14.491601991000039], [121.04731585900004, 14.491424255000023], [121.04722452300007, 14.490435553000058], [121.04699205500003, 14.48922116700004], [121.04703569000003, 14.489084954000077], [121.04662020100011, 14.487490543000037], [121.04673818000003, 14.487347435000057], [121.0466308250001, 14.485561042000029], [121.04611136100004, 14.481706168000075], [121.04585724300011, 14.481629635000047], [121.04609510700004, 14.480890449000075], [121.04700006200005, 14.479180741000047], [121.04811377400006, 14.47578772500003], [121.04817243500008, 14.474863256000049], [121.04790027200012, 14.473408412000026], [121.04760455100008, 14.472490142000023], [121.04731071900007, 14.472155192000056], [121.0467372280001, 14.470924338000035], [121.04648715700012, 14.470136236000027], [121.04668523600003, 14.467856441000034], [121.04694144600002, 14.467927391000048], [121.04752875900012, 14.467753957000067], [121.04772233200003, 14.467472914000039], [121.04843757600008, 14.467038158000035], [121.0488933690001, 14.466968036000026], [121.05049916100008, 14.467164378000064], [121.05137167800001, 14.467390566000063], [121.05206959600004, 14.467475381000039], [121.0531952660001, 14.467212420000063], [121.05366170200013, 14.467205850000024], [121.05385878800007, 14.467517903000042], [121.05448414400007, 14.467641169000046], [121.054938997, 14.46705878600005], [121.05564040700006, 14.46675271700007], [121.05607221900003, 14.466974051000022], [121.05703322800002, 14.466867460000062], [121.05738463300008, 14.466723355000058]]]}, "properties": {"city": "Taguig", "outdoor_courts": 125, "covered_courts": 73, "total_courts": 198, "population_2024": 1308085, "courts_per_100k": 15.14, "land_area_km2": 35.66, "courts_per_km2": 5.55}, "id": 1381500000}, {"type": "Feature", "geometry": {"type": "Polygon", "coordinates": [[[121.07805766000001, 14.546894164000035], [121.07734404200005, 14.546629719000068], [121.07663598100008, 14.547225526000037], [121.074889535, 14.547957003000022], [121.07502077900006, 14.548842344000038], [121.07582496400005, 14.549826778000067], [121.07383987800004, 14.550679098000051], [121.0733587960001, 14.550948619000051], [121.07298670500008, 14.551652334000035], [121.07230413700006, 14.551312164000024], [121.070956066, 14.552397345000024], [121.07006109200005, 14.55201889800003], [121.06971954500011, 14.552380925000023], [121.06853298100008, 14.552166790000058], [121.06806516000005, 14.55197344000004], [121.06616345900011, 14.552179986000052], [121.06546257500008, 14.552184556000046], [121.0646099380001, 14.551868935000073], [121.06431954100005, 14.551917179000043], [121.0644524920001, 14.55116879100006], [121.06491663800011, 14.550816321000067], [121.06550144000005, 14.550556315000051], [121.06662473200004, 14.550398037000036], [121.0671018170001, 14.550142099000025], [121.06744612400009, 14.549538239000071], [121.06746195000004, 14.54914952700005], [121.0671290150001, 14.548576712000049], [121.06627210900002, 14.548098883000021], [121.06582854700002, 14.54766842000004], [121.06570687400006, 14.54734790500004], [121.06570742000008, 14.546331989000066], [121.06532694900011, 14.545502256000075], [121.06463096700008, 14.544930301000022], [121.0644183180001, 14.544496043000036], [121.0642771140001, 14.543228573000022], [121.0638743720001, 14.542714198000052], [121.06341970900007, 14.54268554000004], [121.0629882290001, 14.543171031000043], [121.06284617200002, 14.544148722000045], [121.06265666700004, 14.54456232700005], [121.06197803700002, 14.545327943000075], [121.06160133500009, 14.545361805000033], [121.06111741000008, 14.544945142000072], [121.06091744900004, 14.544062659000069], [121.0611591510001, 14.543725279000059], [121.06201491000003, 14.543251305000071], [121.062464351, 14.542771136000052], [121.06260937700006, 14.542221699000034], [121.06234117300006, 14.541257481000063], [121.06268263200003, 14.540706019000027], [121.06315719300004, 14.540347774000056], [121.0646255920001, 14.539801893000059], [121.06513563600005, 14.539287019000025], [121.06568554400008, 14.53842582900006], [121.06641223300004, 14.537754094000032], [121.06698321500005, 14.538150757000041], [121.06841849700004, 14.538277522000044], [121.06989237700009, 14.538077174000021], [121.07051531000002, 14.53805889900008], [121.07103374800012, 14.53785715600003], [121.07198997200011, 14.537816496000062], [121.0726879250001, 14.538078582000027], [121.07234130400003, 14.53887171700006], [121.07171963000008, 14.53914232100004], [121.07236400800002, 14.539359227000036], [121.07253079400003, 14.540724993000024], [121.07171233100007, 14.541126032000024], [121.07206738700005, 14.541959064000025], [121.07306457200002, 14.542654470000059], [121.07419296600007, 14.543021854000074], [121.07515078900008, 14.543494205000057], [121.07574122800008, 14.544845654000026], [121.07604300800007, 14.54521303800004], [121.07676465500002, 14.545462334000037], [121.07741379400011, 14.545997993000071], [121.07805766000001, 14.546894164000035]]]}, "properties": {"city": "Pateros", "outdoor_courts": 3, "covered_courts": 10, "total_courts": 13, "population_2024": 67319, "courts_per_100k": 19.31, "land_area_km2": 1.61, "courts_per_km2": 8.05}, "id": 1381701000}]}